Project ID,Type,File Reference,Description,Captured At,Source,Hash
MP-ODI-2025-0001,PHOTO,/evidence/MP-ODI-2025-0001/photo_625.jpg,Site progress photo,2025-04-08,Field Officer App,sha256:ac260e1cfb64fe71aab10e1eaf782659
MP-UP-2023-0001,PHOTO,/evidence/MP-UP-2023-0001/photo_374.jpg,Site progress photo,2023-08-27,Field Officer App,sha256:2a329a1313d33a11b4645510c424d631
MP-ASM-2024-0001,PHOTO,/evidence/MP-ASM-2024-0001/photo_198.jpg,Site progress photo,2024-06-23,Field Officer App,sha256:d22f668d425713bb10594f2a8f7d472e
MP-BHR-2025-0001,PHOTO,/evidence/MP-BHR-2025-0001/photo_584.jpg,Site progress photo,2025-02-26,Field Officer App,sha256:e5d6610e8d5b46303334ee6f47d2359c
MP-KAR-2023-0001,PHOTO,/evidence/MP-KAR-2023-0001/photo_316.jpg,Site progress photo,2023-04-09,Field Officer App,sha256:e2406c4cab677a6b25d00c8e77f7ec25
MP-KAR-2023-0002,PHOTO,/evidence/MP-KAR-2023-0002/photo_422.jpg,Site progress photo,2023-12-20,Field Officer App,sha256:c1755d50268d3ee9c032db7a2fa134cd
MP-ODI-2025-0002,PHOTO,/evidence/MP-ODI-2025-0002/photo_88.jpg,Site progress photo,2025-09-06,Field Officer App,sha256:361f8c69e9b745d47d9c4c358990befb
MP-GUJ-2024-0001,PHOTO,/evidence/MP-GUJ-2024-0001/photo_575.jpg,Site progress photo,2024-09-15,Field Officer App,sha256:884b87745b40a0c4a06ce9c0640018f2
MP-DEL-2023-0002,PHOTO,/evidence/MP-DEL-2023-0002/photo_86.jpg,Site progress photo,2023-12-16,Field Officer App,sha256:45de98962a6f64e26072cf3b3c0d9ea1
MP-DEL-2022-0001,PHOTO,/evidence/MP-DEL-2022-0001/photo_663.jpg,Site progress photo,2023-01-24,Field Officer App,sha256:73b86e13e104c68ab8ea12664dce0f96
MP-PUN-2025-0001,PHOTO,/evidence/MP-PUN-2025-0001/photo_583.jpg,Site progress photo,2025-05-06,Field Officer App,sha256:397319e4eb4a8456a6d5b21021b41676
MP-BHR-2022-0001,PHOTO,/evidence/MP-BHR-2022-0001/photo_176.jpg,Site progress photo,2023-01-16,Field Officer App,sha256:1ffc51e0c8c3b606a64e665622ea8901
MP-ODI-2023-0002,PHOTO,/evidence/MP-ODI-2023-0002/photo_402.jpg,Site progress photo,2023-10-14,Field Officer App,sha256:8128b423d3867b6f89da725a1511ba4b
MP-MP-2022-0001,PHOTO,/evidence/MP-MP-2022-0001/photo_916.jpg,Site progress photo,2022-08-06,Field Officer App,sha256:d0a9fe628555c00e1d8853c8ec8ada5e
MP-KER-2022-0001,PHOTO,/evidence/MP-KER-2022-0001/photo_631.jpg,Site progress photo,2023-03-22,Field Officer App,sha256:72b38da265b33c7603c1c3fdb3179ef8
MP-TEL-2023-0003,PHOTO,/evidence/MP-TEL-2023-0003/photo_606.jpg,Site progress photo,2024-02-17,Field Officer App,sha256:bbc724ceb364e4d540e9e0edfdadf92f
MP-ASM-2023-0002,PHOTO,/evidence/MP-ASM-2023-0002/photo_64.jpg,Site progress photo,2023-09-29,Field Officer App,sha256:5b78043315d340828971763bd0099c4f
MP-DEL-2022-0002,PHOTO,/evidence/MP-DEL-2022-0002/photo_242.jpg,Site progress photo,2023-01-22,Field Officer App,sha256:4b21fcf2c62a5cdc5b953108087c82a5
MP-ODI-2022-0001,PHOTO,/evidence/MP-ODI-2022-0001/photo_104.jpg,Site progress photo,2023-05-17,Field Officer App,sha256:9550c8fce440ce23a0d47fcd0b104ae1
MP-PUN-2023-0001,PHOTO,/evidence/MP-PUN-2023-0001/photo_16.jpg,Site progress photo,2024-06-14,Field Officer App,sha256:3b8de76d9a246ad9bce3c9b55b715c1d
MP-NAG-2024-0001,PHOTO,/evidence/MP-NAG-2024-0001/photo_256.jpg,Site progress photo,2024-04-02,Field Officer App,sha256:b89b953214919671a4e443c47fdbb7ac
MP-ASM-2024-0002,PHOTO,/evidence/MP-ASM-2024-0002/photo_142.jpg,Site progress photo,2025-01-31,Field Officer App,sha256:59cb56bffc7c3f8d78e181103793216b
MP-NAG-2025-0001,PHOTO,/evidence/MP-NAG-2025-0001/photo_441.jpg,Site progress photo,2025-08-18,Field Officer App,sha256:ade772e3634a369d7d6e41b0a6ee88c1
MP-KER-2024-0001,PHOTO,/evidence/MP-KER-2024-0001/photo_246.jpg,Site progress photo,2025-01-15,Field Officer App,sha256:af8cd4dff2a5cb5fb0fe63c732d2bc13
MP-NAG-2023-0001,PHOTO,/evidence/MP-NAG-2023-0001/photo_674.jpg,Site progress photo,2023-12-26,Field Officer App,sha256:55de26b14b9e8b93570dec229470a2cb
MP-KAR-2024-0001,PHOTO,/evidence/MP-KAR-2024-0001/photo_262.jpg,Site progress photo,2024-04-26,Field Officer App,sha256:cbd8dfab7f2955a7ee47bd1e002f0f77
MP-KER-2024-0002,PHOTO,/evidence/MP-KER-2024-0002/photo_922.jpg,Site progress photo,2024-05-31,Field Officer App,sha256:5fbdd7c6d6b6289b384e03dc96982948
MP-MP-2025-0001,PHOTO,/evidence/MP-MP-2025-0001/photo_289.jpg,Site progress photo,2025-09-09,Field Officer App,sha256:f65da8b97ba57c2d0e19f2ebd5b0e246
MP-DEL-2025-0001,PHOTO,/evidence/MP-DEL-2025-0001/photo_289.jpg,Site progress photo,2025-03-18,Field Officer App,sha256:409bcfc58bdbb6378e39f1e7a0d1567e
MP-MP-2022-0002,PHOTO,/evidence/MP-MP-2022-0002/photo_41.jpg,Site progress photo,2023-02-07,Field Officer App,sha256:143a0fb883677ec5e820b9ddf639ff96
MP-KAR-2024-0002,PHOTO,/evidence/MP-KAR-2024-0002/photo_953.jpg,Site progress photo,2025-02-02,Field Officer App,sha256:583afa1f23e8071c4b0a30d80f61e059
MP-DEL-2025-0002,PHOTO,/evidence/MP-DEL-2025-0002/photo_44.jpg,Site progress photo,2025-08-29,Field Officer App,sha256:d42ec8b2d1a099115ec8561194e32cfe
MP-TEL-2023-0004,PHOTO,/evidence/MP-TEL-2023-0004/photo_118.jpg,Site progress photo,2023-09-30,Field Officer App,sha256:e95f5202e086c60b1576c846db1c3d44
MP-MP-2023-0001,PHOTO,/evidence/MP-MP-2023-0001/photo_954.jpg,Site progress photo,2023-10-30,Field Officer App,sha256:39de136969709a609c49e115f5c65425
MP-GUJ-2024-0002,PHOTO,/evidence/MP-GUJ-2024-0002/photo_741.jpg,Site progress photo,2025-05-03,Field Officer App,sha256:bfbb36b88da4724592bcd0a4982f8ca1
MP-ODI-2023-0003,PHOTO,/evidence/MP-ODI-2023-0003/photo_715.jpg,Site progress photo,2023-07-01,Field Officer App,sha256:e912393bb6e07387a33811a20b960bbf
MP-MP-2023-0002,PHOTO,/evidence/MP-MP-2023-0002/photo_804.jpg,Site progress photo,2023-09-30,Field Officer App,sha256:75505a6b020a1e04f8d6d68064748693
MP-BHR-2022-0002,PHOTO,/evidence/MP-BHR-2022-0002/photo_88.jpg,Site progress photo,2023-03-16,Field Officer App,sha256:6bc304173156a10865c2aefb36639b17
MP-MH-2024-0001,PHOTO,/evidence/MP-MH-2024-0001/photo_213.jpg,Site progress photo,2024-06-12,Field Officer App,sha256:76fa823e8b8b5f75af3b44e6747985de
MP-TEL-2022-0002,PHOTO,/evidence/MP-TEL-2022-0002/photo_463.jpg,Site progress photo,2022-12-24,Field Officer App,sha256:fe5f7b45b324bda1721c89fcede10854
MP-UP-2024-0001,PHOTO,/evidence/MP-UP-2024-0001/photo_380.jpg,Site progress photo,2024-08-06,Field Officer App,sha256:5d3ff7ae04cbcae452e6b93e6a4298f6
MP-UP-2023-0003,PHOTO,/evidence/MP-UP-2023-0003/photo_100.jpg,Site progress photo,2023-04-16,Field Officer App,sha256:60a8bfdc96fac86bdbe035e5f14fad30
MP-RAJ-2022-0002,PHOTO,/evidence/MP-RAJ-2022-0002/photo_498.jpg,Site progress photo,2022-09-09,Field Officer App,sha256:bfefa9cc617816774c4291ca7b425349
MP-MP-2025-0002,PHOTO,/evidence/MP-MP-2025-0002/photo_212.jpg,Site progress photo,2025-12-15,Field Officer App,sha256:4eb153c2f63388e8c1090ad0ce7c5622
MP-BHR-2024-0003,PHOTO,/evidence/MP-BHR-2024-0003/photo_378.jpg,Site progress photo,2024-11-15,Field Officer App,sha256:7a3321a06353630303fb40701680e69c
MP-MP-2023-0003,PHOTO,/evidence/MP-MP-2023-0003/photo_58.jpg,Site progress photo,2024-01-06,Field Officer App,sha256:b0298f38d6b758c25dea92bdecfd7b48
MP-MP-2024-0003,PHOTO,/evidence/MP-MP-2024-0003/photo_611.jpg,Site progress photo,2024-04-13,Field Officer App,sha256:65cecc5d38fa4ccf21f1c3c8b93f55cc
MP-BHR-2022-0003,PHOTO,/evidence/MP-BHR-2022-0003/photo_171.jpg,Site progress photo,2023-02-10,Field Officer App,sha256:61b5752495710abfd71ca2ff8075583c
MP-ODI-2025-0003,PHOTO,/evidence/MP-ODI-2025-0003/photo_918.jpg,Site progress photo,2025-11-14,Field Officer App,sha256:8eda29ca468a37dafb3db0f70755cabe
MP-GUJ-2025-0002,PHOTO,/evidence/MP-GUJ-2025-0002/photo_906.jpg,Site progress photo,2025-09-13,Field Officer App,sha256:e803572aac26a9aea74c8ef0f2d2088a
MP-NAG-2025-0002,PHOTO,/evidence/MP-NAG-2025-0002/photo_969.jpg,Site progress photo,2026-02-25,Field Officer App,sha256:064190d6ec4f946d658325f3cc4faf98
MP-PUN-2022-0002,PHOTO,/evidence/MP-PUN-2022-0002/photo_140.jpg,Site progress photo,2022-11-26,Field Officer App,sha256:3716a54aea2e68cedc8b23cfff12f8bc
MP-GUJ-2023-0001,PHOTO,/evidence/MP-GUJ-2023-0001/photo_340.jpg,Site progress photo,2023-11-24,Field Officer App,sha256:2786cb88e25934ff09367a4ea2fecb0f
MP-GUJ-2025-0003,PHOTO,/evidence/MP-GUJ-2025-0003/photo_47.jpg,Site progress photo,2025-12-31,Field Officer App,sha256:282ebfcb4d40c2d8e08fe1bd473c9e4a
MP-BHR-2023-0001,PHOTO,/evidence/MP-BHR-2023-0001/photo_198.jpg,Site progress photo,2023-11-15,Field Officer App,sha256:1c6fd75bb47b54f09219f6c53fceaaec
MP-GUJ-2022-0002,PHOTO,/evidence/MP-GUJ-2022-0002/photo_631.jpg,Site progress photo,2022-10-08,Field Officer App,sha256:7ff56089c911376cf7d89e8982380302
MP-KER-2024-0004,PHOTO,/evidence/MP-KER-2024-0004/photo_192.jpg,Site progress photo,2024-05-17,Field Officer App,sha256:f4d52a723a7856395a9ea38b80ff09f4
MP-KAR-2022-0001,PHOTO,/evidence/MP-KAR-2022-0001/photo_648.jpg,Site progress photo,2023-07-10,Field Officer App,sha256:8e81174e2395ee399bfdcabdd4d0a8a2
MP-GUJ-2025-0004,PHOTO,/evidence/MP-GUJ-2025-0004/photo_519.jpg,Site progress photo,2026-02-08,Field Officer App,sha256:d5879ac463bfd60f710a172851a87ff0
MP-KAR-2025-0001,PHOTO,/evidence/MP-KAR-2025-0001/photo_761.jpg,Site progress photo,2025-11-04,Field Officer App,sha256:5766246ffb2b6e007d9a8fb579c0c039
MP-TN-2024-0002,PHOTO,/evidence/MP-TN-2024-0002/photo_990.jpg,Site progress photo,2025-05-04,Field Officer App,sha256:4388167f7076babd334ef7369b54e31d
MP-KAR-2025-0002,PHOTO,/evidence/MP-KAR-2025-0002/photo_900.jpg,Site progress photo,2025-07-28,Field Officer App,sha256:af79a85ca15dee409e9de2c2f36148a5
MP-BHR-2022-0004,PHOTO,/evidence/MP-BHR-2022-0004/photo_527.jpg,Site progress photo,2023-04-25,Field Officer App,sha256:63b4c5e0f92daacecfab832a241876c1
MP-DEL-2023-0003,PHOTO,/evidence/MP-DEL-2023-0003/photo_416.jpg,Site progress photo,2024-02-21,Field Officer App,sha256:b798de6e703b28e2925ec419474800a5
MP-NAG-2024-0002,PHOTO,/evidence/MP-NAG-2024-0002/photo_195.jpg,Site progress photo,2024-12-22,Field Officer App,sha256:6645fad89217a7109b19d2b8b6d696f1
MP-RAJ-2025-0001,PHOTO,/evidence/MP-RAJ-2025-0001/photo_756.jpg,Site progress photo,2025-07-19,Field Officer App,sha256:8a953ad7a25cb05d9b50bc45a29b2625
MP-RAJ-2023-0006,PHOTO,/evidence/MP-RAJ-2023-0006/photo_257.jpg,Site progress photo,2024-01-14,Field Officer App,sha256:fdb5ebad09b0032573dd4bb7fee2e16f
MP-WB-2024-0001,PHOTO,/evidence/MP-WB-2024-0001/photo_671.jpg,Site progress photo,2024-11-08,Field Officer App,sha256:cb9713e60d8b6ec38c5e9035e92b09cd
MP-BHR-2023-0002,PHOTO,/evidence/MP-BHR-2023-0002/photo_20.jpg,Site progress photo,2023-11-28,Field Officer App,sha256:138aedd56f583fbd7eae606461b336a3
MP-TEL-2025-0001,PHOTO,/evidence/MP-TEL-2025-0001/photo_232.jpg,Site progress photo,2025-03-11,Field Officer App,sha256:4d43bdaf6847e83f0712154bb348a0ff
MP-ODI-2023-0004,PHOTO,/evidence/MP-ODI-2023-0004/photo_657.jpg,Site progress photo,2023-10-18,Field Officer App,sha256:76bc20374632d04c6f552b2e29ecaddc
MP-KAR-2024-0005,PHOTO,/evidence/MP-KAR-2024-0005/photo_198.jpg,Site progress photo,2024-09-09,Field Officer App,sha256:0e9ef1b6076075794baa30be18931a0d
MP-DEL-2024-0002,PHOTO,/evidence/MP-DEL-2024-0002/photo_275.jpg,Site progress photo,2024-07-09,Field Officer App,sha256:fa5d348e44ce59ef103eb45c74729f55
MP-BHR-2023-0003,PHOTO,/evidence/MP-BHR-2023-0003/photo_858.jpg,Site progress photo,2023-10-07,Field Officer App,sha256:aed68e4269750331d4e61a23db34f5fd
MP-ASM-2025-0001,PHOTO,/evidence/MP-ASM-2025-0001/photo_281.jpg,Site progress photo,2025-06-08,Field Officer App,sha256:6a3699fbfb090c098bcd8d1b9826065f
MP-BHR-2022-0005,PHOTO,/evidence/MP-BHR-2022-0005/photo_935.jpg,Site progress photo,2023-03-07,Field Officer App,sha256:281776cac131b575a545f4c919952d72
MP-UP-2023-0005,PHOTO,/evidence/MP-UP-2023-0005/photo_362.jpg,Site progress photo,2023-07-28,Field Officer App,sha256:23b07571d5caaf600320447022c38062
MP-DEL-2025-0004,PHOTO,/evidence/MP-DEL-2025-0004/photo_960.jpg,Site progress photo,2025-03-13,Field Officer App,sha256:c653a45d6d64569f8263590efb468836
MP-NAG-2025-0003,PHOTO,/evidence/MP-NAG-2025-0003/photo_295.jpg,Site progress photo,2025-05-22,Field Officer App,sha256:990d3665a82c8dcec793e5074b8b8efd
MP-UP-2022-0002,PHOTO,/evidence/MP-UP-2022-0002/photo_847.jpg,Site progress photo,2022-10-16,Field Officer App,sha256:17213014904fe4251b9da6e018cfc8aa
MP-DEL-2025-0005,PHOTO,/evidence/MP-DEL-2025-0005/photo_126.jpg,Site progress photo,2025-10-23,Field Officer App,sha256:ea80b5a81dc0a7f5345b40dc10350432
MP-DEL-2024-0003,PHOTO,/evidence/MP-DEL-2024-0003/photo_592.jpg,Site progress photo,2025-01-25,Field Officer App,sha256:4e5b61037ea3dbf57f51b22e6b98401a
MP-TN-2024-0003,PHOTO,/evidence/MP-TN-2024-0003/photo_594.jpg,Site progress photo,2024-07-12,Field Officer App,sha256:856921da81209adf6052e048c18f19ff
MP-ODI-2025-0004,PHOTO,/evidence/MP-ODI-2025-0004/photo_998.jpg,Site progress photo,2025-12-04,Field Officer App,sha256:80462749664bfe1c11fca132acc8ad6f
MP-PUN-2024-0003,PHOTO,/evidence/MP-PUN-2024-0003/photo_474.jpg,Site progress photo,2024-08-11,Field Officer App,sha256:a29978c45ea58bc33e4b88d333facd46
MP-NAG-2024-0003,PHOTO,/evidence/MP-NAG-2024-0003/photo_390.jpg,Site progress photo,2024-07-05,Field Officer App,sha256:b5c15188ca353434df8bff20bf9428dd
MP-GUJ-2023-0003,PHOTO,/evidence/MP-GUJ-2023-0003/photo_319.jpg,Site progress photo,2023-01-31,Field Officer App,sha256:6b2645f5f7b79bb4746844ad874b61f3
MP-KAR-2024-0007,PHOTO,/evidence/MP-KAR-2024-0007/photo_532.jpg,Site progress photo,2025-01-15,Field Officer App,sha256:ebccf22c954b7d8fa498b0fb767f2339
MP-TEL-2025-0003,PHOTO,/evidence/MP-TEL-2025-0003/photo_382.jpg,Site progress photo,2025-12-10,Field Officer App,sha256:79e97566acd1cfc6f3a9dc3852199f63
MP-KER-2025-0001,PHOTO,/evidence/MP-KER-2025-0001/photo_457.jpg,Site progress photo,2025-12-24,Field Officer App,sha256:36ffbae748b5a4957e4211b015765620
MP-KER-2025-0002,PHOTO,/evidence/MP-KER-2025-0002/photo_23.jpg,Site progress photo,2025-09-17,Field Officer App,sha256:1cbc568a4d8c0067f84b89045095ffa7
MP-GUJ-2025-0006,PHOTO,/evidence/MP-GUJ-2025-0006/photo_40.jpg,Site progress photo,2026-03-31,Field Officer App,sha256:d056bac01612422fc315ae74ecda4c3c
MP-GUJ-2023-0004,PHOTO,/evidence/MP-GUJ-2023-0004/photo_741.jpg,Site progress photo,2023-11-27,Field Officer App,sha256:e3a0b424fbeff850bc5d189570a1235b
MP-TN-2024-0005,PHOTO,/evidence/MP-TN-2024-0005/photo_128.jpg,Site progress photo,2024-05-14,Field Officer App,sha256:b319c5871bc5c73ba0274865597f7e58
MP-TEL-2022-0003,PHOTO,/evidence/MP-TEL-2022-0003/photo_603.jpg,Site progress photo,2022-08-25,Field Officer App,sha256:e2fde97a9fdb2a338c937c4a3ca64359
MP-KAR-2024-0008,PHOTO,/evidence/MP-KAR-2024-0008/photo_263.jpg,Site progress photo,2024-07-27,Field Officer App,sha256:770d011d3ded19a37d7378a89fc17ac1
MP-TN-2024-0006,PHOTO,/evidence/MP-TN-2024-0006/photo_311.jpg,Site progress photo,2024-11-26,Field Officer App,sha256:c0a58553abee3ec7d723e474d6bce626
MP-GUJ-2025-0007,PHOTO,/evidence/MP-GUJ-2025-0007/photo_165.jpg,Site progress photo,2025-12-25,Field Officer App,sha256:c59a354fe485df49e111e71785ad2e96
MP-GUJ-2024-0004,PHOTO,/evidence/MP-GUJ-2024-0004/photo_784.jpg,Site progress photo,2024-05-29,Field Officer App,sha256:b891525d5ab8071f2c92fa98fc16ed78
MP-WB-2025-0003,PHOTO,/evidence/MP-WB-2025-0003/photo_92.jpg,Site progress photo,2025-10-04,Field Officer App,sha256:da58488f36fa034e607945ab2a19818c
MP-ODI-2025-0005,PHOTO,/evidence/MP-ODI-2025-0005/photo_1.jpg,Site progress photo,2025-04-26,Field Officer App,sha256:a7e71a75b6c9eeb900c464a337053ddb
MP-KAR-2024-0009,PHOTO,/evidence/MP-KAR-2024-0009/photo_310.jpg,Site progress photo,2024-09-22,Field Officer App,sha256:8f534cf01c577b63f1f89aa0bef5698d
MP-WB-2023-0001,PHOTO,/evidence/MP-WB-2023-0001/photo_645.jpg,Site progress photo,2023-07-31,Field Officer App,sha256:917a129f7a5414c730f54162466aef26
MP-DEL-2023-0005,PHOTO,/evidence/MP-DEL-2023-0005/photo_974.jpg,Site progress photo,2023-11-24,Field Officer App,sha256:9c47d4430cd6fbf67cf03df9bb8acd6b
MP-ODI-2022-0005,PHOTO,/evidence/MP-ODI-2022-0005/photo_251.jpg,Site progress photo,2023-03-25,Field Officer App,sha256:f01f3062a2cf45d2f39bc65ee1f4ef19
MP-GUJ-2025-0009,PHOTO,/evidence/MP-GUJ-2025-0009/photo_581.jpg,Site progress photo,2026-01-31,Field Officer App,sha256:f61680418e83a46f308899f8642b0446
MP-ASM-2025-0002,PHOTO,/evidence/MP-ASM-2025-0002/photo_934.jpg,Site progress photo,2025-05-31,Field Officer App,sha256:d648c3160e71cebdb30394f69fb6dbda
MP-RAJ-2022-0003,PHOTO,/evidence/MP-RAJ-2022-0003/photo_506.jpg,Site progress photo,2022-11-15,Field Officer App,sha256:67ddeab252534ef3b1030bfa9a08f7ae
MP-TN-2023-0002,PHOTO,/evidence/MP-TN-2023-0002/photo_988.jpg,Site progress photo,2023-08-17,Field Officer App,sha256:d04171d61e4108824da7e8814f05d422
MP-KAR-2023-0003,PHOTO,/evidence/MP-KAR-2023-0003/photo_405.jpg,Site progress photo,2023-11-30,Field Officer App,sha256:dc946d0b37c6c1fa1e0052497a37feae
MP-GUJ-2023-0005,PHOTO,/evidence/MP-GUJ-2023-0005/photo_313.jpg,Site progress photo,2024-04-10,Field Officer App,sha256:29841a601fd2877fdf14229c7b1135bd
MP-PUN-2024-0004,PHOTO,/evidence/MP-PUN-2024-0004/photo_231.jpg,Site progress photo,2025-07-08,Field Officer App,sha256:01a4c05dc09ed838df7c59eeb4c19c81
MP-DEL-2023-0006,PHOTO,/evidence/MP-DEL-2023-0006/photo_979.jpg,Site progress photo,2023-08-23,Field Officer App,sha256:a7789f241b26fdfe2bc16561d388109c
MP-WB-2023-0002,PHOTO,/evidence/MP-WB-2023-0002/photo_808.jpg,Site progress photo,2023-11-05,Field Officer App,sha256:c4eeb78a3bfca02922cdf1c6397f726d
MP-GUJ-2024-0005,PHOTO,/evidence/MP-GUJ-2024-0005/photo_958.jpg,Site progress photo,2024-10-16,Field Officer App,sha256:7bf7a44ad91e39eb6a6128d82cc9b0cb
MP-PUN-2025-0005,PHOTO,/evidence/MP-PUN-2025-0005/photo_820.jpg,Site progress photo,2025-09-08,Field Officer App,sha256:5ad4863213929aaf40960358d460cbda
MP-MH-2024-0003,PHOTO,/evidence/MP-MH-2024-0003/photo_391.jpg,Site progress photo,2024-05-29,Field Officer App,sha256:c979f02305c9986b8cc9f83b83e04e1b
MP-KER-2024-0008,PHOTO,/evidence/MP-KER-2024-0008/photo_804.jpg,Site progress photo,2024-07-14,Field Officer App,sha256:55c0491893ae04f4ccc3dce9e75ed244
MP-WB-2024-0002,PHOTO,/evidence/MP-WB-2024-0002/photo_292.jpg,Site progress photo,2024-09-22,Field Officer App,sha256:0bd0757888f01d6bfd5d74c7ad3750e0
MP-KAR-2022-0002,PHOTO,/evidence/MP-KAR-2022-0002/photo_473.jpg,Site progress photo,2023-01-18,Field Officer App,sha256:645d600e9779aa07c66516935ac066ce
MP-ODI-2025-0006,PHOTO,/evidence/MP-ODI-2025-0006/photo_954.jpg,Site progress photo,2025-11-20,Field Officer App,sha256:531e44e217333d0611efa446488249db
MP-ODI-2024-0005,PHOTO,/evidence/MP-ODI-2024-0005/photo_966.jpg,Site progress photo,2024-01-26,Field Officer App,sha256:bf1d7ed276f94b013adebc0cdb13024c
MP-TN-2023-0004,PHOTO,/evidence/MP-TN-2023-0004/photo_687.jpg,Site progress photo,2024-05-04,Field Officer App,sha256:eb0c0116823d4bdb5a92edbcb5037cc5
MP-BHR-2022-0006,PHOTO,/evidence/MP-BHR-2022-0006/photo_322.jpg,Site progress photo,2023-02-26,Field Officer App,sha256:e5d18f016bc28d4e430d9fd114cf7743
MP-WB-2024-0003,PHOTO,/evidence/MP-WB-2024-0003/photo_804.jpg,Site progress photo,2024-11-03,Field Officer App,sha256:b2c8721241da00f395e5097ffb472e93
MP-UP-2025-0002,PHOTO,/evidence/MP-UP-2025-0002/photo_928.jpg,Site progress photo,2025-06-22,Field Officer App,sha256:5e672d550d63646d9d616d7decfeaf97
MP-TN-2025-0002,PHOTO,/evidence/MP-TN-2025-0002/photo_811.jpg,Site progress photo,2025-09-26,Field Officer App,sha256:aab9f2e3c97507c294d5396c02bf0351
MP-ASM-2024-0004,PHOTO,/evidence/MP-ASM-2024-0004/photo_126.jpg,Site progress photo,2024-12-12,Field Officer App,sha256:bf405f0d90667c4d29cc3d531b14b6d1
MP-RAJ-2024-0002,PHOTO,/evidence/MP-RAJ-2024-0002/photo_623.jpg,Site progress photo,2025-03-21,Field Officer App,sha256:670e71d87a24afb54529b027fd42e992
MP-TN-2023-0005,PHOTO,/evidence/MP-TN-2023-0005/photo_291.jpg,Site progress photo,2023-09-03,Field Officer App,sha256:7223f46855e63a23186d18ca6e441a39
MP-PUN-2024-0005,PHOTO,/evidence/MP-PUN-2024-0005/photo_9.jpg,Site progress photo,2024-09-25,Field Officer App,sha256:3556afcabb1925fe41744de19dd70dff
MP-MH-2024-0004,PHOTO,/evidence/MP-MH-2024-0004/photo_726.jpg,Site progress photo,2024-08-26,Field Officer App,sha256:c9b35330fa4ed1cd1602dfc8a981c00c
MP-KAR-2025-0003,PHOTO,/evidence/MP-KAR-2025-0003/photo_84.jpg,Site progress photo,2026-01-02,Field Officer App,sha256:96e535551854685f1f8590dccfbfcc08
MP-MH-2023-0005,PHOTO,/evidence/MP-MH-2023-0005/photo_40.jpg,Site progress photo,2024-02-22,Field Officer App,sha256:c4512363e4b52217066e52b3920e076d
MP-PUN-2025-0006,PHOTO,/evidence/MP-PUN-2025-0006/photo_40.jpg,Site progress photo,2026-03-23,Field Officer App,sha256:d593c0f350f47cad86239a7e3dde4df2
MP-TN-2024-0008,PHOTO,/evidence/MP-TN-2024-0008/photo_461.jpg,Site progress photo,2024-12-08,Field Officer App,sha256:b3e437b4946fb3829d81c366423dd0d7
MP-KER-2024-0009,PHOTO,/evidence/MP-KER-2024-0009/photo_373.jpg,Site progress photo,2024-04-10,Field Officer App,sha256:e7e8aca23ac651bc8b8c4640f64714eb
MP-ASM-2023-0006,PHOTO,/evidence/MP-ASM-2023-0006/photo_285.jpg,Site progress photo,2024-06-07,Field Officer App,sha256:7956d1d0ea6efa44ead0511cebfb0a38
MP-NAG-2025-0005,PHOTO,/evidence/MP-NAG-2025-0005/photo_643.jpg,Site progress photo,2025-07-09,Field Officer App,sha256:771857431d4d3488a659e88fa907da57
MP-MP-2024-0007,PHOTO,/evidence/MP-MP-2024-0007/photo_134.jpg,Site progress photo,2025-05-08,Field Officer App,sha256:730286b99df861b275b9fb8577b2ad6d
MP-MP-2023-0004,PHOTO,/evidence/MP-MP-2023-0004/photo_643.jpg,Site progress photo,2024-01-13,Field Officer App,sha256:3c1c3dd283f772dbf8824ec11338d589
MP-BHR-2025-0003,PHOTO,/evidence/MP-BHR-2025-0003/photo_137.jpg,Site progress photo,2025-07-27,Field Officer App,sha256:1b2bb0a74ffbd6a48f81e7ad0b03050f
MP-RAJ-2023-0011,PHOTO,/evidence/MP-RAJ-2023-0011/photo_79.jpg,Site progress photo,2023-09-18,Field Officer App,sha256:1c063a5120b64dd3091c7750299f3c1b
MP-MH-2022-0003,PHOTO,/evidence/MP-MH-2022-0003/photo_885.jpg,Site progress photo,2023-05-25,Field Officer App,sha256:8046fea29898e87f222238a83479f66b
MP-KAR-2025-0004,PHOTO,/evidence/MP-KAR-2025-0004/photo_55.jpg,Site progress photo,2025-05-01,Field Officer App,sha256:1f6ab5e0783eae82a2f41698701fadab
MP-KER-2025-0004,PHOTO,/evidence/MP-KER-2025-0004/photo_514.jpg,Site progress photo,2025-09-10,Field Officer App,sha256:bb53c8466534c9fb4030c7f19b2f7f3f
MP-MP-2022-0003,PHOTO,/evidence/MP-MP-2022-0003/photo_392.jpg,Site progress photo,2023-03-05,Field Officer App,sha256:bc3cb79d044b4592f9eb242f0cbbfeee
MP-KER-2024-0012,PHOTO,/evidence/MP-KER-2024-0012/photo_897.jpg,Site progress photo,2024-05-26,Field Officer App,sha256:44f88f913ac1dd7c79092784ee0b4420
MP-UP-2024-0004,PHOTO,/evidence/MP-UP-2024-0004/photo_291.jpg,Site progress photo,2024-04-14,Field Officer App,sha256:2b544747674d2f1466449a3434d5f062
MP-KER-2023-0004,PHOTO,/evidence/MP-KER-2023-0004/photo_243.jpg,Site progress photo,2023-07-05,Field Officer App,sha256:963534aa741440e91b6017c8f15e5c91
MP-TEL-2023-0005,PHOTO,/evidence/MP-TEL-2023-0005/photo_645.jpg,Site progress photo,2024-03-14,Field Officer App,sha256:e0fa8e9d8dcf1ebdcb5c50a546a42110
MP-PUN-2025-0008,PHOTO,/evidence/MP-PUN-2025-0008/photo_326.jpg,Site progress photo,2025-07-09,Field Officer App,sha256:2031708b5f3aa78abcf74991eb8c0768
MP-UP-2023-0007,PHOTO,/evidence/MP-UP-2023-0007/photo_100.jpg,Site progress photo,2023-06-21,Field Officer App,sha256:33c9ca2cc09ed70d1cf1d92ace254a52
MP-KER-2022-0004,PHOTO,/evidence/MP-KER-2022-0004/photo_551.jpg,Site progress photo,2023-01-10,Field Officer App,sha256:1f6a03d5f2da7e562bf33842cbae5133
MP-RAJ-2024-0004,PHOTO,/evidence/MP-RAJ-2024-0004/photo_354.jpg,Site progress photo,2024-08-18,Field Officer App,sha256:808a3d830c3712d88a2058edd5784642
MP-RAJ-2023-0014,PHOTO,/evidence/MP-RAJ-2023-0014/photo_145.jpg,Site progress photo,2023-05-02,Field Officer App,sha256:f1df1a0e7981a2aa6fede444ae39701d
MP-MP-2024-0008,PHOTO,/evidence/MP-MP-2024-0008/photo_976.jpg,Site progress photo,2025-01-29,Field Officer App,sha256:93301ae025a21dbb87d389c710209ec4
MP-GUJ-2022-0003,PHOTO,/evidence/MP-GUJ-2022-0003/photo_384.jpg,Site progress photo,2023-01-18,Field Officer App,sha256:71de61163835a246622479d6f0bfff93
MP-ASM-2025-0003,PHOTO,/evidence/MP-ASM-2025-0003/photo_819.jpg,Site progress photo,2025-05-24,Field Officer App,sha256:3177c1146aa5780bd4aea3d2c54eb4b3
MP-UP-2025-0006,PHOTO,/evidence/MP-UP-2025-0006/photo_996.jpg,Site progress photo,2026-01-06,Field Officer App,sha256:56dea2682f729379d6ddc2f5be109923
MP-KAR-2023-0006,PHOTO,/evidence/MP-KAR-2023-0006/photo_984.jpg,Site progress photo,2024-05-15,Field Officer App,sha256:39e3ea8e434a2ab50032313976f5085c
MP-TN-2025-0003,PHOTO,/evidence/MP-TN-2025-0003/photo_534.jpg,Site progress photo,2025-10-31,Field Officer App,sha256:3c1b76cc8bfd33bd3f1574fa40790c68
MP-ASM-2022-0002,PHOTO,/evidence/MP-ASM-2022-0002/photo_366.jpg,Site progress photo,2023-03-30,Field Officer App,sha256:95a48e58692670557394fbd53010d15c
MP-MH-2023-0007,PHOTO,/evidence/MP-MH-2023-0007/photo_529.jpg,Site progress photo,2023-05-01,Field Officer App,sha256:d10f5e21eaf49a5188ef40c9cc212d9d
MP-KAR-2022-0006,PHOTO,/evidence/MP-KAR-2022-0006/photo_381.jpg,Site progress photo,2023-02-20,Field Officer App,sha256:b8d82d7a5f593c926f290d7f1348b697
MP-ODI-2024-0006,PHOTO,/evidence/MP-ODI-2024-0006/photo_382.jpg,Site progress photo,2025-02-14,Field Officer App,sha256:9b94ae88945b73fc17d464bd0556a6f4
MP-DEL-2024-0008,PHOTO,/evidence/MP-DEL-2024-0008/photo_926.jpg,Site progress photo,2024-12-10,Field Officer App,sha256:d6c7782b229e82c03fba1620779643cb
MP-TEL-2023-0006,PHOTO,/evidence/MP-TEL-2023-0006/photo_221.jpg,Site progress photo,2023-11-30,Field Officer App,sha256:4c821e7eb94ac177607debb64baca6df
MP-TEL-2022-0007,PHOTO,/evidence/MP-TEL-2022-0007/photo_35.jpg,Site progress photo,2022-12-29,Field Officer App,sha256:20f8364d41d93663a5d3f2d72c6c6f9e
MP-ODI-2025-0007,PHOTO,/evidence/MP-ODI-2025-0007/photo_597.jpg,Site progress photo,2026-01-22,Field Officer App,sha256:0bfe92dfc2740ff989ce16bdad2163b8
MP-BHR-2022-0007,PHOTO,/evidence/MP-BHR-2022-0007/photo_900.jpg,Site progress photo,2023-05-18,Field Officer App,sha256:c6012bb87dd234c254192d8bea133364
MP-RAJ-2025-0004,PHOTO,/evidence/MP-RAJ-2025-0004/photo_674.jpg,Site progress photo,2025-04-02,Field Officer App,sha256:711489e1d9f3ceec2a2fca45f89180bf
MP-UP-2025-0008,PHOTO,/evidence/MP-UP-2025-0008/photo_748.jpg,Site progress photo,2025-12-09,Field Officer App,sha256:c3a7522cfde62423eac5f822d1c0a003
MP-DEL-2023-0008,PHOTO,/evidence/MP-DEL-2023-0008/photo_28.jpg,Site progress photo,2023-06-10,Field Officer App,sha256:d1cb4b352bb1158814bb123a8e2a84ec
MP-TEL-2022-0008,PHOTO,/evidence/MP-TEL-2022-0008/photo_888.jpg,Site progress photo,2023-04-27,Field Officer App,sha256:6fd7826e94c2913b96575f674738d458
MP-TEL-2025-0007,PHOTO,/evidence/MP-TEL-2025-0007/photo_635.jpg,Site progress photo,2026-03-07,Field Officer App,sha256:dad667fa627510cf14b4a71843d2b06a
MP-MH-2023-0008,PHOTO,/evidence/MP-MH-2023-0008/photo_815.jpg,Site progress photo,2023-09-16,Field Officer App,sha256:e1743aacaf753b53776d7ee430a75ae1
MP-MP-2023-0005,PHOTO,/evidence/MP-MP-2023-0005/photo_448.jpg,Site progress photo,2023-10-22,Field Officer App,sha256:d8cdc4a6e37e1cd3f603ad33233518e9
MP-TEL-2024-0005,PHOTO,/evidence/MP-TEL-2024-0005/photo_231.jpg,Site progress photo,2024-10-24,Field Officer App,sha256:deb809e6b7fcf61bbcba70c6f146ce33
MP-RAJ-2024-0005,PHOTO,/evidence/MP-RAJ-2024-0005/photo_460.jpg,Site progress photo,2024-07-15,Field Officer App,sha256:fe487710975d65591e1c8f5aacbf7850
MP-KER-2022-0006,PHOTO,/evidence/MP-KER-2022-0006/photo_859.jpg,Site progress photo,2023-02-24,Field Officer App,sha256:c29555a9fd34dcdedcf9787d50990fdc
MP-PUN-2025-0009,PHOTO,/evidence/MP-PUN-2025-0009/photo_247.jpg,Site progress photo,2025-10-04,Field Officer App,sha256:0c38b4e96ae1a91534946e8f27bfb9e9
MP-KER-2025-0006,PHOTO,/evidence/MP-KER-2025-0006/photo_90.jpg,Site progress photo,2025-10-03,Field Officer App,sha256:acf05615b040adec7796e50c18c707c9
MP-RAJ-2022-0004,PHOTO,/evidence/MP-RAJ-2022-0004/photo_447.jpg,Site progress photo,2022-10-26,Field Officer App,sha256:cc378baf34071d8084355979d78d4db5
MP-WB-2022-0002,PHOTO,/evidence/MP-WB-2022-0002/photo_443.jpg,Site progress photo,2022-10-01,Field Officer App,sha256:26ed685270bf9c7ddbbeafb7f7f13b77
MP-NAG-2024-0005,PHOTO,/evidence/MP-NAG-2024-0005/photo_141.jpg,Site progress photo,2025-02-27,Field Officer App,sha256:bf4e557cb9cb9b00b5dd333aac486e66
MP-RAJ-2025-0005,PHOTO,/evidence/MP-RAJ-2025-0005/photo_588.jpg,Site progress photo,2025-12-11,Field Officer App,sha256:cbd7b5a117b061cf5b19ef091a26631f
MP-BHR-2024-0008,PHOTO,/evidence/MP-BHR-2024-0008/photo_965.jpg,Site progress photo,2024-03-09,Field Officer App,sha256:9f2d21bb5aaf7714fa88bbfae254bebd
MP-PUN-2024-0009,PHOTO,/evidence/MP-PUN-2024-0009/photo_516.jpg,Site progress photo,2024-04-05,Field Officer App,sha256:46a2db11240febc8d8193c6eb3b3afa1
MP-ODI-2023-0013,PHOTO,/evidence/MP-ODI-2023-0013/photo_899.jpg,Site progress photo,2024-05-11,Field Officer App,sha256:bd623737740651badd348da3ea06300a
MP-PUN-2024-0010,PHOTO,/evidence/MP-PUN-2024-0010/photo_712.jpg,Site progress photo,2024-08-01,Field Officer App,sha256:65eb850992546656ca199720b546a911
MP-NAG-2023-0005,PHOTO,/evidence/MP-NAG-2023-0005/photo_569.jpg,Site progress photo,2023-03-13,Field Officer App,sha256:68d1c9ce3fb0ee68ed0726f37fc0030a
MP-UP-2022-0004,PHOTO,/evidence/MP-UP-2022-0004/photo_718.jpg,Site progress photo,2022-12-24,Field Officer App,sha256:1ad5af2e7acac9313daeffe4d9424c8c
MP-ASM-2023-0008,PHOTO,/evidence/MP-ASM-2023-0008/photo_956.jpg,Site progress photo,2023-08-19,Field Officer App,sha256:47d022513b7a4b84f9f3d6c87431e639
MP-NAG-2025-0007,PHOTO,/evidence/MP-NAG-2025-0007/photo_399.jpg,Site progress photo,2026-02-21,Field Officer App,sha256:fb75d282bfd9d979b76b2f6f2e7f503d
MP-BHR-2024-0009,PHOTO,/evidence/MP-BHR-2024-0009/photo_779.jpg,Site progress photo,2024-10-06,Field Officer App,sha256:2a555e653a8de8f71cc5bf158d96e41c
MP-KAR-2023-0007,PHOTO,/evidence/MP-KAR-2023-0007/photo_447.jpg,Site progress photo,2024-03-06,Field Officer App,sha256:9d2de0b856913d3f242e45c0e35be564
MP-KAR-2025-0005,PHOTO,/evidence/MP-KAR-2025-0005/photo_180.jpg,Site progress photo,2025-10-01,Field Officer App,sha256:86a7f3ad42db0a2f7a4daa812af7be56
MP-NAG-2022-0004,PHOTO,/evidence/MP-NAG-2022-0004/photo_136.jpg,Site progress photo,2022-08-09,Field Officer App,sha256:f55d28d5038a64f98b08d41adc8c67ab
MP-DEL-2025-0007,PHOTO,/evidence/MP-DEL-2025-0007/photo_114.jpg,Site progress photo,2025-06-15,Field Officer App,sha256:580a0dcbfb7a9922641e71511f2d5a9c
MP-KER-2024-0014,PHOTO,/evidence/MP-KER-2024-0014/photo_349.jpg,Site progress photo,2025-03-30,Field Officer App,sha256:181c64752c21bb066b6d43191ce7fbd3
MP-BHR-2024-0010,PHOTO,/evidence/MP-BHR-2024-0010/photo_631.jpg,Site progress photo,2024-10-13,Field Officer App,sha256:d69bf265a592172c85644adf62a9498a
MP-RAJ-2024-0008,PHOTO,/evidence/MP-RAJ-2024-0008/photo_516.jpg,Site progress photo,2024-07-18,Field Officer App,sha256:3e9bdb9f23e0acada0cdff73044f951a
MP-GUJ-2023-0012,PHOTO,/evidence/MP-GUJ-2023-0012/photo_146.jpg,Site progress photo,2023-08-13,Field Officer App,sha256:0c9761b74c7b99a0aa4f939d28216260
MP-WB-2024-0006,PHOTO,/evidence/MP-WB-2024-0006/photo_613.jpg,Site progress photo,2024-06-02,Field Officer App,sha256:e8085fb1738ef411c06a8b8e4d39a8be
MP-KER-2022-0008,PHOTO,/evidence/MP-KER-2022-0008/photo_61.jpg,Site progress photo,2022-12-03,Field Officer App,sha256:77b1c4c92484aee413886924764e1bde
MP-PUN-2025-0010,PHOTO,/evidence/MP-PUN-2025-0010/photo_3.jpg,Site progress photo,2026-01-05,Field Officer App,sha256:03cfcb43a47d974aba0a983ac2e118c1
MP-MP-2025-0004,PHOTO,/evidence/MP-MP-2025-0004/photo_702.jpg,Site progress photo,2025-12-23,Field Officer App,sha256:e7e08c87c58d2ca2cd9de21636ccc30e
MP-ODI-2025-0008,PHOTO,/evidence/MP-ODI-2025-0008/photo_696.jpg,Site progress photo,2025-02-28,Field Officer App,sha256:46974a3f944eb6c3c6531dbd8fb59d4f
MP-TN-2025-0004,PHOTO,/evidence/MP-TN-2025-0004/photo_812.jpg,Site progress photo,2025-08-08,Field Officer App,sha256:8f85d3d2f4c83d57846baad2bbf23246
MP-MP-2022-0004,PHOTO,/evidence/MP-MP-2022-0004/photo_995.jpg,Site progress photo,2022-10-26,Field Officer App,sha256:14ab431fe623a0835fb76df5d2303b64
MP-ODI-2025-0009,PHOTO,/evidence/MP-ODI-2025-0009/photo_768.jpg,Site progress photo,2026-04-06,Field Officer App,sha256:48bb7d6a8650c01260a282a9f4321cc8
MP-RAJ-2022-0005,PHOTO,/evidence/MP-RAJ-2022-0005/photo_46.jpg,Site progress photo,2023-05-29,Field Officer App,sha256:19875415931ca7f1949886c6674f97a4
MP-TN-2025-0005,PHOTO,/evidence/MP-TN-2025-0005/photo_972.jpg,Site progress photo,2025-03-11,Field Officer App,sha256:b38277dd0f70f9b2908f69b65912da83
MP-KER-2023-0005,PHOTO,/evidence/MP-KER-2023-0005/photo_486.jpg,Site progress photo,2023-02-10,Field Officer App,sha256:c4a3088a1daa8bc1ef35abf9fa1ab12f
MP-DEL-2022-0004,PHOTO,/evidence/MP-DEL-2022-0004/photo_794.jpg,Site progress photo,2023-03-13,Field Officer App,sha256:c4a9572a8b677cf806b5635d801defc4
MP-DEL-2023-0011,PHOTO,/evidence/MP-DEL-2023-0011/photo_604.jpg,Site progress photo,2023-09-07,Field Officer App,sha256:b9ab0b2673aa4c5a7fc363ecab838318
MP-UP-2023-0009,PHOTO,/evidence/MP-UP-2023-0009/photo_362.jpg,Site progress photo,2023-03-07,Field Officer App,sha256:d954f9d01c03950c49808c76e1b24d84
MP-UP-2024-0007,PHOTO,/evidence/MP-UP-2024-0007/photo_287.jpg,Site progress photo,2024-08-08,Field Officer App,sha256:84963e0c8092677f8ab18e1b6d5c8de4
MP-WB-2022-0003,PHOTO,/evidence/MP-WB-2022-0003/photo_165.jpg,Site progress photo,2022-11-27,Field Officer App,sha256:c602af1c340840a7357a83bc8f5ccca5
MP-GUJ-2023-0013,PHOTO,/evidence/MP-GUJ-2023-0013/photo_365.jpg,Site progress photo,2023-10-31,Field Officer App,sha256:152aecac95490aa7e486a4c764d32585
MP-DEL-2025-0008,PHOTO,/evidence/MP-DEL-2025-0008/photo_974.jpg,Site progress photo,2025-10-19,Field Officer App,sha256:b118ed04c118e22b4493fd5b8639b9b2
MP-TN-2024-0009,PHOTO,/evidence/MP-TN-2024-0009/photo_703.jpg,Site progress photo,2024-11-02,Field Officer App,sha256:7fa0a4e837375b626a953b35e1e914d7
MP-WB-2023-0004,PHOTO,/evidence/MP-WB-2023-0004/photo_158.jpg,Site progress photo,2024-02-29,Field Officer App,sha256:f371bdad5e2f9fb5c474cc5a67d97fc5
MP-RAJ-2025-0006,PHOTO,/evidence/MP-RAJ-2025-0006/photo_458.jpg,Site progress photo,2025-09-27,Field Officer App,sha256:0eb7ecc9a95dcda12cdcc084713137b4
MP-NAG-2023-0007,PHOTO,/evidence/MP-NAG-2023-0007/photo_811.jpg,Site progress photo,2024-02-05,Field Officer App,sha256:1bcd5ef34a8a2f639c4a90702832dd50
MP-ASM-2024-0006,PHOTO,/evidence/MP-ASM-2024-0006/photo_765.jpg,Site progress photo,2025-03-20,Field Officer App,sha256:17b554b594fd358464c03b140a661d7d
MP-MP-2025-0005,PHOTO,/evidence/MP-MP-2025-0005/photo_977.jpg,Site progress photo,2025-05-16,Field Officer App,sha256:8951f7eea678850e9085e32224aab2e6
MP-GUJ-2024-0008,PHOTO,/evidence/MP-GUJ-2024-0008/photo_358.jpg,Site progress photo,2025-02-24,Field Officer App,sha256:41a84f296f15779ba33921d59abd77f8
MP-TEL-2024-0006,PHOTO,/evidence/MP-TEL-2024-0006/photo_1.jpg,Site progress photo,2024-03-25,Field Officer App,sha256:c5b77165fe18a1b5cb2a8d7af71034eb
MP-RAJ-2022-0006,PHOTO,/evidence/MP-RAJ-2022-0006/photo_897.jpg,Site progress photo,2023-06-09,Field Officer App,sha256:655d5d7fa7f5a1f2947f4e3bb4c2f287
MP-TN-2025-0006,PHOTO,/evidence/MP-TN-2025-0006/photo_139.jpg,Site progress photo,2025-10-16,Field Officer App,sha256:228054f31a4d6854413e1ff1820e78c7
MP-UP-2024-0008,PHOTO,/evidence/MP-UP-2024-0008/photo_522.jpg,Site progress photo,2025-01-10,Field Officer App,sha256:0ce9332869b985ae68f02ed808f31ffb
MP-UP-2024-0009,PHOTO,/evidence/MP-UP-2024-0009/photo_831.jpg,Site progress photo,2024-09-13,Field Officer App,sha256:c40f7d62402f945f38a6504947ffe3d8
MP-MH-2024-0009,PHOTO,/evidence/MP-MH-2024-0009/photo_675.jpg,Site progress photo,2024-11-14,Field Officer App,sha256:197f560d24a256f12833f532f066fd15
MP-MP-2023-0006,PHOTO,/evidence/MP-MP-2023-0006/photo_592.jpg,Site progress photo,2024-03-10,Field Officer App,sha256:c141b2b72ecabbb27f026bae801cc27a
MP-RAJ-2024-0009,PHOTO,/evidence/MP-RAJ-2024-0009/photo_10.jpg,Site progress photo,2024-09-17,Field Officer App,sha256:7ffbc2c264ea7cee9760f771d6de7d8b
MP-TEL-2024-0007,PHOTO,/evidence/MP-TEL-2024-0007/photo_803.jpg,Site progress photo,2024-10-07,Field Officer App,sha256:ebe9690ce8cb845eaf97dfb349df580c
MP-ODI-2025-0010,PHOTO,/evidence/MP-ODI-2025-0010/photo_32.jpg,Site progress photo,2025-08-05,Field Officer App,sha256:57887e9b6fdd7ed32b6ec126ec738e0f
MP-ASM-2024-0007,PHOTO,/evidence/MP-ASM-2024-0007/photo_651.jpg,Site progress photo,2024-10-25,Field Officer App,sha256:cf1b19b36689127c828b57c0971c8178
MP-KAR-2023-0009,PHOTO,/evidence/MP-KAR-2023-0009/photo_848.jpg,Site progress photo,2024-05-10,Field Officer App,sha256:1fffc81b4c7dee1da26ba247e0a1858f
MP-ODI-2024-0012,PHOTO,/evidence/MP-ODI-2024-0012/photo_572.jpg,Site progress photo,2025-06-27,Field Officer App,sha256:19e7688e68c2d23a629e1f502daa8652
MP-GUJ-2024-0010,PHOTO,/evidence/MP-GUJ-2024-0010/photo_842.jpg,Site progress photo,2025-01-24,Field Officer App,sha256:4bdc88a098e4a98a11789bdd1e7c50c5
MP-ODI-2025-0011,PHOTO,/evidence/MP-ODI-2025-0011/photo_655.jpg,Site progress photo,2026-02-15,Field Officer App,sha256:7749ad4107b1ca4c7cd007b94110d859
MP-TEL-2024-0008,PHOTO,/evidence/MP-TEL-2024-0008/photo_143.jpg,Site progress photo,2025-06-23,Field Officer App,sha256:1e9e6810961c585ed143ef6590356cb5
MP-TEL-2023-0007,PHOTO,/evidence/MP-TEL-2023-0007/photo_79.jpg,Site progress photo,2024-06-21,Field Officer App,sha256:29b278c73e4e3c28b1f5396735a67d71
MP-MH-2025-0005,PHOTO,/evidence/MP-MH-2025-0005/photo_866.jpg,Site progress photo,2025-11-22,Field Officer App,sha256:4bbc22043c8b0dca311ea93e2f8dd486
MP-PUN-2024-0012,PHOTO,/evidence/MP-PUN-2024-0012/photo_791.jpg,Site progress photo,2025-04-05,Field Officer App,sha256:38923e86a7de1908b7d57cf5261b4b5c
MP-KAR-2023-0010,PHOTO,/evidence/MP-KAR-2023-0010/photo_871.jpg,Site progress photo,2024-04-07,Field Officer App,sha256:87486be0eef02b1a8451eceeab91c947
MP-KER-2022-0010,PHOTO,/evidence/MP-KER-2022-0010/photo_556.jpg,Site progress photo,2022-10-15,Field Officer App,sha256:519ace2ab70ec4884756b4576d21ced9
MP-RAJ-2023-0017,PHOTO,/evidence/MP-RAJ-2023-0017/photo_623.jpg,Site progress photo,2023-09-19,Field Officer App,sha256:83d70009e860dd1940cc36e922589cbb
MP-ODI-2022-0010,PHOTO,/evidence/MP-ODI-2022-0010/photo_208.jpg,Site progress photo,2022-08-15,Field Officer App,sha256:20302cf8b49dce5de46c3f3a30986b56
MP-KAR-2022-0008,PHOTO,/evidence/MP-KAR-2022-0008/photo_995.jpg,Site progress photo,2023-02-21,Field Officer App,sha256:c41f88f6f9cb7fa736d31fdb6a03af53
MP-GUJ-2024-0011,PHOTO,/evidence/MP-GUJ-2024-0011/photo_156.jpg,Site progress photo,2025-01-13,Field Officer App,sha256:9b311670ec03c99d2399935abe61142c
MP-TN-2022-0002,PHOTO,/evidence/MP-TN-2022-0002/photo_703.jpg,Site progress photo,2022-12-14,Field Officer App,sha256:2e2321ebcaf6f94a91c5601a29271d5e
MP-GUJ-2023-0014,PHOTO,/evidence/MP-GUJ-2023-0014/photo_389.jpg,Site progress photo,2024-07-03,Field Officer App,sha256:42f57e4d66c461b2645a5b4bae2e848d
MP-WB-2025-0010,PHOTO,/evidence/MP-WB-2025-0010/photo_798.jpg,Site progress photo,2025-09-02,Field Officer App,sha256:bfd6e52dac16192d748e38f7dcdc84d7
MP-TN-2023-0008,PHOTO,/evidence/MP-TN-2023-0008/photo_762.jpg,Site progress photo,2024-05-20,Field Officer App,sha256:b7ebf63d95410fe2d30808c3ec8e3439
MP-MP-2022-0006,PHOTO,/evidence/MP-MP-2022-0006/photo_277.jpg,Site progress photo,2022-09-30,Field Officer App,sha256:81d85de3f45a82dca3803dd2db6da297
MP-BHR-2023-0006,PHOTO,/evidence/MP-BHR-2023-0006/photo_866.jpg,Site progress photo,2024-01-28,Field Officer App,sha256:16f3df52f8206caa1d58961a7d2f2171
MP-NAG-2024-0006,PHOTO,/evidence/MP-NAG-2024-0006/photo_458.jpg,Site progress photo,2025-02-19,Field Officer App,sha256:7c82fabbebdcb1fb9b82ef0667bbae9c
MP-ODI-2023-0014,PHOTO,/evidence/MP-ODI-2023-0014/photo_481.jpg,Site progress photo,2024-03-27,Field Officer App,sha256:bc436fb25b8fda48c5d4c6a7e3de75ef
MP-RAJ-2024-0011,PHOTO,/evidence/MP-RAJ-2024-0011/photo_219.jpg,Site progress photo,2024-08-18,Field Officer App,sha256:3597f2dd17488928d39dd5b1cb3e6328
MP-TEL-2023-0008,PHOTO,/evidence/MP-TEL-2023-0008/photo_514.jpg,Site progress photo,2023-10-21,Field Officer App,sha256:0fe892e95334811abc5a8817e2b2fadd
MP-TN-2023-0009,PHOTO,/evidence/MP-TN-2023-0009/photo_684.jpg,Site progress photo,2023-09-13,Field Officer App,sha256:ce57efe3eeb4c16b7cf7d455b65dd6ec
MP-MP-2022-0007,PHOTO,/evidence/MP-MP-2022-0007/photo_110.jpg,Site progress photo,2023-04-11,Field Officer App,sha256:538c50888da22ea617c62c4feb4660e8
MP-DEL-2025-0009,PHOTO,/evidence/MP-DEL-2025-0009/photo_454.jpg,Site progress photo,2025-05-15,Field Officer App,sha256:6779e3f4f73480dc7480c35a112e25af
MP-BHR-2023-0007,PHOTO,/evidence/MP-BHR-2023-0007/photo_792.jpg,Site progress photo,2023-12-05,Field Officer App,sha256:bf8f99f944d154fda60b3f48e0bbdcab
MP-MH-2023-0009,PHOTO,/evidence/MP-MH-2023-0009/photo_494.jpg,Site progress photo,2023-11-21,Field Officer App,sha256:110b6a161844fa0dac6cd7a9af6ef0bb
MP-RAJ-2024-0012,PHOTO,/evidence/MP-RAJ-2024-0012/photo_649.jpg,Site progress photo,2024-07-11,Field Officer App,sha256:b4c8cb5628eff3a78f115004678fa9fb
MP-ASM-2024-0010,PHOTO,/evidence/MP-ASM-2024-0010/photo_595.jpg,Site progress photo,2024-07-11,Field Officer App,sha256:fba48921ba1401c6819b9a0efabdeb53
MP-ASM-2024-0011,PHOTO,/evidence/MP-ASM-2024-0011/photo_437.jpg,Site progress photo,2024-08-02,Field Officer App,sha256:a3221a0a533707cc56bdc10c407ade81
MP-MH-2023-0010,PHOTO,/evidence/MP-MH-2023-0010/photo_963.jpg,Site progress photo,2023-09-08,Field Officer App,sha256:35d9aa9f14d6039825a210e6ba58a93a
MP-WB-2022-0004,PHOTO,/evidence/MP-WB-2022-0004/photo_428.jpg,Site progress photo,2022-12-26,Field Officer App,sha256:2c52b7beff44b66475db95c73c4f802c
MP-DEL-2022-0007,PHOTO,/evidence/MP-DEL-2022-0007/photo_310.jpg,Site progress photo,2022-11-22,Field Officer App,sha256:8172b5af2e1bd3054ad0463f7db51533
MP-UP-2024-0010,PHOTO,/evidence/MP-UP-2024-0010/photo_194.jpg,Site progress photo,2024-02-28,Field Officer App,sha256:e5098a59f9c71371fd7bca4736f5026e
MP-MH-2025-0007,PHOTO,/evidence/MP-MH-2025-0007/photo_976.jpg,Site progress photo,2025-10-29,Field Officer App,sha256:764db93784b03a3e1d316b0f077f466e
MP-MP-2023-0007,PHOTO,/evidence/MP-MP-2023-0007/photo_672.jpg,Site progress photo,2024-03-23,Field Officer App,sha256:31204efdfd0421652d15108791968648
MP-ASM-2024-0012,PHOTO,/evidence/MP-ASM-2024-0012/photo_764.jpg,Site progress photo,2024-06-01,Field Officer App,sha256:c9cec1947502886d796167f2d2aa9e60
MP-KER-2025-0011,PHOTO,/evidence/MP-KER-2025-0011/photo_904.jpg,Site progress photo,2025-10-18,Field Officer App,sha256:4f10719ae9945f67b497400cf193223f
MP-TN-2024-0011,PHOTO,/evidence/MP-TN-2024-0011/photo_327.jpg,Site progress photo,2024-02-13,Field Officer App,sha256:c6d88b0505203dc4f99614835f5b792a
MP-TEL-2025-0010,PHOTO,/evidence/MP-TEL-2025-0010/photo_500.jpg,Site progress photo,2025-04-23,Field Officer App,sha256:4644229f1749bf67089b39460fb73fcd
MP-ODI-2025-0012,PHOTO,/evidence/MP-ODI-2025-0012/photo_493.jpg,Site progress photo,2025-06-14,Field Officer App,sha256:fe16146941a676fd474021148521feb7
MP-GUJ-2023-0015,PHOTO,/evidence/MP-GUJ-2023-0015/photo_946.jpg,Site progress photo,2023-05-31,Field Officer App,sha256:e7f82bf54997bf33b5bee80dcb12835b
MP-KAR-2022-0010,PHOTO,/evidence/MP-KAR-2022-0010/photo_962.jpg,Site progress photo,2022-11-02,Field Officer App,sha256:f375f6829410fe89f046f9274ca2eac5
MP-TEL-2025-0011,PHOTO,/evidence/MP-TEL-2025-0011/photo_508.jpg,Site progress photo,2025-05-26,Field Officer App,sha256:b482165a75e5bb4b9079bdf020be38fe
MP-RAJ-2023-0018,PHOTO,/evidence/MP-RAJ-2023-0018/photo_499.jpg,Site progress photo,2023-07-16,Field Officer App,sha256:b262fabce69a27b62e98e19ea6eaebf7
MP-PUN-2025-0011,PHOTO,/evidence/MP-PUN-2025-0011/photo_39.jpg,Site progress photo,2025-11-23,Field Officer App,sha256:d5533072d64565c4b85d5aa3a7baacce
MP-BHR-2025-0007,PHOTO,/evidence/MP-BHR-2025-0007/photo_968.jpg,Site progress photo,2025-11-10,Field Officer App,sha256:da1f74fc792c4d6877e1bbabbcd2a235
MP-ODI-2022-0011,PHOTO,/evidence/MP-ODI-2022-0011/photo_919.jpg,Site progress photo,2022-11-14,Field Officer App,sha256:c3d7af0e1e89bd051b9c11726f3fc887
MP-DEL-2024-0010,PHOTO,/evidence/MP-DEL-2024-0010/photo_589.jpg,Site progress photo,2025-01-08,Field Officer App,sha256:219673279cba291e4c198abd1f390e26
MP-PUN-2025-0012,PHOTO,/evidence/MP-PUN-2025-0012/photo_325.jpg,Site progress photo,2025-11-05,Field Officer App,sha256:e8e8e6577b03c66ea3da9f30c70d618d
MP-UP-2023-0010,PHOTO,/evidence/MP-UP-2023-0010/photo_871.jpg,Site progress photo,2023-05-25,Field Officer App,sha256:f26290569368f9bf7e5ae62151f48d55
MP-ASM-2024-0013,PHOTO,/evidence/MP-ASM-2024-0013/photo_612.jpg,Site progress photo,2024-06-04,Field Officer App,sha256:8ebe947747f88cf4a98c9769dcf1d7bf
MP-MH-2025-0008,PHOTO,/evidence/MP-MH-2025-0008/photo_762.jpg,Site progress photo,2025-10-23,Field Officer App,sha256:ab8baa9f288a13f86a828f9cf75f3559
MP-MH-2025-0009,PHOTO,/evidence/MP-MH-2025-0009/photo_48.jpg,Site progress photo,2025-10-12,Field Officer App,sha256:432741363f81cc039865ba03ce7d96c4
MP-TN-2023-0010,PHOTO,/evidence/MP-TN-2023-0010/photo_169.jpg,Site progress photo,2024-01-20,Field Officer App,sha256:d302893b00f969ba8d8acbe03be0a043
MP-TN-2022-0003,PHOTO,/evidence/MP-TN-2022-0003/photo_823.jpg,Site progress photo,2022-09-11,Field Officer App,sha256:2939a4c493cfd9fe77f11242ca92ac3a
MP-GUJ-2025-0016,PHOTO,/evidence/MP-GUJ-2025-0016/photo_295.jpg,Site progress photo,2025-10-03,Field Officer App,sha256:ce1e9a7b4ec632fbe68074266848f6f9
MP-KAR-2025-0009,PHOTO,/evidence/MP-KAR-2025-0009/photo_689.jpg,Site progress photo,2026-01-09,Field Officer App,sha256:b16319d4ec60c43be3cde6a557789468
MP-GUJ-2023-0016,PHOTO,/evidence/MP-GUJ-2023-0016/photo_218.jpg,Site progress photo,2024-04-13,Field Officer App,sha256:fbaac7a749c568d3386e4f235e352d44
MP-TN-2023-0011,PHOTO,/evidence/MP-TN-2023-0011/photo_239.jpg,Site progress photo,2023-10-01,Field Officer App,sha256:365f070c0d287712d99068bad47bdaa9
MP-ODI-2025-0013,PHOTO,/evidence/MP-ODI-2025-0013/photo_286.jpg,Site progress photo,2025-04-04,Field Officer App,sha256:00bcfcd0c651fb2a9b0e3aac7d1e9da8
MP-TEL-2024-0012,PHOTO,/evidence/MP-TEL-2024-0012/photo_627.jpg,Site progress photo,2024-06-07,Field Officer App,sha256:c95909aab16c7218508da0ef65f7ab85
MP-GUJ-2024-0012,PHOTO,/evidence/MP-GUJ-2024-0012/photo_433.jpg,Site progress photo,2024-10-27,Field Officer App,sha256:f5ae993d35de6b64ed929c1702f07fde
MP-PUN-2022-0008,PHOTO,/evidence/MP-PUN-2022-0008/photo_909.jpg,Site progress photo,2022-12-01,Field Officer App,sha256:3ea3d815cc58e362282b864ef0bc0225
MP-UP-2023-0011,PHOTO,/evidence/MP-UP-2023-0011/photo_119.jpg,Site progress photo,2024-01-17,Field Officer App,sha256:887cc90437b6ff91ea453714a8ab2028
MP-ODI-2023-0019,PHOTO,/evidence/MP-ODI-2023-0019/photo_346.jpg,Site progress photo,2023-02-28,Field Officer App,sha256:f7f0f89823bc1faf5cd24cbe9821d31d
MP-WB-2023-0006,PHOTO,/evidence/MP-WB-2023-0006/photo_627.jpg,Site progress photo,2024-07-13,Field Officer App,sha256:5c32ae9065fa746050755b6eb6ae87b3
MP-RAJ-2023-0019,PHOTO,/evidence/MP-RAJ-2023-0019/photo_653.jpg,Site progress photo,2024-05-08,Field Officer App,sha256:2d75d9b17250902be14bd6519e65dc1c
MP-PUN-2025-0013,PHOTO,/evidence/MP-PUN-2025-0013/photo_767.jpg,Site progress photo,2025-06-06,Field Officer App,sha256:709daf308a57fcc7df6d0e1c7be99d94
MP-BHR-2022-0010,PHOTO,/evidence/MP-BHR-2022-0010/photo_554.jpg,Site progress photo,2022-10-26,Field Officer App,sha256:9bc58c57b171a98e82f150a00382e691
MP-KAR-2023-0013,PHOTO,/evidence/MP-KAR-2023-0013/photo_521.jpg,Site progress photo,2023-12-19,Field Officer App,sha256:552deda9b3f1f632556c1f8c78397da1
MP-WB-2025-0011,PHOTO,/evidence/MP-WB-2025-0011/photo_664.jpg,Site progress photo,2025-12-23,Field Officer App,sha256:84cbb7e2b6d34e4c992542c41a93ddf2
MP-DEL-2025-0011,PHOTO,/evidence/MP-DEL-2025-0011/photo_408.jpg,Site progress photo,2025-04-12,Field Officer App,sha256:73ff86691b90ad829935c89b354e5a05
MP-RAJ-2023-0020,PHOTO,/evidence/MP-RAJ-2023-0020/photo_293.jpg,Site progress photo,2023-07-18,Field Officer App,sha256:4993ab6d45ed08821f692702533bbfd2
MP-ODI-2022-0013,PHOTO,/evidence/MP-ODI-2022-0013/photo_71.jpg,Site progress photo,2022-09-13,Field Officer App,sha256:b6e44b6ab3d4fd57dc8ad63a94d93f8d
MP-ASM-2022-0003,PHOTO,/evidence/MP-ASM-2022-0003/photo_702.jpg,Site progress photo,2022-09-24,Field Officer App,sha256:a3de649ea231c1ca6897f14df464feec
MP-MP-2022-0009,PHOTO,/evidence/MP-MP-2022-0009/photo_389.jpg,Site progress photo,2022-07-28,Field Officer App,sha256:762601b55a4550c84efbf9eee5fb4cb9
MP-RAJ-2022-0007,PHOTO,/evidence/MP-RAJ-2022-0007/photo_553.jpg,Site progress photo,2023-04-08,Field Officer App,sha256:c48d302c7b87ebd8a05492f2f6c487bf
MP-ODI-2023-0020,PHOTO,/evidence/MP-ODI-2023-0020/photo_581.jpg,Site progress photo,2023-05-05,Field Officer App,sha256:1e4586242c8a6c545ef71a83e23e0cbd
MP-NAG-2023-0012,PHOTO,/evidence/MP-NAG-2023-0012/photo_882.jpg,Site progress photo,2023-05-10,Field Officer App,sha256:dedb791b39bb8a985f27a1d166d805fb
MP-TN-2024-0012,PHOTO,/evidence/MP-TN-2024-0012/photo_749.jpg,Site progress photo,2024-11-05,Field Officer App,sha256:f98245125682940ad15fbf272890c51c
MP-TN-2022-0004,PHOTO,/evidence/MP-TN-2022-0004/photo_26.jpg,Site progress photo,2023-03-25,Field Officer App,sha256:5d7cae330b0060906cb78ef3fe628562
MP-GUJ-2023-0017,PHOTO,/evidence/MP-GUJ-2023-0017/photo_135.jpg,Site progress photo,2023-06-10,Field Officer App,sha256:205ea35c83d7f58a917505dffc27a091
MP-ODI-2022-0014,PHOTO,/evidence/MP-ODI-2022-0014/photo_292.jpg,Site progress photo,2022-12-04,Field Officer App,sha256:e796d4b6af6c5918c3d241199708281d
MP-ODI-2023-0021,PHOTO,/evidence/MP-ODI-2023-0021/photo_902.jpg,Site progress photo,2023-08-21,Field Officer App,sha256:0520be7feec4d42e20480f2d87f28af0
MP-MP-2023-0011,PHOTO,/evidence/MP-MP-2023-0011/photo_245.jpg,Site progress photo,2024-05-15,Field Officer App,sha256:c4a4f4f812619a80dcd5164d2b987124
MP-UP-2022-0007,PHOTO,/evidence/MP-UP-2022-0007/photo_75.jpg,Site progress photo,2022-12-23,Field Officer App,sha256:5f57044af9dcd653844e426d9a1d8600
MP-NAG-2022-0007,PHOTO,/evidence/MP-NAG-2022-0007/photo_552.jpg,Site progress photo,2022-09-24,Field Officer App,sha256:2e06819db257b6d76fee0c100b01e09c
MP-MP-2024-0014,PHOTO,/evidence/MP-MP-2024-0014/photo_957.jpg,Site progress photo,2025-01-03,Field Officer App,sha256:a2ecd87f12d0f44d1e387e759920b706
MP-NAG-2022-0008,PHOTO,/evidence/MP-NAG-2022-0008/photo_888.jpg,Site progress photo,2023-02-06,Field Officer App,sha256:334894c549f0b401945f0e9884c27301
MP-KAR-2022-0011,PHOTO,/evidence/MP-KAR-2022-0011/photo_203.jpg,Site progress photo,2023-02-16,Field Officer App,sha256:135ed94e816d77ee2f8cd0cc9aa14ed0
MP-DEL-2023-0013,PHOTO,/evidence/MP-DEL-2023-0013/photo_997.jpg,Site progress photo,2024-03-05,Field Officer App,sha256:93cbe55d041025a3691a4e09a3548bc4
MP-KER-2023-0010,PHOTO,/evidence/MP-KER-2023-0010/photo_914.jpg,Site progress photo,2023-05-24,Field Officer App,sha256:c8bd2debd7f0e0a4b3cf83bbfc1b4241
MP-ODI-2024-0019,PHOTO,/evidence/MP-ODI-2024-0019/photo_61.jpg,Site progress photo,2025-03-12,Field Officer App,sha256:2d0d823f6e61bf4bb2006ec6eab87e43
MP-KAR-2024-0016,PHOTO,/evidence/MP-KAR-2024-0016/photo_96.jpg,Site progress photo,2024-05-30,Field Officer App,sha256:833da7b3192b3bc719b6ac5ae91137cb
MP-UP-2024-0012,PHOTO,/evidence/MP-UP-2024-0012/photo_666.jpg,Site progress photo,2025-07-04,Field Officer App,sha256:3e627384594198d654c27a90ae1d2393
MP-KER-2024-0018,PHOTO,/evidence/MP-KER-2024-0018/photo_797.jpg,Site progress photo,2025-03-19,Field Officer App,sha256:c2f2c995cecca4d46bc09e12a40f6c8a
MP-KAR-2024-0017,PHOTO,/evidence/MP-KAR-2024-0017/photo_97.jpg,Site progress photo,2024-12-31,Field Officer App,sha256:c8f787f298e31f916ce65dbe0e1f6ed5
MP-NAG-2024-0007,PHOTO,/evidence/MP-NAG-2024-0007/photo_590.jpg,Site progress photo,2025-01-01,Field Officer App,sha256:24ea237ae299bf7942d328c5c50c36dd
MP-BHR-2024-0014,PHOTO,/evidence/MP-BHR-2024-0014/photo_88.jpg,Site progress photo,2024-05-13,Field Officer App,sha256:a8c2ce40184b072397ac6bbb94d0fd63
MP-ASM-2022-0004,PHOTO,/evidence/MP-ASM-2022-0004/photo_107.jpg,Site progress photo,2023-01-06,Field Officer App,sha256:3ac030a8d1947db8cd1d29ce00f3304b
MP-KER-2023-0013,PHOTO,/evidence/MP-KER-2023-0013/photo_917.jpg,Site progress photo,2024-01-04,Field Officer App,sha256:294542a7913698871d8c9cfc0bfe6d73
MP-TEL-2024-0014,PHOTO,/evidence/MP-TEL-2024-0014/photo_77.jpg,Site progress photo,2024-06-17,Field Officer App,sha256:1be15cbf8497d3cd0ea7ba1e70ea8ef8
MP-RAJ-2024-0015,PHOTO,/evidence/MP-RAJ-2024-0015/photo_832.jpg,Site progress photo,2024-11-13,Field Officer App,sha256:6b17df0a2208092e104794d3b13d57c2
MP-WB-2024-0009,PHOTO,/evidence/MP-WB-2024-0009/photo_542.jpg,Site progress photo,2024-07-01,Field Officer App,sha256:2002dc7101e2f37457b2df18b9b3c79d
MP-UP-2022-0009,PHOTO,/evidence/MP-UP-2022-0009/photo_362.jpg,Site progress photo,2023-05-13,Field Officer App,sha256:a114bccd10bd671dfbe76c6720e4def2
MP-MH-2025-0011,PHOTO,/evidence/MP-MH-2025-0011/photo_834.jpg,Site progress photo,2025-09-20,Field Officer App,sha256:4b5141dadbc6bb2e8749b9552d813881
MP-KAR-2023-0016,PHOTO,/evidence/MP-KAR-2023-0016/photo_841.jpg,Site progress photo,2023-11-29,Field Officer App,sha256:74e778833288425bc57a20473c020cf7
MP-TN-2023-0012,PHOTO,/evidence/MP-TN-2023-0012/photo_904.jpg,Site progress photo,2024-05-28,Field Officer App,sha256:17dabf40593253fd8298002ea8863452
MP-NAG-2022-0009,PHOTO,/evidence/MP-NAG-2022-0009/photo_277.jpg,Site progress photo,2022-10-29,Field Officer App,sha256:6561f5188c57c20d5846f79145552cdd
MP-MH-2023-0014,PHOTO,/evidence/MP-MH-2023-0014/photo_321.jpg,Site progress photo,2024-04-06,Field Officer App,sha256:9e29363dafecdbb9902952a3f4e636f1
MP-PUN-2024-0013,PHOTO,/evidence/MP-PUN-2024-0013/photo_315.jpg,Site progress photo,2025-02-14,Field Officer App,sha256:4825893f6c38305edb83d76ee3035fd8
MP-DEL-2024-0012,PHOTO,/evidence/MP-DEL-2024-0012/photo_883.jpg,Site progress photo,2024-12-25,Field Officer App,sha256:dc5bbe7d64378ffea3694819d97195a8
MP-UP-2023-0014,PHOTO,/evidence/MP-UP-2023-0014/photo_961.jpg,Site progress photo,2023-12-25,Field Officer App,sha256:9b4899272cc62a22419f79f5c5eda2b0
MP-KER-2023-0014,PHOTO,/evidence/MP-KER-2023-0014/photo_604.jpg,Site progress photo,2023-08-27,Field Officer App,sha256:85ab11f8dd1c36ca9e513fce913b8198
MP-TN-2024-0013,PHOTO,/evidence/MP-TN-2024-0013/photo_726.jpg,Site progress photo,2024-04-10,Field Officer App,sha256:0923b9821c51b596de27706debacfd22
MP-ASM-2024-0014,PHOTO,/evidence/MP-ASM-2024-0014/photo_951.jpg,Site progress photo,2024-03-09,Field Officer App,sha256:9ebaf9ef6cc592c6e766c9cbe7b62036
MP-GUJ-2023-0018,PHOTO,/evidence/MP-GUJ-2023-0018/photo_998.jpg,Site progress photo,2024-03-03,Field Officer App,sha256:b03d32ed5013c38619eecb8838330c97
MP-GUJ-2024-0014,PHOTO,/evidence/MP-GUJ-2024-0014/photo_398.jpg,Site progress photo,2024-09-06,Field Officer App,sha256:6629b0339103d6f3cefcd15003e16d4f
MP-KER-2025-0014,PHOTO,/evidence/MP-KER-2025-0014/photo_708.jpg,Site progress photo,2025-06-24,Field Officer App,sha256:c331e921d8b5578752161035102851b6
MP-WB-2023-0011,PHOTO,/evidence/MP-WB-2023-0011/photo_101.jpg,Site progress photo,2023-10-27,Field Officer App,sha256:7f7fdf7b58b6de8c31bf8127fa0b15ae
MP-KAR-2024-0019,PHOTO,/evidence/MP-KAR-2024-0019/photo_949.jpg,Site progress photo,2025-03-15,Field Officer App,sha256:9ddfdc4a5c011fe4672373f78c77e54f
MP-MP-2022-0011,PHOTO,/evidence/MP-MP-2022-0011/photo_960.jpg,Site progress photo,2022-10-01,Field Officer App,sha256:ead4d7556a977ec39324b44635e1807d
MP-GUJ-2025-0018,PHOTO,/evidence/MP-GUJ-2025-0018/photo_166.jpg,Site progress photo,2025-10-13,Field Officer App,sha256:a859e051824a5f6c8c72acb2141e866f
MP-TEL-2022-0009,PHOTO,/evidence/MP-TEL-2022-0009/photo_685.jpg,Site progress photo,2023-01-24,Field Officer App,sha256:bddf1be47d8e5d4cb443a6d22a8c0b3f
MP-ODI-2024-0020,PHOTO,/evidence/MP-ODI-2024-0020/photo_701.jpg,Site progress photo,2024-06-02,Field Officer App,sha256:33efe575a42b033de8583874733ad5dc
MP-UP-2023-0015,PHOTO,/evidence/MP-UP-2023-0015/photo_777.jpg,Site progress photo,2023-12-15,Field Officer App,sha256:5eaf5f2c697d0a66d4764902a32d7e0d
MP-MP-2022-0012,PHOTO,/evidence/MP-MP-2022-0012/photo_288.jpg,Site progress photo,2022-11-27,Field Officer App,sha256:c77970541243fb7d5976c9b56f38af1a
MP-GUJ-2025-0019,PHOTO,/evidence/MP-GUJ-2025-0019/photo_856.jpg,Site progress photo,2025-01-25,Field Officer App,sha256:11236cbb5900097700f469839f82a309
MP-DEL-2025-0012,PHOTO,/evidence/MP-DEL-2025-0012/photo_211.jpg,Site progress photo,2025-05-24,Field Officer App,sha256:685174fa3fac1c79de1ea6b8e7d383a0
MP-KAR-2022-0012,PHOTO,/evidence/MP-KAR-2022-0012/photo_394.jpg,Site progress photo,2022-11-24,Field Officer App,sha256:2ca684777098efb26003f020f26ad847
MP-NAG-2024-0009,PHOTO,/evidence/MP-NAG-2024-0009/photo_786.jpg,Site progress photo,2024-08-30,Field Officer App,sha256:4a571c4d64ce90c69b3c5548b5ee4256
MP-GUJ-2023-0020,PHOTO,/evidence/MP-GUJ-2023-0020/photo_908.jpg,Site progress photo,2023-07-02,Field Officer App,sha256:241df66c5a2caa74171b91a75dc2bd96
MP-DEL-2022-0008,PHOTO,/evidence/MP-DEL-2022-0008/photo_714.jpg,Site progress photo,2022-08-17,Field Officer App,sha256:e070eb14cfa33fd8d4256cc13203506c
MP-BHR-2025-0009,PHOTO,/evidence/MP-BHR-2025-0009/photo_551.jpg,Site progress photo,2025-05-12,Field Officer App,sha256:2956ac617388c213a9e6202d4b549b7c
MP-UP-2022-0010,PHOTO,/evidence/MP-UP-2022-0010/photo_336.jpg,Site progress photo,2023-01-13,Field Officer App,sha256:a6af73d1708979aab9b25aa4f2326df5
MP-GUJ-2025-0020,PHOTO,/evidence/MP-GUJ-2025-0020/photo_357.jpg,Site progress photo,2025-12-22,Field Officer App,sha256:ce10cfe4b567bc149e06f3dda368f960
MP-WB-2023-0012,PHOTO,/evidence/MP-WB-2023-0012/photo_764.jpg,Site progress photo,2024-01-01,Field Officer App,sha256:5a1828031c961c31bbbeecf972fd236b
MP-BHR-2024-0015,PHOTO,/evidence/MP-BHR-2024-0015/photo_327.jpg,Site progress photo,2024-06-17,Field Officer App,sha256:b898b60d12fc3599a7fcda15300ee8d8
MP-PUN-2024-0014,PHOTO,/evidence/MP-PUN-2024-0014/photo_117.jpg,Site progress photo,2024-12-24,Field Officer App,sha256:cf629cdb463318a16fa582064e44b1ec
MP-TN-2022-0005,PHOTO,/evidence/MP-TN-2022-0005/photo_891.jpg,Site progress photo,2022-07-19,Field Officer App,sha256:f4a7b001b638ecc200d5d989c42f65ae
MP-WB-2023-0013,PHOTO,/evidence/MP-WB-2023-0013/photo_863.jpg,Site progress photo,2024-04-17,Field Officer App,sha256:cb8333e6c3bc407b00dfbf280018168b
MP-BHR-2023-0010,PHOTO,/evidence/MP-BHR-2023-0010/photo_217.jpg,Site progress photo,2023-06-04,Field Officer App,sha256:9bcd26c2ebaab1430fd4e3b28c3a9c3e
MP-WB-2022-0006,PHOTO,/evidence/MP-WB-2022-0006/photo_327.jpg,Site progress photo,2022-10-09,Field Officer App,sha256:36b6a35227cab5ccf59d439e6eedd3f0
MP-NAG-2023-0016,PHOTO,/evidence/MP-NAG-2023-0016/photo_910.jpg,Site progress photo,2023-09-19,Field Officer App,sha256:73b0c043ac59d7f3859ef23a13fb765e
MP-ASM-2023-0010,PHOTO,/evidence/MP-ASM-2023-0010/photo_666.jpg,Site progress photo,2023-11-03,Field Officer App,sha256:575da8dd025163be1a6af153013cb949
MP-BHR-2025-0010,PHOTO,/evidence/MP-BHR-2025-0010/photo_169.jpg,Site progress photo,2025-06-06,Field Officer App,sha256:780fcda45bf5d68ecfcf97fd24dca6d8
MP-GUJ-2024-0016,PHOTO,/evidence/MP-GUJ-2024-0016/photo_733.jpg,Site progress photo,2025-02-20,Field Officer App,sha256:7c202dffbdf549e841e7ec70a9b9aa39
MP-KER-2022-0011,PHOTO,/evidence/MP-KER-2022-0011/photo_295.jpg,Site progress photo,2023-01-12,Field Officer App,sha256:bf666eb147bc86e72695838bb0aa70aa
MP-MP-2023-0013,PHOTO,/evidence/MP-MP-2023-0013/photo_801.jpg,Site progress photo,2025-10-15,Field Officer App,sha256:137a21ff65952c4d664171acbf8d602b
MP-RAJ-2024-0017,PHOTO,/evidence/MP-RAJ-2024-0017/photo_894.jpg,Site progress photo,2024-10-03,Field Officer App,sha256:6c92557b13aec61b786cabf51fcb324b
MP-TEL-2024-0016,PHOTO,/evidence/MP-TEL-2024-0016/photo_775.jpg,Site progress photo,2024-07-08,Field Officer App,sha256:5d3d0f722159550904d7b43371b45913
MP-RAJ-2023-0022,PHOTO,/evidence/MP-RAJ-2023-0022/photo_170.jpg,Site progress photo,2023-07-27,Field Officer App,sha256:1126ce6138a3793f236f90b95babfe63
MP-NAG-2023-0017,PHOTO,/evidence/MP-NAG-2023-0017/photo_877.jpg,Site progress photo,2023-09-14,Field Officer App,sha256:ab38b72e582c20ea0abfcab96ce75d22
MP-MH-2024-0011,PHOTO,/evidence/MP-MH-2024-0011/photo_382.jpg,Site progress photo,2025-03-08,Field Officer App,sha256:cf87470a6e5950102fc16ca1a9730218
MP-TN-2024-0015,PHOTO,/evidence/MP-TN-2024-0015/photo_639.jpg,Site progress photo,2024-08-29,Field Officer App,sha256:dcdc635f40784e09985b3cb9e054a717
MP-KAR-2024-0020,PHOTO,/evidence/MP-KAR-2024-0020/photo_421.jpg,Site progress photo,2024-09-28,Field Officer App,sha256:118d69fcc6e992ca021ef2a78a0dee31
MP-MP-2023-0014,PHOTO,/evidence/MP-MP-2023-0014/photo_993.jpg,Site progress photo,2023-08-10,Field Officer App,sha256:fa09ac90c9f188929222e2627ddf113b
MP-KAR-2024-0021,PHOTO,/evidence/MP-KAR-2024-0021/photo_515.jpg,Site progress photo,2025-05-16,Field Officer App,sha256:dda256e1f9db92c8a3fde4b52cfd388f
MP-KAR-2024-0022,PHOTO,/evidence/MP-KAR-2024-0022/photo_596.jpg,Site progress photo,2024-06-25,Field Officer App,sha256:f0342d884801dcc1ae4f98feed161354
MP-UP-2025-0012,PHOTO,/evidence/MP-UP-2025-0012/photo_446.jpg,Site progress photo,2025-05-16,Field Officer App,sha256:f044dee199ad881f15259bb470b6b716
MP-KAR-2023-0020,PHOTO,/evidence/MP-KAR-2023-0020/photo_187.jpg,Site progress photo,2024-02-22,Field Officer App,sha256:c9d29286a39d34678945d269fe6da8d0
MP-KAR-2024-0023,PHOTO,/evidence/MP-KAR-2024-0023/photo_151.jpg,Site progress photo,2024-06-01,Field Officer App,sha256:044fdf1438808bd5c1d9477c2c3549cf
MP-KAR-2024-0024,PHOTO,/evidence/MP-KAR-2024-0024/photo_431.jpg,Site progress photo,2025-02-15,Field Officer App,sha256:dbf9dd978e49a980cc2fc1520197fa46
MP-UP-2023-0017,PHOTO,/evidence/MP-UP-2023-0017/photo_735.jpg,Site progress photo,2024-01-22,Field Officer App,sha256:df5c61583951ced6716acd4990c24bd3
MP-NAG-2025-0013,PHOTO,/evidence/MP-NAG-2025-0013/photo_319.jpg,Site progress photo,2025-09-24,Field Officer App,sha256:008c05c34a534a4e341efb9d0033e26b
MP-DEL-2024-0014,PHOTO,/evidence/MP-DEL-2024-0014/photo_4.jpg,Site progress photo,2025-03-28,Field Officer App,sha256:a0316cd3baaf799d897c1c98aeb4e672
MP-DEL-2025-0013,PHOTO,/evidence/MP-DEL-2025-0013/photo_466.jpg,Site progress photo,2025-09-17,Field Officer App,sha256:878a7e7c79860f4b23c083d7142b0a5b
MP-ODI-2022-0016,PHOTO,/evidence/MP-ODI-2022-0016/photo_660.jpg,Site progress photo,2022-09-26,Field Officer App,sha256:3105fb28bf47259f70d54dd0d6e78c5c
MP-DEL-2025-0014,PHOTO,/evidence/MP-DEL-2025-0014/photo_284.jpg,Site progress photo,2025-12-01,Field Officer App,sha256:c0addd7ada0af9f6cb28da7669706405
MP-ODI-2025-0014,PHOTO,/evidence/MP-ODI-2025-0014/photo_281.jpg,Site progress photo,2025-06-18,Field Officer App,sha256:afb9744a407c04c87a98135cf2101282
MP-KER-2025-0015,PHOTO,/evidence/MP-KER-2025-0015/photo_968.jpg,Site progress photo,2025-08-12,Field Officer App,sha256:07fb0a038d7d204b11909ee64c1e6322
MP-DEL-2023-0014,PHOTO,/evidence/MP-DEL-2023-0014/photo_111.jpg,Site progress photo,2023-06-05,Field Officer App,sha256:c5fa420143d0ce20e1dafca278ec8ee1
MP-DEL-2024-0015,PHOTO,/evidence/MP-DEL-2024-0015/photo_591.jpg,Site progress photo,2024-04-04,Field Officer App,sha256:4383ea293793cc7e0eb40505b8de0c26
MP-MP-2024-0018,PHOTO,/evidence/MP-MP-2024-0018/photo_828.jpg,Site progress photo,2025-03-16,Field Officer App,sha256:6543ffd1a20698eb71a0d1f8c517ebfb
MP-TEL-2024-0017,PHOTO,/evidence/MP-TEL-2024-0017/photo_277.jpg,Site progress photo,2024-11-24,Field Officer App,sha256:52f402e131757d5c0c8689c7798cde8d
MP-MH-2024-0012,PHOTO,/evidence/MP-MH-2024-0012/photo_796.jpg,Site progress photo,2024-09-28,Field Officer App,sha256:2f0ee5ee23a367a1d56e478df5fcd803
MP-ASM-2023-0011,PHOTO,/evidence/MP-ASM-2023-0011/photo_131.jpg,Site progress photo,2024-03-18,Field Officer App,sha256:8981a9ceabc5c54b21b0e22cf290b6b3
MP-ASM-2025-0005,PHOTO,/evidence/MP-ASM-2025-0005/photo_482.jpg,Site progress photo,2025-04-04,Field Officer App,sha256:5854d935f49afa8b332179771adf6892
MP-ASM-2024-0017,PHOTO,/evidence/MP-ASM-2024-0017/photo_140.jpg,Site progress photo,2024-05-19,Field Officer App,sha256:7a927496433803366b2e5f80afd72acd
MP-KER-2022-0012,PHOTO,/evidence/MP-KER-2022-0012/photo_305.jpg,Site progress photo,2022-07-20,Field Officer App,sha256:eb434032e6cc94a72fd5cc2b473bb43b
MP-NAG-2022-0010,PHOTO,/evidence/MP-NAG-2022-0010/photo_613.jpg,Site progress photo,2023-01-11,Field Officer App,sha256:36823a09d2d92449cef1b5266d4bebdd
MP-TN-2023-0014,PHOTO,/evidence/MP-TN-2023-0014/photo_393.jpg,Site progress photo,2023-07-07,Field Officer App,sha256:5466191094f9cebac26e07f8ee567ae0
MP-MH-2023-0017,PHOTO,/evidence/MP-MH-2023-0017/photo_259.jpg,Site progress photo,2023-08-09,Field Officer App,sha256:33956201cae90c2e8965fcab2f0e0bbf
MP-TEL-2023-0010,PHOTO,/evidence/MP-TEL-2023-0010/photo_677.jpg,Site progress photo,2023-08-25,Field Officer App,sha256:2595cce7665a0695304f9c57a91bb925
MP-RAJ-2024-0018,PHOTO,/evidence/MP-RAJ-2024-0018/photo_559.jpg,Site progress photo,2024-08-29,Field Officer App,sha256:88138aa266aa65be2a2da62d1c226ef8
MP-WB-2023-0014,PHOTO,/evidence/MP-WB-2023-0014/photo_74.jpg,Site progress photo,2023-06-14,Field Officer App,sha256:2ad3987d5ab7642eed61d5f4f8eaee98
MP-PUN-2023-0007,PHOTO,/evidence/MP-PUN-2023-0007/photo_784.jpg,Site progress photo,2023-05-08,Field Officer App,sha256:3e5fb6a8b344454e439a5c1467b899d8
MP-KER-2025-0016,PHOTO,/evidence/MP-KER-2025-0016/photo_952.jpg,Site progress photo,2025-11-04,Field Officer App,sha256:20d2b0cc573bd4e5735c44531f6c2249
MP-GUJ-2024-0017,PHOTO,/evidence/MP-GUJ-2024-0017/photo_306.jpg,Site progress photo,2024-07-13,Field Officer App,sha256:79ce14cc2c5c81d1ce0611cebf2c7c21
MP-NAG-2025-0014,PHOTO,/evidence/MP-NAG-2025-0014/photo_440.jpg,Site progress photo,2025-04-16,Field Officer App,sha256:539e6f866bb5d21a23258e9924914f1f
MP-NAG-2024-0010,PHOTO,/evidence/MP-NAG-2024-0010/photo_263.jpg,Site progress photo,2025-01-17,Field Officer App,sha256:571ad5fd270feb2ed1ae80bd4b979487
MP-UP-2022-0011,PHOTO,/evidence/MP-UP-2022-0011/photo_816.jpg,Site progress photo,2023-04-04,Field Officer App,sha256:2c0bb8e5f4721f7232517fe520420f21
MP-KAR-2022-0013,PHOTO,/evidence/MP-KAR-2022-0013/photo_258.jpg,Site progress photo,2022-12-15,Field Officer App,sha256:9433b5a7b28bc8538e1430f95edeeb7d
MP-TN-2025-0010,PHOTO,/evidence/MP-TN-2025-0010/photo_384.jpg,Site progress photo,2025-07-08,Field Officer App,sha256:d11c1c9e1420fa212292a9da05eee381
MP-MH-2024-0013,PHOTO,/evidence/MP-MH-2024-0013/photo_569.jpg,Site progress photo,2024-06-06,Field Officer App,sha256:53c670eddf2f297afc28ac1e064e93c9
MP-ODI-2023-0025,PHOTO,/evidence/MP-ODI-2023-0025/photo_610.jpg,Site progress photo,2024-05-05,Field Officer App,sha256:fcf24214a0fd92c07732121ffa586ad0
MP-TEL-2024-0019,PHOTO,/evidence/MP-TEL-2024-0019/photo_987.jpg,Site progress photo,2025-04-10,Field Officer App,sha256:10b5f218ae1c2d832b53941f0b8cd8af
MP-TEL-2025-0014,PHOTO,/evidence/MP-TEL-2025-0014/photo_825.jpg,Site progress photo,2025-08-14,Field Officer App,sha256:8f3bbb09f393c7b9d5970e5cffed541a
MP-DEL-2024-0016,PHOTO,/evidence/MP-DEL-2024-0016/photo_95.jpg,Site progress photo,2024-11-23,Field Officer App,sha256:c946fb80486ff0dfbffc8c8497d97d27
MP-ODI-2023-0026,PHOTO,/evidence/MP-ODI-2023-0026/photo_922.jpg,Site progress photo,2023-07-02,Field Officer App,sha256:d4858b16bb5df7ba0d314507d7045a59
MP-KER-2024-0021,PHOTO,/evidence/MP-KER-2024-0021/photo_149.jpg,Site progress photo,2024-04-19,Field Officer App,sha256:2a3b0e2b0921f3990b86bce0cc4fd1dd
MP-TEL-2023-0011,PHOTO,/evidence/MP-TEL-2023-0011/photo_686.jpg,Site progress photo,2023-11-24,Field Officer App,sha256:0829700b8f58de4a131e4618020642d6
MP-TEL-2023-0012,PHOTO,/evidence/MP-TEL-2023-0012/photo_866.jpg,Site progress photo,2023-04-25,Field Officer App,sha256:f0bc156edf84299ebdd0299784c1c6fe
MP-ODI-2025-0015,PHOTO,/evidence/MP-ODI-2025-0015/photo_42.jpg,Site progress photo,2025-07-31,Field Officer App,sha256:ce7b434d0951cbf8c3aeb3b37df31cd0
MP-GUJ-2022-0006,PHOTO,/evidence/MP-GUJ-2022-0006/photo_303.jpg,Site progress photo,2022-09-10,Field Officer App,sha256:4a7b85b3671e9da6f37ee50db61b8726
MP-TN-2023-0015,PHOTO,/evidence/MP-TN-2023-0015/photo_298.jpg,Site progress photo,2024-01-23,Field Officer App,sha256:e353da34cd7ced8c242974b21cb4dad1
MP-WB-2023-0016,PHOTO,/evidence/MP-WB-2023-0016/photo_401.jpg,Site progress photo,2024-01-22,Field Officer App,sha256:1c1471287d861cf825f1fa0f7fd2e369
MP-TEL-2023-0013,PHOTO,/evidence/MP-TEL-2023-0013/photo_612.jpg,Site progress photo,2024-03-24,Field Officer App,sha256:5d56cc2a2dbeaafca8d327166ed7ef5a
MP-DEL-2023-0015,PHOTO,/evidence/MP-DEL-2023-0015/photo_166.jpg,Site progress photo,2023-07-03,Field Officer App,sha256:1e451b6da0359ca1df85439c7c60bc20
MP-PUN-2023-0008,PHOTO,/evidence/MP-PUN-2023-0008/photo_580.jpg,Site progress photo,2024-01-02,Field Officer App,sha256:439067672a2b3b57538142a5951792d2
MP-MP-2023-0016,PHOTO,/evidence/MP-MP-2023-0016/photo_125.jpg,Site progress photo,2024-01-06,Field Officer App,sha256:26c287e5ea90922649a1126b56d03761
MP-MP-2024-0019,PHOTO,/evidence/MP-MP-2024-0019/photo_669.jpg,Site progress photo,2025-01-06,Field Officer App,sha256:4c33b9c5068d2de60651307ab4a27353
MP-MH-2025-0015,PHOTO,/evidence/MP-MH-2025-0015/photo_577.jpg,Site progress photo,2025-10-07,Field Officer App,sha256:2662030941a2be25c1f590657ec442cc
MP-NAG-2023-0018,PHOTO,/evidence/MP-NAG-2023-0018/photo_371.jpg,Site progress photo,2024-01-28,Field Officer App,sha256:5a519561e756e2f7c63c954aa1eb923a
MP-PUN-2024-0016,PHOTO,/evidence/MP-PUN-2024-0016/photo_255.jpg,Site progress photo,2024-11-26,Field Officer App,sha256:18d0905247cf8190c7208a2099cd748f
MP-MP-2023-0017,PHOTO,/evidence/MP-MP-2023-0017/photo_308.jpg,Site progress photo,2024-01-17,Field Officer App,sha256:826f89bc3d02d04dc6985c70306b3fb5
MP-MP-2024-0020,PHOTO,/evidence/MP-MP-2024-0020/photo_339.jpg,Site progress photo,2024-11-05,Field Officer App,sha256:dd95d4de19f0d94768ecc233cdf62204
MP-PUN-2024-0017,PHOTO,/evidence/MP-PUN-2024-0017/photo_195.jpg,Site progress photo,2024-09-21,Field Officer App,sha256:f154f713989054abf384081216f67684
MP-TEL-2024-0021,PHOTO,/evidence/MP-TEL-2024-0021/photo_987.jpg,Site progress photo,2024-11-11,Field Officer App,sha256:128711b7a15726a84c7278f1f420f8ea
MP-KAR-2023-0023,PHOTO,/evidence/MP-KAR-2023-0023/photo_504.jpg,Site progress photo,2023-08-08,Field Officer App,sha256:92c1e1550906801e8343931723d1ece9
MP-MP-2022-0013,PHOTO,/evidence/MP-MP-2022-0013/photo_960.jpg,Site progress photo,2023-02-04,Field Officer App,sha256:a67b5341593e180ca87578c2ce31ea81
MP-KAR-2022-0014,PHOTO,/evidence/MP-KAR-2022-0014/photo_290.jpg,Site progress photo,2022-10-05,Field Officer App,sha256:2d252bb951e1a0145d280ba497fff87e
MP-ODI-2023-0027,PHOTO,/evidence/MP-ODI-2023-0027/photo_745.jpg,Site progress photo,2023-11-01,Field Officer App,sha256:6f283685c5669733d62e0166d515802f
MP-WB-2024-0013,PHOTO,/evidence/MP-WB-2024-0013/photo_219.jpg,Site progress photo,2024-04-16,Field Officer App,sha256:3cee873a802da0716b6e250995def454
MP-KER-2022-0013,PHOTO,/evidence/MP-KER-2022-0013/photo_922.jpg,Site progress photo,2023-03-30,Field Officer App,sha256:763c730acab20037f19b24a676e3edbc
MP-DEL-2025-0016,PHOTO,/evidence/MP-DEL-2025-0016/photo_306.jpg,Site progress photo,2026-02-20,Field Officer App,sha256:85e57d00ca1e2ae7155968bf390aa063
MP-WB-2023-0017,PHOTO,/evidence/MP-WB-2023-0017/photo_936.jpg,Site progress photo,2023-06-01,Field Officer App,sha256:5a02a300294c60ddb5f6486a6f2c6f50
MP-KAR-2023-0024,PHOTO,/evidence/MP-KAR-2023-0024/photo_224.jpg,Site progress photo,2024-01-29,Field Officer App,sha256:b706a6181d35194135d7024741725839
MP-DEL-2025-0017,PHOTO,/evidence/MP-DEL-2025-0017/photo_362.jpg,Site progress photo,2025-08-07,Field Officer App,sha256:b10f7a3b44249575099a3af2e446f0d4
MP-GUJ-2023-0022,PHOTO,/evidence/MP-GUJ-2023-0022/photo_814.jpg,Site progress photo,2023-07-28,Field Officer App,sha256:6c4bfa6189ecaf633fc119c55b115e92
MP-MH-2022-0006,PHOTO,/evidence/MP-MH-2022-0006/photo_914.jpg,Site progress photo,2022-10-29,Field Officer App,sha256:b2c3f6495712428d09617469b9007713
MP-RAJ-2022-0008,PHOTO,/evidence/MP-RAJ-2022-0008/photo_548.jpg,Site progress photo,2023-05-17,Field Officer App,sha256:816b017d5357af4f87a295c85f9ecfdd
MP-KER-2023-0020,PHOTO,/evidence/MP-KER-2023-0020/photo_509.jpg,Site progress photo,2024-04-15,Field Officer App,sha256:003252b3d218d99d66815d01b16df170
MP-RAJ-2022-0009,PHOTO,/evidence/MP-RAJ-2022-0009/photo_722.jpg,Site progress photo,2023-06-24,Field Officer App,sha256:c68bf9274d5317ef378411e501764beb
MP-PUN-2022-0009,PHOTO,/evidence/MP-PUN-2022-0009/photo_927.jpg,Site progress photo,2023-01-19,Field Officer App,sha256:7c008be43842f7cc3b6018907302d5f8
MP-RAJ-2025-0011,PHOTO,/evidence/MP-RAJ-2025-0011/photo_273.jpg,Site progress photo,2025-07-20,Field Officer App,sha256:4bbcec8813173c4ce13cec167861444a
MP-MP-2022-0014,PHOTO,/evidence/MP-MP-2022-0014/photo_229.jpg,Site progress photo,2022-10-12,Field Officer App,sha256:3f29a4f76efeefd53c2644d79866b039
MP-DEL-2025-0018,PHOTO,/evidence/MP-DEL-2025-0018/photo_54.jpg,Site progress photo,2025-11-26,Field Officer App,sha256:c319e14eebde2cc05119e7548e5ab035
MP-MP-2022-0015,PHOTO,/evidence/MP-MP-2022-0015/photo_665.jpg,Site progress photo,2022-11-08,Field Officer App,sha256:d0b4291f11762f94ef804b927f886d63
MP-WB-2024-0015,PHOTO,/evidence/MP-WB-2024-0015/photo_126.jpg,Site progress photo,2024-08-24,Field Officer App,sha256:3003cd81a650542fa9506d2f72fb75e1
MP-KER-2025-0017,PHOTO,/evidence/MP-KER-2025-0017/photo_837.jpg,Site progress photo,2025-08-04,Field Officer App,sha256:43e62e10e32d4283197d683cebc99829
MP-NAG-2024-0012,PHOTO,/evidence/MP-NAG-2024-0012/photo_302.jpg,Site progress photo,2024-10-19,Field Officer App,sha256:1a5fc3bf2051d30208d8d6df6d6b770f
MP-KAR-2024-0025,PHOTO,/evidence/MP-KAR-2024-0025/photo_838.jpg,Site progress photo,2024-07-04,Field Officer App,sha256:86acb5b11c7c89a4d6a60efc7f69c9b2
MP-MP-2025-0010,PHOTO,/evidence/MP-MP-2025-0010/photo_998.jpg,Site progress photo,2025-10-18,Field Officer App,sha256:4096b3c9bcb7511f7eabe97b233ed8ff
MP-PUN-2023-0010,PHOTO,/evidence/MP-PUN-2023-0010/photo_308.jpg,Site progress photo,2023-12-02,Field Officer App,sha256:f70b62414b1a31d5e3501084b5965048
MP-MP-2023-0018,PHOTO,/evidence/MP-MP-2023-0018/photo_166.jpg,Site progress photo,2024-07-28,Field Officer App,sha256:cb492db9fda6892fb056b0c2b75aafa2
MP-NAG-2023-0020,PHOTO,/evidence/MP-NAG-2023-0020/photo_167.jpg,Site progress photo,2024-02-12,Field Officer App,sha256:f1fe4fd5d2c3918a041c37bde26dea07
MP-KER-2023-0021,PHOTO,/evidence/MP-KER-2023-0021/photo_269.jpg,Site progress photo,2023-07-16,Field Officer App,sha256:c42264535849a34abdb9a4bc226cb548
MP-BHR-2022-0014,PHOTO,/evidence/MP-BHR-2022-0014/photo_787.jpg,Site progress photo,2023-03-29,Field Officer App,sha256:e464ef1b70720a68e27e95cab1bb1c9b
MP-ODI-2024-0023,PHOTO,/evidence/MP-ODI-2024-0023/photo_211.jpg,Site progress photo,2024-10-08,Field Officer App,sha256:0e068945dae7d3112046c6c29c307238
MP-BHR-2023-0012,PHOTO,/evidence/MP-BHR-2023-0012/photo_721.jpg,Site progress photo,2023-04-10,Field Officer App,sha256:8f9769f73a5c53e94738fcd4e781e349
MP-MH-2024-0015,PHOTO,/evidence/MP-MH-2024-0015/photo_400.jpg,Site progress photo,2024-07-07,Field Officer App,sha256:202701c2447244df56df68d3235cede0
MP-MP-2024-0021,PHOTO,/evidence/MP-MP-2024-0021/photo_572.jpg,Site progress photo,2025-05-18,Field Officer App,sha256:5c0df9af6742c98a23640f5adde7e6bb
MP-RAJ-2022-0010,PHOTO,/evidence/MP-RAJ-2022-0010/photo_442.jpg,Site progress photo,2022-11-20,Field Officer App,sha256:a58f5e5ccd75735589311241849b8305
MP-RAJ-2023-0023,PHOTO,/evidence/MP-RAJ-2023-0023/photo_113.jpg,Site progress photo,2023-12-11,Field Officer App,sha256:36918120ff9d80e65ac858db501dbcdd
MP-GUJ-2024-0021,PHOTO,/evidence/MP-GUJ-2024-0021/photo_812.jpg,Site progress photo,2024-11-15,Field Officer App,sha256:6145530e8e4b07ecd04c083474718d6c
MP-RAJ-2023-0024,PHOTO,/evidence/MP-RAJ-2023-0024/photo_468.jpg,Site progress photo,2024-01-09,Field Officer App,sha256:fb643ff2f2355d3e9501e7d768096257
MP-KAR-2024-0027,PHOTO,/evidence/MP-KAR-2024-0027/photo_203.jpg,Site progress photo,2025-05-27,Field Officer App,sha256:4de76c9614448d6cb176dc011671b130
MP-KER-2023-0022,PHOTO,/evidence/MP-KER-2023-0022/photo_677.jpg,Site progress photo,2023-11-28,Field Officer App,sha256:1531065101f44e60700508e70281dc92
MP-KAR-2023-0025,PHOTO,/evidence/MP-KAR-2023-0025/photo_116.jpg,Site progress photo,2023-11-21,Field Officer App,sha256:b389ea77d5c67dbc0861963a9c0c09ba
MP-KAR-2022-0015,PHOTO,/evidence/MP-KAR-2022-0015/photo_233.jpg,Site progress photo,2023-01-19,Field Officer App,sha256:a00326e34ef8476e471bd78dcc13c53b
MP-MH-2024-0016,PHOTO,/evidence/MP-MH-2024-0016/photo_527.jpg,Site progress photo,2024-09-29,Field Officer App,sha256:c64557865b86d039dc5e99b3e182fc28
MP-TN-2025-0012,PHOTO,/evidence/MP-TN-2025-0012/photo_681.jpg,Site progress photo,2025-07-29,Field Officer App,sha256:4afc18c67067f47a4705a92a2744bf90
MP-KER-2023-0023,PHOTO,/evidence/MP-KER-2023-0023/photo_147.jpg,Site progress photo,2024-01-15,Field Officer App,sha256:7015f1bb36ed82a234a7158ea699d8fc
MP-TN-2023-0018,PHOTO,/evidence/MP-TN-2023-0018/photo_314.jpg,Site progress photo,2023-08-04,Field Officer App,sha256:76cb0165e6832a11df3a38829cf6d661
MP-TEL-2024-0022,PHOTO,/evidence/MP-TEL-2024-0022/photo_612.jpg,Site progress photo,2024-08-31,Field Officer App,sha256:cc83a7a1c4468dece4ca22667a688371
MP-GUJ-2025-0025,PHOTO,/evidence/MP-GUJ-2025-0025/photo_739.jpg,Site progress photo,2025-12-17,Field Officer App,sha256:b66f0a7ab97c808145c139a1f5852b1c
MP-MP-2023-0019,PHOTO,/evidence/MP-MP-2023-0019/photo_481.jpg,Site progress photo,2023-08-28,Field Officer App,sha256:ad0d9a2bd628f70b48a2e95bf1cc57ed
MP-KER-2025-0018,PHOTO,/evidence/MP-KER-2025-0018/photo_677.jpg,Site progress photo,2025-10-23,Field Officer App,sha256:a25f35921f1f8bfc06dbae13a6bc703a
MP-ODI-2025-0017,PHOTO,/evidence/MP-ODI-2025-0017/photo_166.jpg,Site progress photo,2025-07-01,Field Officer App,sha256:f906273e49b0439bf1cd4357e0c0ad8e
MP-BHR-2022-0015,PHOTO,/evidence/MP-BHR-2022-0015/photo_210.jpg,Site progress photo,2022-07-14,Field Officer App,sha256:2e2bd519ba26caefc738f0acda3b1958
MP-TEL-2024-0023,PHOTO,/evidence/MP-TEL-2024-0023/photo_207.jpg,Site progress photo,2024-08-11,Field Officer App,sha256:8f613795bb3357148db4db7dc801a02b
MP-KER-2025-0019,PHOTO,/evidence/MP-KER-2025-0019/photo_763.jpg,Site progress photo,2026-01-17,Field Officer App,sha256:aeed511d03f6c1ad63c9f6544206e439
MP-ODI-2024-0024,PHOTO,/evidence/MP-ODI-2024-0024/photo_869.jpg,Site progress photo,2024-07-12,Field Officer App,sha256:4225aada8af1789c564133b4515395ef
MP-ASM-2024-0019,PHOTO,/evidence/MP-ASM-2024-0019/photo_433.jpg,Site progress photo,2024-08-12,Field Officer App,sha256:06f29b4eb958a63762ebdbd2b3a51845
MP-DEL-2024-0017,PHOTO,/evidence/MP-DEL-2024-0017/photo_271.jpg,Site progress photo,2024-11-17,Field Officer App,sha256:66edd4e6bfc413e0ce52d221b56902fb
MP-WB-2023-0018,PHOTO,/evidence/MP-WB-2023-0018/photo_291.jpg,Site progress photo,2023-11-16,Field Officer App,sha256:386e54bf73a7119c7a0684c72cc24089
MP-NAG-2024-0014,PHOTO,/evidence/MP-NAG-2024-0014/photo_729.jpg,Site progress photo,2024-06-11,Field Officer App,sha256:595fd612b2227e1b1b61b80c65cf7ff5
MP-MP-2024-0022,PHOTO,/evidence/MP-MP-2024-0022/photo_400.jpg,Site progress photo,2024-09-03,Field Officer App,sha256:ad2fe02ae3eed3ca60740ceafcf60182
MP-GUJ-2022-0010,PHOTO,/evidence/MP-GUJ-2022-0010/photo_108.jpg,Site progress photo,2023-03-06,Field Officer App,sha256:70163edd1c4ac0db5e6bd0c66f717915
MP-TEL-2023-0014,PHOTO,/evidence/MP-TEL-2023-0014/photo_16.jpg,Site progress photo,2023-04-24,Field Officer App,sha256:19eeaf806508fd3b2d118fe495600c1b
MP-ODI-2024-0025,PHOTO,/evidence/MP-ODI-2024-0025/photo_840.jpg,Site progress photo,2024-11-13,Field Officer App,sha256:ff84bf1c1c15695ed056ce505a3318ee
MP-PUN-2022-0010,PHOTO,/evidence/MP-PUN-2022-0010/photo_839.jpg,Site progress photo,2022-12-31,Field Officer App,sha256:1ad46b98d08714508c730e1aa78a17ce
MP-DEL-2023-0018,PHOTO,/evidence/MP-DEL-2023-0018/photo_719.jpg,Site progress photo,2023-12-18,Field Officer App,sha256:7ecec61e0dc715564d88b30ef30912e3
MP-ODI-2023-0029,PHOTO,/evidence/MP-ODI-2023-0029/photo_570.jpg,Site progress photo,2024-01-15,Field Officer App,sha256:3b95704ff3476f6a7a7912fe82b4287d
MP-PUN-2023-0011,PHOTO,/evidence/MP-PUN-2023-0011/photo_258.jpg,Site progress photo,2024-02-01,Field Officer App,sha256:c355ae34595d0dac04a32b46ef4d1998
MP-PUN-2023-0012,PHOTO,/evidence/MP-PUN-2023-0012/photo_620.jpg,Site progress photo,2023-07-25,Field Officer App,sha256:dc0a3bd47a22c16d0f965b26de75f8ed
MP-TN-2025-0013,PHOTO,/evidence/MP-TN-2025-0013/photo_99.jpg,Site progress photo,2026-02-06,Field Officer App,sha256:87233c4aa322c0b6ba63a8c3db27c4a5
MP-MH-2023-0020,PHOTO,/evidence/MP-MH-2023-0020/photo_580.jpg,Site progress photo,2023-07-07,Field Officer App,sha256:8c82a6bf7e5718d23e18e994fa4d8c75
MP-KAR-2023-0026,PHOTO,/evidence/MP-KAR-2023-0026/photo_318.jpg,Site progress photo,2023-08-22,Field Officer App,sha256:fbde7bda1921a38a8d7d53ff2954b5d8
MP-ODI-2022-0017,PHOTO,/evidence/MP-ODI-2022-0017/photo_184.jpg,Site progress photo,2023-01-11,Field Officer App,sha256:1e45d79339256adcabcc47a547e2c9a7
MP-MP-2024-0023,PHOTO,/evidence/MP-MP-2024-0023/photo_836.jpg,Site progress photo,2024-04-08,Field Officer App,sha256:6a3c1778edee9f0dd2f298988a91c08d
MP-BHR-2023-0014,PHOTO,/evidence/MP-BHR-2023-0014/photo_94.jpg,Site progress photo,2023-05-20,Field Officer App,sha256:6ff0b85f135f73639a47472654481dbc
MP-TN-2022-0007,PHOTO,/evidence/MP-TN-2022-0007/photo_194.jpg,Site progress photo,2022-11-25,Field Officer App,sha256:03fd2741841c982cf3d584dae63529df
MP-KAR-2025-0010,PHOTO,/evidence/MP-KAR-2025-0010/photo_857.jpg,Site progress photo,2025-10-08,Field Officer App,sha256:8dd026086bfaef5f3864f48545fc250e
MP-DEL-2024-0018,PHOTO,/evidence/MP-DEL-2024-0018/photo_728.jpg,Site progress photo,2024-10-23,Field Officer App,sha256:2d6844a7ad7d52a123c8a423040559a4
MP-RAJ-2025-0012,PHOTO,/evidence/MP-RAJ-2025-0012/photo_313.jpg,Site progress photo,2025-10-15,Field Officer App,sha256:524d7f949431463ae5848f785f944d74
MP-BHR-2022-0016,PHOTO,/evidence/MP-BHR-2022-0016/photo_176.jpg,Site progress photo,2022-09-25,Field Officer App,sha256:7dc1279f014b1c19d57ef4ebecd60e4a
MP-MP-2024-0024,PHOTO,/evidence/MP-MP-2024-0024/photo_663.jpg,Site progress photo,2024-09-13,Field Officer App,sha256:e86e21abfb612e305a15a32a6d4a398e
MP-TEL-2023-0016,PHOTO,/evidence/MP-TEL-2023-0016/photo_567.jpg,Site progress photo,2023-10-02,Field Officer App,sha256:9dda1ed5659f616480126b82d2b8e7a5
MP-WB-2023-0019,PHOTO,/evidence/MP-WB-2023-0019/photo_390.jpg,Site progress photo,2023-12-30,Field Officer App,sha256:f7b4d0f764f376042ca11005b43f5070
MP-DEL-2023-0019,PHOTO,/evidence/MP-DEL-2023-0019/photo_400.jpg,Site progress photo,2024-03-31,Field Officer App,sha256:81c6c72a2415d92c5f61c1a93b78317e
MP-DEL-2025-0019,PHOTO,/evidence/MP-DEL-2025-0019/photo_790.jpg,Site progress photo,2025-11-19,Field Officer App,sha256:ef9df07b3c64a9cc00368ec84272df14
MP-KER-2024-0023,PHOTO,/evidence/MP-KER-2024-0023/photo_331.jpg,Site progress photo,2024-09-15,Field Officer App,sha256:cc8fb17b711ca993a787b1c0085474fa
MP-KER-2023-0024,PHOTO,/evidence/MP-KER-2023-0024/photo_40.jpg,Site progress photo,2023-11-12,Field Officer App,sha256:751e889de4c927aa8d40a0c4cf7362f2
MP-KAR-2025-0011,PHOTO,/evidence/MP-KAR-2025-0011/photo_866.jpg,Site progress photo,2026-02-26,Field Officer App,sha256:793f5f3aaf66b8dec153fb6d8356a54d
MP-GUJ-2024-0022,PHOTO,/evidence/MP-GUJ-2024-0022/photo_189.jpg,Site progress photo,2025-03-13,Field Officer App,sha256:f2aa11102e44fb6d4260e82450a08515
MP-BHR-2025-0012,PHOTO,/evidence/MP-BHR-2025-0012/photo_351.jpg,Site progress photo,2025-04-08,Field Officer App,sha256:778593799932a8ebf20d2f1df836f85c
MP-UP-2025-0014,PHOTO,/evidence/MP-UP-2025-0014/photo_500.jpg,Site progress photo,2025-10-18,Field Officer App,sha256:e0898f8ef718e004a0fdf62daa5ef9cc
MP-NAG-2023-0024,PHOTO,/evidence/MP-NAG-2023-0024/photo_974.jpg,Site progress photo,2023-12-26,Field Officer App,sha256:7169c0b092904f73ad64d9b2cbda2342
MP-TEL-2025-0016,PHOTO,/evidence/MP-TEL-2025-0016/photo_52.jpg,Site progress photo,2025-09-24,Field Officer App,sha256:a9dc36a5430fe5bac44d7db30b179244
MP-KER-2024-0024,PHOTO,/evidence/MP-KER-2024-0024/photo_306.jpg,Site progress photo,2024-11-19,Field Officer App,sha256:c8ce41cd455caa3380ce201231804529
MP-ODI-2025-0018,PHOTO,/evidence/MP-ODI-2025-0018/photo_76.jpg,Site progress photo,2025-10-22,Field Officer App,sha256:7162e4d0e0f7142d10a0ee6deb080e34
MP-WB-2025-0013,PHOTO,/evidence/MP-WB-2025-0013/photo_313.jpg,Site progress photo,2025-11-11,Field Officer App,sha256:92f5f34144895d4da61fcb9cf72c1e7e
MP-ODI-2022-0018,PHOTO,/evidence/MP-ODI-2022-0018/photo_852.jpg,Site progress photo,2022-11-29,Field Officer App,sha256:8064b199781ca633187563b38a85d875
MP-NAG-2025-0017,PHOTO,/evidence/MP-NAG-2025-0017/photo_725.jpg,Site progress photo,2025-08-11,Field Officer App,sha256:aaafddc5dbe031b0afaed2e0f8d53d41
MP-WB-2022-0010,PHOTO,/evidence/MP-WB-2022-0010/photo_574.jpg,Site progress photo,2023-04-15,Field Officer App,sha256:bcc52e64c2c08eaf4c6dfe3963339044
MP-ODI-2024-0026,PHOTO,/evidence/MP-ODI-2024-0026/photo_52.jpg,Site progress photo,2024-06-15,Field Officer App,sha256:a6875e5912440454022bc562642fc710
MP-MP-2023-0021,PHOTO,/evidence/MP-MP-2023-0021/photo_737.jpg,Site progress photo,2023-12-27,Field Officer App,sha256:f6783447c065a0b52eeb709613c91def
MP-KER-2025-0020,PHOTO,/evidence/MP-KER-2025-0020/photo_248.jpg,Site progress photo,2025-10-12,Field Officer App,sha256:0923ae5c5e841b02edafff9dcd96cba5
MP-KER-2023-0025,PHOTO,/evidence/MP-KER-2023-0025/photo_488.jpg,Site progress photo,2023-09-15,Field Officer App,sha256:8f63f8fd20c445ca0effa0687948fdec
MP-WB-2025-0016,PHOTO,/evidence/MP-WB-2025-0016/photo_285.jpg,Site progress photo,2025-04-11,Field Officer App,sha256:f2c30881d3004ec12bda0efaa7038fe6
MP-ASM-2025-0006,PHOTO,/evidence/MP-ASM-2025-0006/photo_424.jpg,Site progress photo,2025-12-15,Field Officer App,sha256:ba165fc02d5852d8776640e50eea2af2
MP-TN-2023-0020,PHOTO,/evidence/MP-TN-2023-0020/photo_824.jpg,Site progress photo,2023-06-13,Field Officer App,sha256:c12070b0d718ac89f3a869a10314ee62
MP-KER-2025-0021,PHOTO,/evidence/MP-KER-2025-0021/photo_986.jpg,Site progress photo,2025-12-01,Field Officer App,sha256:2e8ab13b18dbaa5759af24d837d6113c
MP-UP-2023-0024,PHOTO,/evidence/MP-UP-2023-0024/photo_906.jpg,Site progress photo,2023-12-23,Field Officer App,sha256:11edd4f2a86fb2e9093c9355c4d0a290
MP-GUJ-2023-0023,PHOTO,/evidence/MP-GUJ-2023-0023/photo_230.jpg,Site progress photo,2024-02-24,Field Officer App,sha256:4a47ded6bb391cb358ccfb3d205b0693
MP-NAG-2024-0015,PHOTO,/evidence/MP-NAG-2024-0015/photo_966.jpg,Site progress photo,2024-10-24,Field Officer App,sha256:be78a13d958a7a4f3875e707d9223246
MP-TEL-2025-0017,PHOTO,/evidence/MP-TEL-2025-0017/photo_892.jpg,Site progress photo,2025-07-05,Field Officer App,sha256:5469cfb65786bffd5122bed68c5e519b
MP-DEL-2025-0020,PHOTO,/evidence/MP-DEL-2025-0020/photo_797.jpg,Site progress photo,2025-05-26,Field Officer App,sha256:e9d0df7d0040600dcb6ae19272d9c796
MP-RAJ-2022-0012,PHOTO,/evidence/MP-RAJ-2022-0012/photo_68.jpg,Site progress photo,2022-09-26,Field Officer App,sha256:fc73c5f6680e21089f648f06206c1a9e
MP-NAG-2024-0016,PHOTO,/evidence/MP-NAG-2024-0016/photo_778.jpg,Site progress photo,2024-09-24,Field Officer App,sha256:cea5b3fbe009335efeb41fd068fa1921
MP-WB-2022-0012,PHOTO,/evidence/MP-WB-2022-0012/photo_634.jpg,Site progress photo,2022-08-08,Field Officer App,sha256:6cb5c592deb3b854911dc5a4bdcbc40b
MP-TEL-2024-0025,PHOTO,/evidence/MP-TEL-2024-0025/photo_899.jpg,Site progress photo,2024-08-31,Field Officer App,sha256:24727281ae4ba26b547c1a8a7fa394a7
MP-WB-2025-0017,PHOTO,/evidence/MP-WB-2025-0017/photo_999.jpg,Site progress photo,2025-10-18,Field Officer App,sha256:bd9565b230284c1f5859296913abde25
MP-TEL-2022-0014,PHOTO,/evidence/MP-TEL-2022-0014/photo_596.jpg,Site progress photo,2023-04-29,Field Officer App,sha256:c94752309831bc822269c6c1df2db606
MP-NAG-2024-0017,PHOTO,/evidence/MP-NAG-2024-0017/photo_176.jpg,Site progress photo,2024-07-13,Field Officer App,sha256:4de4e23ec45fba1b9220e1ba921f6e36
MP-KER-2023-0027,PHOTO,/evidence/MP-KER-2023-0027/photo_308.jpg,Site progress photo,2023-08-09,Field Officer App,sha256:78d5a2e0253f70bb58a880a70ab19dec
MP-DEL-2023-0021,PHOTO,/evidence/MP-DEL-2023-0021/photo_419.jpg,Site progress photo,2023-08-28,Field Officer App,sha256:c4184453da1c91107175dfdcaf4dcc80
MP-WB-2025-0018,PHOTO,/evidence/MP-WB-2025-0018/photo_882.jpg,Site progress photo,2025-05-14,Field Officer App,sha256:e677d7e9b9d7ff9d5eca6d73f3960ce8
MP-TEL-2023-0018,PHOTO,/evidence/MP-TEL-2023-0018/photo_441.jpg,Site progress photo,2023-09-27,Field Officer App,sha256:2ccf18a19d4c9e852f3410a42c24a750
MP-PUN-2023-0014,PHOTO,/evidence/MP-PUN-2023-0014/photo_902.jpg,Site progress photo,2023-03-23,Field Officer App,sha256:69fbf93ef946d2716db220c87dcfeff8
MP-BHR-2023-0016,PHOTO,/evidence/MP-BHR-2023-0016/photo_512.jpg,Site progress photo,2023-12-28,Field Officer App,sha256:433b284126dff664749657a82bb6ab09
MP-KER-2023-0028,PHOTO,/evidence/MP-KER-2023-0028/photo_113.jpg,Site progress photo,2023-10-12,Field Officer App,sha256:60b6fd11de4c49aaf124ef1e8c737066
MP-KER-2024-0026,PHOTO,/evidence/MP-KER-2024-0026/photo_534.jpg,Site progress photo,2024-06-08,Field Officer App,sha256:0f41221d141f652a9b722a28b046fc8d
MP-NAG-2023-0026,PHOTO,/evidence/MP-NAG-2023-0026/photo_436.jpg,Site progress photo,2023-06-26,Field Officer App,sha256:b4ee7a8942ca8a26579a8df379914e94
MP-KAR-2024-0029,PHOTO,/evidence/MP-KAR-2024-0029/photo_568.jpg,Site progress photo,2024-12-10,Field Officer App,sha256:095d67caf581729216d5ee32317b770f
MP-NAG-2023-0027,PHOTO,/evidence/MP-NAG-2023-0027/photo_462.jpg,Site progress photo,2023-12-22,Field Officer App,sha256:e0c925375f8cdfa76939de803432664a
MP-BHR-2023-0017,PHOTO,/evidence/MP-BHR-2023-0017/photo_320.jpg,Site progress photo,2023-07-22,Field Officer App,sha256:a129d933eed35eb9b99feedce8b522ff
MP-NAG-2022-0014,PHOTO,/evidence/MP-NAG-2022-0014/photo_837.jpg,Site progress photo,2023-04-15,Field Officer App,sha256:8c36f45f9e71e62b61e194fb68ae192a
MP-UP-2024-0018,PHOTO,/evidence/MP-UP-2024-0018/photo_462.jpg,Site progress photo,2024-07-20,Field Officer App,sha256:36c62e6895301c163ab53708c75c985a
MP-RAJ-2023-0025,PHOTO,/evidence/MP-RAJ-2023-0025/photo_279.jpg,Site progress photo,2023-12-22,Field Officer App,sha256:569648d2e52b2c6cdc632d2ca9cd8ac9
MP-PUN-2023-0015,PHOTO,/evidence/MP-PUN-2023-0015/photo_970.jpg,Site progress photo,2023-08-17,Field Officer App,sha256:9a348f78e616840658bb64c58c5068ea
MP-RAJ-2024-0020,PHOTO,/evidence/MP-RAJ-2024-0020/photo_853.jpg,Site progress photo,2024-03-05,Field Officer App,sha256:001794e41966a4ed1d1bdc8adf5c0165
MP-NAG-2025-0018,PHOTO,/evidence/MP-NAG-2025-0018/photo_489.jpg,Site progress photo,2026-03-20,Field Officer App,sha256:c45091e481f31ce3a862d401282c562f
MP-TN-2024-0019,PHOTO,/evidence/MP-TN-2024-0019/photo_638.jpg,Site progress photo,2024-05-12,Field Officer App,sha256:ac4a51395317477d2951a3d4708216f0
MP-TN-2022-0008,PHOTO,/evidence/MP-TN-2022-0008/photo_305.jpg,Site progress photo,2022-08-03,Field Officer App,sha256:bade7cdd30903591d2e5cd1b59a33904
MP-TN-2022-0009,PHOTO,/evidence/MP-TN-2022-0009/photo_450.jpg,Site progress photo,2022-09-16,Field Officer App,sha256:e424b9f8eafc81089e4d411dedc694cc
MP-ASM-2023-0016,PHOTO,/evidence/MP-ASM-2023-0016/photo_674.jpg,Site progress photo,2023-09-16,Field Officer App,sha256:500de035b34485373d82e65cc7d26d9d
MP-BHR-2024-0018,PHOTO,/evidence/MP-BHR-2024-0018/photo_986.jpg,Site progress photo,2025-02-25,Field Officer App,sha256:113fd8771a25073144a9babbe1e7a752
MP-NAG-2024-0019,PHOTO,/evidence/MP-NAG-2024-0019/photo_45.jpg,Site progress photo,2025-02-09,Field Officer App,sha256:b3e15d2e2f10f52aff1f1ddbeafb7888
MP-DEL-2024-0019,PHOTO,/evidence/MP-DEL-2024-0019/photo_285.jpg,Site progress photo,2025-05-21,Field Officer App,sha256:beebc86b2417dacb0cea6431e6bb90f7
MP-ODI-2023-0030,PHOTO,/evidence/MP-ODI-2023-0030/photo_636.jpg,Site progress photo,2024-03-08,Field Officer App,sha256:c91cb0895c4c1e23a73003b8a881b437
MP-UP-2024-0020,PHOTO,/evidence/MP-UP-2024-0020/photo_357.jpg,Site progress photo,2024-01-31,Field Officer App,sha256:e129d065fb4b8069d7893b9649b8694f
MP-ASM-2025-0007,PHOTO,/evidence/MP-ASM-2025-0007/photo_287.jpg,Site progress photo,2025-11-11,Field Officer App,sha256:871fb371ca56094b64a711e798aaa212
MP-PUN-2024-0018,PHOTO,/evidence/MP-PUN-2024-0018/photo_117.jpg,Site progress photo,2024-09-15,Field Officer App,sha256:576cf424f3b0d862991be92fcf227e81
MP-MH-2024-0018,PHOTO,/evidence/MP-MH-2024-0018/photo_120.jpg,Site progress photo,2024-11-03,Field Officer App,sha256:d93b4a3211cd889db0a8bc4bda960e99
MP-NAG-2023-0028,PHOTO,/evidence/MP-NAG-2023-0028/photo_444.jpg,Site progress photo,2023-10-08,Field Officer App,sha256:a76d179882ec097e7fcf2d6ae8574b64
MP-ASM-2025-0008,PHOTO,/evidence/MP-ASM-2025-0008/photo_400.jpg,Site progress photo,2025-04-14,Field Officer App,sha256:04fdf1cbad866b4765f2579322876d1c
MP-ASM-2024-0022,PHOTO,/evidence/MP-ASM-2024-0022/photo_249.jpg,Site progress photo,2024-09-17,Field Officer App,sha256:d3f9c65eebac23a99bd0f41ba0547848
MP-MH-2023-0023,PHOTO,/evidence/MP-MH-2023-0023/photo_996.jpg,Site progress photo,2023-09-30,Field Officer App,sha256:140c81f6c59242f8065a4c0bcb548fe9
MP-KER-2024-0027,PHOTO,/evidence/MP-KER-2024-0027/photo_232.jpg,Site progress photo,2025-01-16,Field Officer App,sha256:f3c014d65534736c6121e2d8eea064d3
MP-BHR-2025-0014,PHOTO,/evidence/MP-BHR-2025-0014/photo_928.jpg,Site progress photo,2025-10-12,Field Officer App,sha256:70d6c51c8e11126d9ec07477db2c0c15
MP-ODI-2025-0019,PHOTO,/evidence/MP-ODI-2025-0019/photo_849.jpg,Site progress photo,2025-10-04,Field Officer App,sha256:401893bfbde17a266804ee6286154224
MP-PUN-2025-0019,PHOTO,/evidence/MP-PUN-2025-0019/photo_234.jpg,Site progress photo,2025-06-05,Field Officer App,sha256:929b2828a01b35c2bd733e814c65071d
MP-PUN-2024-0019,PHOTO,/evidence/MP-PUN-2024-0019/photo_613.jpg,Site progress photo,2024-11-18,Field Officer App,sha256:d240f3281cb94a10ccbfc4ba1c28de2e
MP-MP-2023-0022,PHOTO,/evidence/MP-MP-2023-0022/photo_624.jpg,Site progress photo,2024-04-16,Field Officer App,sha256:f56917ad27fceddd0e1d7f07cd7c5631
MP-BHR-2022-0017,PHOTO,/evidence/MP-BHR-2022-0017/photo_560.jpg,Site progress photo,2022-10-23,Field Officer App,sha256:a260caadcba8b5495c3938c7f3482094
MP-KER-2025-0022,PHOTO,/evidence/MP-KER-2025-0022/photo_19.jpg,Site progress photo,2025-06-03,Field Officer App,sha256:5632001fa1e4bb3f042dfecc051991c4
MP-MP-2023-0023,PHOTO,/evidence/MP-MP-2023-0023/photo_944.jpg,Site progress photo,2023-03-31,Field Officer App,sha256:e6f65c8f6f0b85fc16d3386dd1e00ccf
MP-TN-2024-0020,PHOTO,/evidence/MP-TN-2024-0020/photo_290.jpg,Site progress photo,2024-07-07,Field Officer App,sha256:6759f7ae84d71d8aa3539268e919182e
MP-WB-2024-0020,PHOTO,/evidence/MP-WB-2024-0020/photo_873.jpg,Site progress photo,2024-06-30,Field Officer App,sha256:017bb36109fcb0812ba17b8fa1740e17
MP-BHR-2024-0020,PHOTO,/evidence/MP-BHR-2024-0020/photo_483.jpg,Site progress photo,2024-06-01,Field Officer App,sha256:b1c2aa774f45c55a65afdb1b2abbae47
MP-UP-2023-0027,PHOTO,/evidence/MP-UP-2023-0027/photo_633.jpg,Site progress photo,2024-03-09,Field Officer App,sha256:570489c66fc92154a4b5d54d1ed5b3f8
MP-MH-2025-0020,PHOTO,/evidence/MP-MH-2025-0020/photo_133.jpg,Site progress photo,2026-03-13,Field Officer App,sha256:ab8692ab4f86eac13aa64a4ed9c82ec7
MP-MP-2025-0011,PHOTO,/evidence/MP-MP-2025-0011/photo_333.jpg,Site progress photo,2025-08-02,Field Officer App,sha256:e8952ce431c2a77e63842f5b189d20d3
MP-UP-2024-0022,PHOTO,/evidence/MP-UP-2024-0022/photo_2.jpg,Site progress photo,2024-10-11,Field Officer App,sha256:3e99162a636fa63eaa9cb5a7f6a76dce
MP-DEL-2024-0020,PHOTO,/evidence/MP-DEL-2024-0020/photo_594.jpg,Site progress photo,2024-04-24,Field Officer App,sha256:0d63eaa3cf9a161cd0bbb33ea8621a6f
MP-NAG-2024-0021,PHOTO,/evidence/MP-NAG-2024-0021/photo_141.jpg,Site progress photo,2025-02-08,Field Officer App,sha256:d51df46a09fca4ab2f4fa5821798fe09
MP-MH-2024-0020,PHOTO,/evidence/MP-MH-2024-0020/photo_921.jpg,Site progress photo,2024-09-13,Field Officer App,sha256:f7dbc02fb3bd8b890918bc7830b2b5a9
MP-DEL-2025-0021,PHOTO,/evidence/MP-DEL-2025-0021/photo_827.jpg,Site progress photo,2025-07-04,Field Officer App,sha256:4d7861ac25fb2787f597ae19fcaf9b76
MP-ASM-2025-0009,PHOTO,/evidence/MP-ASM-2025-0009/photo_492.jpg,Site progress photo,2025-07-24,Field Officer App,sha256:4a2b6696d38749c9f9d1736b04639f34
MP-UP-2022-0014,PHOTO,/evidence/MP-UP-2022-0014/photo_50.jpg,Site progress photo,2023-02-20,Field Officer App,sha256:8cfa1f4939127efef2d19808a6fc68fd
MP-MP-2025-0012,PHOTO,/evidence/MP-MP-2025-0012/photo_903.jpg,Site progress photo,2026-01-29,Field Officer App,sha256:cf4bfd2cdcec15d29b29b771370092b1
MP-GUJ-2024-0023,PHOTO,/evidence/MP-GUJ-2024-0023/photo_930.jpg,Site progress photo,2025-02-09,Field Officer App,sha256:2a155fe65dc130fe4aa93571f943a961
MP-MP-2022-0018,PHOTO,/evidence/MP-MP-2022-0018/photo_112.jpg,Site progress photo,2022-09-24,Field Officer App,sha256:763370da1e5821aae9e9712d92cf4fd9
MP-ASM-2024-0024,PHOTO,/evidence/MP-ASM-2024-0024/photo_430.jpg,Site progress photo,2024-04-17,Field Officer App,sha256:f75e6157e41d663e18de8663d1be6da7
MP-NAG-2025-0019,PHOTO,/evidence/MP-NAG-2025-0019/photo_565.jpg,Site progress photo,2025-09-08,Field Officer App,sha256:f7659c3a0cfcbd81f7ddeb870ad092a7
MP-TN-2024-0021,PHOTO,/evidence/MP-TN-2024-0021/photo_60.jpg,Site progress photo,2024-03-25,Field Officer App,sha256:37fe84a7068a10d7d3fd83c31de07446
MP-MP-2024-0025,PHOTO,/evidence/MP-MP-2024-0025/photo_293.jpg,Site progress photo,2024-11-01,Field Officer App,sha256:e905f076c9c252b0ef079663eacf80d5
MP-PUN-2024-0020,PHOTO,/evidence/MP-PUN-2024-0020/photo_979.jpg,Site progress photo,2025-03-10,Field Officer App,sha256:b6a972bcee2d71e1ae0b4a41b24fab0d
MP-KAR-2025-0015,PHOTO,/evidence/MP-KAR-2025-0015/photo_699.jpg,Site progress photo,2025-06-21,Field Officer App,sha256:6165f4f97fb37e00d7c09d8541fc43ab
MP-KAR-2023-0027,PHOTO,/evidence/MP-KAR-2023-0027/photo_284.jpg,Site progress photo,2023-10-12,Field Officer App,sha256:2931c94a7391172f957aaa568f602d12
MP-KAR-2023-0028,PHOTO,/evidence/MP-KAR-2023-0028/photo_26.jpg,Site progress photo,2023-08-05,Field Officer App,sha256:d2ca3783d2b1f43119dbc93e7c355f09
MP-PUN-2023-0016,PHOTO,/evidence/MP-PUN-2023-0016/photo_176.jpg,Site progress photo,2023-09-23,Field Officer App,sha256:c8d2dca560347fd392e866ca05f726f6
MP-WB-2022-0013,PHOTO,/evidence/MP-WB-2022-0013/photo_976.jpg,Site progress photo,2023-01-24,Field Officer App,sha256:869b4f431483f15211814c724eab1396
MP-ASM-2023-0017,PHOTO,/evidence/MP-ASM-2023-0017/photo_459.jpg,Site progress photo,2023-07-07,Field Officer App,sha256:300ddfc469ca4b692871a495ee8e5e9c
MP-TN-2025-0014,PHOTO,/evidence/MP-TN-2025-0014/photo_488.jpg,Site progress photo,2025-08-19,Field Officer App,sha256:e8c0ed075434d2779a2176f33df2f9f1
MP-MP-2023-0024,PHOTO,/evidence/MP-MP-2023-0024/photo_655.jpg,Site progress photo,2023-07-09,Field Officer App,sha256:bf3bde6167fdf629063e96cf8d503b7c
MP-ASM-2022-0006,PHOTO,/evidence/MP-ASM-2022-0006/photo_400.jpg,Site progress photo,2022-12-19,Field Officer App,sha256:a8b90f7c7a6d08269dea70f42c37b98c
MP-TN-2025-0015,PHOTO,/evidence/MP-TN-2025-0015/photo_620.jpg,Site progress photo,2025-12-25,Field Officer App,sha256:a111a8f507e9653115e2933e45bb8a2f
MP-ODI-2023-0033,PHOTO,/evidence/MP-ODI-2023-0033/photo_300.jpg,Site progress photo,2023-03-14,Field Officer App,sha256:d6c9efe284c72adab42a6bba6f3df6c4
MP-BHR-2023-0018,PHOTO,/evidence/MP-BHR-2023-0018/photo_999.jpg,Site progress photo,2023-06-20,Field Officer App,sha256:d077a656dfff72cfce9b719719922c71
MP-KAR-2023-0029,PHOTO,/evidence/MP-KAR-2023-0029/photo_382.jpg,Site progress photo,2023-04-28,Field Officer App,sha256:6020de73a2fc570d44ff9637cbbf3986
MP-TN-2023-0022,PHOTO,/evidence/MP-TN-2023-0022/photo_562.jpg,Site progress photo,2023-11-18,Field Officer App,sha256:9404b826cb2df05071ef10b646c99dae
MP-TN-2023-0023,PHOTO,/evidence/MP-TN-2023-0023/photo_109.jpg,Site progress photo,2023-12-31,Field Officer App,sha256:dee13223cd88881475e516d5e30acf27
MP-DEL-2022-0014,PHOTO,/evidence/MP-DEL-2022-0014/photo_375.jpg,Site progress photo,2022-10-28,Field Officer App,sha256:0b9174f2da6ab1307b1df1a9db16fe2d
MP-PUN-2024-0021,PHOTO,/evidence/MP-PUN-2024-0021/photo_303.jpg,Site progress photo,2025-03-02,Field Officer App,sha256:5f34ed57f387c643a59f535ad631e4fe
MP-NAG-2024-0022,PHOTO,/evidence/MP-NAG-2024-0022/photo_555.jpg,Site progress photo,2024-10-22,Field Officer App,sha256:a62227767ecd4e7f3efce0b82deb8978
MP-DEL-2023-0024,PHOTO,/evidence/MP-DEL-2023-0024/photo_678.jpg,Site progress photo,2024-05-01,Field Officer App,sha256:dcccecc01e6307611aae71889d4006b2
MP-MP-2022-0020,PHOTO,/evidence/MP-MP-2022-0020/photo_656.jpg,Site progress photo,2023-03-08,Field Officer App,sha256:27b78ffe7ac0eef7c6a7b3ee01987f9e
MP-PUN-2024-0022,PHOTO,/evidence/MP-PUN-2024-0022/photo_855.jpg,Site progress photo,2024-05-28,Field Officer App,sha256:bb5ff30dd0d649bbbcebc43e00d96313
MP-TN-2024-0022,PHOTO,/evidence/MP-TN-2024-0022/photo_698.jpg,Site progress photo,2025-04-15,Field Officer App,sha256:0f3a68095d31291f980dbd704c1c3971
MP-KER-2024-0029,PHOTO,/evidence/MP-KER-2024-0029/photo_311.jpg,Site progress photo,2024-04-28,Field Officer App,sha256:78f529f95e31a7f0ac773fe135955d4f
MP-MH-2023-0027,PHOTO,/evidence/MP-MH-2023-0027/photo_975.jpg,Site progress photo,2023-06-11,Field Officer App,sha256:bd50eadc64026fec159d9c81e25dd332
MP-NAG-2023-0029,PHOTO,/evidence/MP-NAG-2023-0029/photo_795.jpg,Site progress photo,2023-11-05,Field Officer App,sha256:93750fa4666f86e99bf2d758577ec461
MP-NAG-2024-0023,PHOTO,/evidence/MP-NAG-2024-0023/photo_414.jpg,Site progress photo,2025-05-20,Field Officer App,sha256:497162cc83bc3f0f6940420433d9a293
MP-TN-2025-0016,PHOTO,/evidence/MP-TN-2025-0016/photo_57.jpg,Site progress photo,2025-10-14,Field Officer App,sha256:a186b0b1c35cfa7615cdd4e7e01fe704
MP-TEL-2023-0019,PHOTO,/evidence/MP-TEL-2023-0019/photo_359.jpg,Site progress photo,2023-10-01,Field Officer App,sha256:35e77f83103c45d7f139cf8a0ea19298
MP-TEL-2023-0020,PHOTO,/evidence/MP-TEL-2023-0020/photo_597.jpg,Site progress photo,2023-12-17,Field Officer App,sha256:ef627dd1d237ba829763dccc095d800d
MP-MH-2022-0010,PHOTO,/evidence/MP-MH-2022-0010/photo_864.jpg,Site progress photo,2022-10-15,Field Officer App,sha256:62e2d7a56693acebc4d25a3a738ddb1e
MP-MP-2023-0027,PHOTO,/evidence/MP-MP-2023-0027/photo_50.jpg,Site progress photo,2023-06-02,Field Officer App,sha256:d2acf8ca38f5761b213d7aa2491549c7
MP-UP-2024-0024,PHOTO,/evidence/MP-UP-2024-0024/photo_324.jpg,Site progress photo,2025-03-02,Field Officer App,sha256:abdec3f5bb1857764b47d68c8b6e46ae
MP-UP-2023-0028,PHOTO,/evidence/MP-UP-2023-0028/photo_635.jpg,Site progress photo,2024-04-22,Field Officer App,sha256:88ad8ef34b7ab81ffb91a8268f0a00d3
MP-ASM-2024-0025,PHOTO,/evidence/MP-ASM-2024-0025/photo_253.jpg,Site progress photo,2024-05-22,Field Officer App,sha256:8ccaa0c91d0d2083208231f1da9384b4
MP-KAR-2022-0017,PHOTO,/evidence/MP-KAR-2022-0017/photo_128.jpg,Site progress photo,2023-01-11,Field Officer App,sha256:f6a7a28087ae485a8cfd6ca57e5407a6
MP-ASM-2023-0018,PHOTO,/evidence/MP-ASM-2023-0018/photo_776.jpg,Site progress photo,2024-02-19,Field Officer App,sha256:93f657c181193b2255c994f2cfb47811
MP-ASM-2024-0026,PHOTO,/evidence/MP-ASM-2024-0026/photo_195.jpg,Site progress photo,2024-03-19,Field Officer App,sha256:79721d8a514b35c3409a034e8344218f
MP-TEL-2024-0026,PHOTO,/evidence/MP-TEL-2024-0026/photo_809.jpg,Site progress photo,2025-01-15,Field Officer App,sha256:0bff30226ac1263ace9cfdaf082fd3a1
MP-UP-2023-0029,PHOTO,/evidence/MP-UP-2023-0029/photo_434.jpg,Site progress photo,2024-05-08,Field Officer App,sha256:c50b7757f661ded3da8f3bf9ec7e43d7
MP-ASM-2024-0027,PHOTO,/evidence/MP-ASM-2024-0027/photo_6.jpg,Site progress photo,2024-11-18,Field Officer App,sha256:20efbbb4caa469bcffd7b7c84fd9bb83
MP-ASM-2022-0007,PHOTO,/evidence/MP-ASM-2022-0007/photo_587.jpg,Site progress photo,2023-06-28,Field Officer App,sha256:e0372fe9a21c7f0d0f893e29250a073b
MP-ASM-2023-0019,PHOTO,/evidence/MP-ASM-2023-0019/photo_716.jpg,Site progress photo,2023-10-22,Field Officer App,sha256:738feb3efcbfcab3bfb8918e9251fd73
MP-WB-2024-0021,PHOTO,/evidence/MP-WB-2024-0021/photo_657.jpg,Site progress photo,2024-11-23,Field Officer App,sha256:853a2a78e840687675effb9f2a900ed9
MP-BHR-2024-0021,PHOTO,/evidence/MP-BHR-2024-0021/photo_135.jpg,Site progress photo,2025-01-21,Field Officer App,sha256:2cfe69a595dcdcbcbb5b4fde049ac0d0
MP-DEL-2025-0022,PHOTO,/evidence/MP-DEL-2025-0022/photo_597.jpg,Site progress photo,2025-04-13,Field Officer App,sha256:aa57b5092d5c81c998bf595cf6dbad63
MP-WB-2022-0014,PHOTO,/evidence/MP-WB-2022-0014/photo_719.jpg,Site progress photo,2022-06-22,Field Officer App,sha256:a7ab400a867a764b1bfca4e442a0d79a
MP-RAJ-2025-0015,PHOTO,/evidence/MP-RAJ-2025-0015/photo_724.jpg,Site progress photo,2025-08-07,Field Officer App,sha256:d19ccfadfeb9761fbc3476065f23a84b
MP-RAJ-2025-0016,PHOTO,/evidence/MP-RAJ-2025-0016/photo_560.jpg,Site progress photo,2025-11-22,Field Officer App,sha256:35ef577d6aeaca60ebd27cb8ef9235ea
MP-TEL-2023-0021,PHOTO,/evidence/MP-TEL-2023-0021/photo_989.jpg,Site progress photo,2023-02-03,Field Officer App,sha256:bc69eeb03606549fd3f761c6fd791748
MP-NAG-2024-0024,PHOTO,/evidence/MP-NAG-2024-0024/photo_82.jpg,Site progress photo,2024-10-01,Field Officer App,sha256:53a1b6ff44c4d2aeb8ea607de709726f
MP-DEL-2025-0023,PHOTO,/evidence/MP-DEL-2025-0023/photo_247.jpg,Site progress photo,2025-07-27,Field Officer App,sha256:2276fa0493d84d70913e7bdfa74d4c30
MP-NAG-2025-0020,PHOTO,/evidence/MP-NAG-2025-0020/photo_243.jpg,Site progress photo,2025-08-07,Field Officer App,sha256:12a95bf2186d07946d963c3f775bb53f
MP-KAR-2025-0016,PHOTO,/evidence/MP-KAR-2025-0016/photo_654.jpg,Site progress photo,2025-05-16,Field Officer App,sha256:7fdc03538aa3c9dd6c260eb5addaedb6
MP-MP-2025-0014,PHOTO,/evidence/MP-MP-2025-0014/photo_777.jpg,Site progress photo,2025-04-22,Field Officer App,sha256:4637ee02c2dae9adb0015f5933b2bfb5
MP-TEL-2024-0027,PHOTO,/evidence/MP-TEL-2024-0027/photo_134.jpg,Site progress photo,2025-01-08,Field Officer App,sha256:2e829414d7deb0ec412dede94ec139e8
MP-WB-2024-0022,PHOTO,/evidence/MP-WB-2024-0022/photo_389.jpg,Site progress photo,2024-12-03,Field Officer App,sha256:add41cb0645c23d9e5566b5681779953
MP-MH-2023-0028,PHOTO,/evidence/MP-MH-2023-0028/photo_869.jpg,Site progress photo,2023-05-29,Field Officer App,sha256:54b601003d9cd6f917c4e4edc8c70d8f
MP-UP-2024-0027,PHOTO,/evidence/MP-UP-2024-0027/photo_49.jpg,Site progress photo,2024-09-14,Field Officer App,sha256:95a0bf77258bc666be81e0bc10a492dd
MP-DEL-2024-0022,PHOTO,/evidence/MP-DEL-2024-0022/photo_68.jpg,Site progress photo,2025-02-12,Field Officer App,sha256:43479f4e4f7a72b5e9d12cf06211769d
MP-ODI-2025-0022,PHOTO,/evidence/MP-ODI-2025-0022/photo_131.jpg,Site progress photo,2025-08-25,Field Officer App,sha256:4d13ff4b33d151432a2bcedb73122df9
MP-ASM-2024-0028,PHOTO,/evidence/MP-ASM-2024-0028/photo_927.jpg,Site progress photo,2025-06-24,Field Officer App,sha256:bfef7f58b4063e1e3e1671e71473b91b
MP-KER-2024-0030,PHOTO,/evidence/MP-KER-2024-0030/photo_254.jpg,Site progress photo,2025-05-26,Field Officer App,sha256:7f89eee99a8347e2d0bc2f5806745612
MP-UP-2023-0030,PHOTO,/evidence/MP-UP-2023-0030/photo_42.jpg,Site progress photo,2023-09-30,Field Officer App,sha256:bad97c2523589ab387dfe0e303054403
MP-BHR-2025-0016,PHOTO,/evidence/MP-BHR-2025-0016/photo_961.jpg,Site progress photo,2025-08-22,Field Officer App,sha256:fbc330269e2058e965ab566e2dd6d208
MP-KER-2024-0031,PHOTO,/evidence/MP-KER-2024-0031/photo_421.jpg,Site progress photo,2024-07-27,Field Officer App,sha256:83d0b0119c8471fe93dc10870ad77e4f
MP-KAR-2025-0019,PHOTO,/evidence/MP-KAR-2025-0019/photo_489.jpg,Site progress photo,2025-11-23,Field Officer App,sha256:1a78204268fdce779d9c18a655b61817
MP-UP-2025-0016,PHOTO,/evidence/MP-UP-2025-0016/photo_392.jpg,Site progress photo,2025-04-21,Field Officer App,sha256:29686c60060452147523135a8c2ecc8f
MP-MH-2024-0024,PHOTO,/evidence/MP-MH-2024-0024/photo_32.jpg,Site progress photo,2024-07-26,Field Officer App,sha256:14708ab379e10ffe477679f68a90eb86
MP-BHR-2024-0022,PHOTO,/evidence/MP-BHR-2024-0022/photo_155.jpg,Site progress photo,2024-09-23,Field Officer App,sha256:c0635cdd8814b961f62ae3e3753aec5d
MP-TN-2023-0024,PHOTO,/evidence/MP-TN-2023-0024/photo_196.jpg,Site progress photo,2023-11-30,Field Officer App,sha256:63428343bb5528c18666a5e6270285b1
MP-DEL-2024-0023,PHOTO,/evidence/MP-DEL-2024-0023/photo_84.jpg,Site progress photo,2024-03-03,Field Officer App,sha256:6671aa5a59828f53bb9f4dc085f7bd52
MP-TN-2022-0012,PHOTO,/evidence/MP-TN-2022-0012/photo_975.jpg,Site progress photo,2023-01-20,Field Officer App,sha256:a20cc9b04b2acb064fa6e9e413f66415
MP-NAG-2025-0021,PHOTO,/evidence/MP-NAG-2025-0021/photo_564.jpg,Site progress photo,2025-07-16,Field Officer App,sha256:2e9131fae2c847f9340595a2da67012b
MP-PUN-2022-0012,PHOTO,/evidence/MP-PUN-2022-0012/photo_494.jpg,Site progress photo,2023-03-04,Field Officer App,sha256:b2e12b6ee853a0a064eba482646bf152
MP-GUJ-2023-0027,PHOTO,/evidence/MP-GUJ-2023-0027/photo_38.jpg,Site progress photo,2024-04-04,Field Officer App,sha256:1392af7f7d46374c5848c57f88529868
MP-KAR-2023-0031,PHOTO,/evidence/MP-KAR-2023-0031/photo_233.jpg,Site progress photo,2024-03-03,Field Officer App,sha256:ddeb2fd907597bc5cd2a2850cba34741
MP-ASM-2025-0010,PHOTO,/evidence/MP-ASM-2025-0010/photo_921.jpg,Site progress photo,2026-01-03,Field Officer App,sha256:046a2511a06950b1ea0e87b8d6df1c3d
MP-KER-2024-0033,PHOTO,/evidence/MP-KER-2024-0033/photo_103.jpg,Site progress photo,2025-05-14,Field Officer App,sha256:22852f757325aafb562452cd169fdf69
MP-NAG-2022-0017,PHOTO,/evidence/MP-NAG-2022-0017/photo_539.jpg,Site progress photo,2022-12-04,Field Officer App,sha256:ac817601da8c00d5429df0c525b7c891
MP-TN-2022-0014,PHOTO,/evidence/MP-TN-2022-0014/photo_578.jpg,Site progress photo,2022-10-18,Field Officer App,sha256:019cb0f3118b7b55de226e9d1f09dc0e
MP-KER-2022-0015,PHOTO,/evidence/MP-KER-2022-0015/photo_310.jpg,Site progress photo,2022-12-06,Field Officer App,sha256:e7e37800b90658eb4f2708d53964fea4
MP-PUN-2024-0024,PHOTO,/evidence/MP-PUN-2024-0024/photo_815.jpg,Site progress photo,2025-07-08,Field Officer App,sha256:e7df461a836104dc1d1820bc602c80ac
MP-NAG-2022-0018,PHOTO,/evidence/MP-NAG-2022-0018/photo_566.jpg,Site progress photo,2023-02-15,Field Officer App,sha256:c3d175e02fe475e078c227e5ddcec178
MP-RAJ-2025-0017,PHOTO,/evidence/MP-RAJ-2025-0017/photo_853.jpg,Site progress photo,2025-08-07,Field Officer App,sha256:74767f9ec44622682dbd30e3d3d58f1b
MP-BHR-2023-0020,PHOTO,/evidence/MP-BHR-2023-0020/photo_860.jpg,Site progress photo,2023-06-06,Field Officer App,sha256:c1253a6b69dee7c13205e3098dca4941
MP-MP-2023-0028,PHOTO,/evidence/MP-MP-2023-0028/photo_185.jpg,Site progress photo,2023-07-25,Field Officer App,sha256:03e1ba4c03d201b232aa57f42f62127a
MP-KAR-2023-0032,PHOTO,/evidence/MP-KAR-2023-0032/photo_627.jpg,Site progress photo,2023-12-13,Field Officer App,sha256:1d96528248479bac1454ba1b52cfd70c
MP-TN-2023-0025,PHOTO,/evidence/MP-TN-2023-0025/photo_827.jpg,Site progress photo,2023-06-28,Field Officer App,sha256:9c3ffe98524461dc790e14d7daeb1922
MP-RAJ-2023-0027,PHOTO,/evidence/MP-RAJ-2023-0027/photo_166.jpg,Site progress photo,2023-09-05,Field Officer App,sha256:c706c3d695639ece7dfeeb5f83d943da
MP-KAR-2023-0033,PHOTO,/evidence/MP-KAR-2023-0033/photo_218.jpg,Site progress photo,2023-09-25,Field Officer App,sha256:afbfc2e6bf345a3de0dccef3136504ae
MP-WB-2024-0024,PHOTO,/evidence/MP-WB-2024-0024/photo_404.jpg,Site progress photo,2024-08-19,Field Officer App,sha256:bb91c34f3014e35aeb148112de7fb47f
MP-BHR-2025-0018,PHOTO,/evidence/MP-BHR-2025-0018/photo_564.jpg,Site progress photo,2025-10-18,Field Officer App,sha256:e98183f59b9cff6158e4f8d5ce037f94
MP-GUJ-2023-0028,PHOTO,/evidence/MP-GUJ-2023-0028/photo_636.jpg,Site progress photo,2023-11-07,Field Officer App,sha256:345f612a4362db5eb8b0aac84a39aaba
MP-TN-2023-0027,PHOTO,/evidence/MP-TN-2023-0027/photo_690.jpg,Site progress photo,2023-07-31,Field Officer App,sha256:9a46fc527813e0f8831c37639f847d5b
MP-PUN-2025-0020,PHOTO,/evidence/MP-PUN-2025-0020/photo_867.jpg,Site progress photo,2025-03-23,Field Officer App,sha256:39aa1dd9bd2d0681b24fa9cd618f2a5d
MP-DEL-2023-0027,PHOTO,/evidence/MP-DEL-2023-0027/photo_24.jpg,Site progress photo,2023-11-28,Field Officer App,sha256:c73a7944b36adf505d67e43c29d15227
MP-MH-2023-0029,PHOTO,/evidence/MP-MH-2023-0029/photo_624.jpg,Site progress photo,2023-06-09,Field Officer App,sha256:f64ed5b4d2f8a4fc27d2375ade4f65c5
MP-ODI-2022-0026,PHOTO,/evidence/MP-ODI-2022-0026/photo_832.jpg,Site progress photo,2023-01-23,Field Officer App,sha256:1c9b27966e2f7494c3e68b89bda94fa2
MP-NAG-2022-0019,PHOTO,/evidence/MP-NAG-2022-0019/photo_981.jpg,Site progress photo,2023-04-02,Field Officer App,sha256:a7e03ea1fb62287b62c579a37ffa4876
MP-KAR-2022-0018,PHOTO,/evidence/MP-KAR-2022-0018/photo_887.jpg,Site progress photo,2023-02-21,Field Officer App,sha256:b1d4a7204f3ee949a3afd53782aeda1c
MP-WB-2022-0016,PHOTO,/evidence/MP-WB-2022-0016/photo_288.jpg,Site progress photo,2022-09-24,Field Officer App,sha256:fd882b1109728762df7cbeb23629e9a3
MP-ODI-2023-0037,PHOTO,/evidence/MP-ODI-2023-0037/photo_424.jpg,Site progress photo,2023-11-21,Field Officer App,sha256:7e24c3a672b020d5aa21474ddf3ddf83
MP-BHR-2025-0019,PHOTO,/evidence/MP-BHR-2025-0019/photo_586.jpg,Site progress photo,2025-05-21,Field Officer App,sha256:1609122b5b7788fe4c7510a3cea7c9c5
MP-BHR-2025-0020,PHOTO,/evidence/MP-BHR-2025-0020/photo_545.jpg,Site progress photo,2025-11-07,Field Officer App,sha256:fdac356cf82eae04e0ace79e71b99bd1
MP-RAJ-2022-0015,PHOTO,/evidence/MP-RAJ-2022-0015/photo_43.jpg,Site progress photo,2023-02-17,Field Officer App,sha256:2395cc32a58af5ddaf32a9b646b39834
MP-UP-2025-0018,PHOTO,/evidence/MP-UP-2025-0018/photo_274.jpg,Site progress photo,2025-07-02,Field Officer App,sha256:37b88c303e35775f48eb7d06c121df9d
MP-WB-2023-0024,PHOTO,/evidence/MP-WB-2023-0024/photo_40.jpg,Site progress photo,2023-05-14,Field Officer App,sha256:9d7b944e9efdbca0b4f6b52f348a2ac7
MP-WB-2025-0021,PHOTO,/evidence/MP-WB-2025-0021/photo_681.jpg,Site progress photo,2025-03-28,Field Officer App,sha256:8491de02795d75383c93e9299c8c5af4
MP-ODI-2024-0031,PHOTO,/evidence/MP-ODI-2024-0031/photo_31.jpg,Site progress photo,2025-03-05,Field Officer App,sha256:32c85da45d7d68b7fa5c39ffa4a4a90a
MP-BHR-2022-0023,PHOTO,/evidence/MP-BHR-2022-0023/photo_388.jpg,Site progress photo,2023-01-12,Field Officer App,sha256:0a19e7a52de3824077fc8ae4e8d3ca53
MP-GUJ-2025-0032,PHOTO,/evidence/MP-GUJ-2025-0032/photo_73.jpg,Site progress photo,2025-06-27,Field Officer App,sha256:153a865898d31bff16b88fa312af390f
MP-ASM-2023-0022,PHOTO,/evidence/MP-ASM-2023-0022/photo_226.jpg,Site progress photo,2023-12-02,Field Officer App,sha256:eeb3be0e77178cd5c6e151270a260a54
MP-KER-2022-0017,PHOTO,/evidence/MP-KER-2022-0017/photo_118.jpg,Site progress photo,2023-01-01,Field Officer App,sha256:ae9d96a0afd2fe250f0ff2f975d5c315
MP-MH-2024-0026,PHOTO,/evidence/MP-MH-2024-0026/photo_300.jpg,Site progress photo,2025-02-27,Field Officer App,sha256:5d4addb63dc51471882883d184ded17f
MP-ASM-2023-0023,PHOTO,/evidence/MP-ASM-2023-0023/photo_522.jpg,Site progress photo,2023-07-16,Field Officer App,sha256:d341d56b220d5b76f2acd4cfd95505e9
MP-KER-2024-0034,PHOTO,/evidence/MP-KER-2024-0034/photo_761.jpg,Site progress photo,2024-07-31,Field Officer App,sha256:7831d98630d32b24709ebe0fa769c8c8
MP-DEL-2023-0028,PHOTO,/evidence/MP-DEL-2023-0028/photo_783.jpg,Site progress photo,2024-02-03,Field Officer App,sha256:fe2c577eda0cd30ff27f08d13884c0ab
MP-NAG-2024-0026,PHOTO,/evidence/MP-NAG-2024-0026/photo_268.jpg,Site progress photo,2024-06-27,Field Officer App,sha256:5b36d716ae097d2d8156ead0f51786ba
MP-DEL-2023-0030,PHOTO,/evidence/MP-DEL-2023-0030/photo_165.jpg,Site progress photo,2023-07-09,Field Officer App,sha256:f2a2ad8c64259c9882da5e64ecca8a39
MP-KAR-2025-0020,PHOTO,/evidence/MP-KAR-2025-0020/photo_972.jpg,Site progress photo,2025-07-19,Field Officer App,sha256:e7e8e023feb500b9cc2db73e56a02a7a
MP-DEL-2025-0024,PHOTO,/evidence/MP-DEL-2025-0024/photo_434.jpg,Site progress photo,2025-12-08,Field Officer App,sha256:df00f630d3fa8388c54fe2fb02f909ac
MP-PUN-2023-0019,PHOTO,/evidence/MP-PUN-2023-0019/photo_542.jpg,Site progress photo,2023-09-16,Field Officer App,sha256:ac20657a4a8403c4a6ba9a89a7d5dfcf
MP-KER-2023-0032,PHOTO,/evidence/MP-KER-2023-0032/photo_714.jpg,Site progress photo,2023-08-29,Field Officer App,sha256:4e75eaf7670274236be7fce20912e38d
MP-PUN-2024-0028,PHOTO,/evidence/MP-PUN-2024-0028/photo_222.jpg,Site progress photo,2024-08-26,Field Officer App,sha256:851379614da37f57654915fc299b5e3c
MP-RAJ-2023-0029,PHOTO,/evidence/MP-RAJ-2023-0029/photo_858.jpg,Site progress photo,2024-02-01,Field Officer App,sha256:5e456abba24138e6a02e91a176a018f9
MP-WB-2025-0023,PHOTO,/evidence/MP-WB-2025-0023/photo_300.jpg,Site progress photo,2026-01-02,Field Officer App,sha256:caa1f7a268b465dc8e5d385bc3a6e1f3
MP-BHR-2024-0023,PHOTO,/evidence/MP-BHR-2024-0023/photo_157.jpg,Site progress photo,2024-10-02,Field Officer App,sha256:5abdc36e881194ab320e86cca5e47d92
MP-WB-2023-0025,PHOTO,/evidence/MP-WB-2023-0025/photo_814.jpg,Site progress photo,2023-12-04,Field Officer App,sha256:10087f9fb98c6de2e70ce72f362bb5be
MP-BHR-2022-0024,PHOTO,/evidence/MP-BHR-2022-0024/photo_376.jpg,Site progress photo,2023-02-03,Field Officer App,sha256:657c44fd4f8829f8bb6912c1820e5054
MP-NAG-2023-0032,PHOTO,/evidence/MP-NAG-2023-0032/photo_302.jpg,Site progress photo,2023-10-03,Field Officer App,sha256:520cdaab9edded8f64b0600198748e3d
MP-ODI-2023-0039,PHOTO,/evidence/MP-ODI-2023-0039/photo_516.jpg,Site progress photo,2024-03-29,Field Officer App,sha256:aabba05e56dc8c2fe184d4eab8d29d19
MP-MP-2024-0026,PHOTO,/evidence/MP-MP-2024-0026/photo_99.jpg,Site progress photo,2025-02-12,Field Officer App,sha256:cbe6c23b0eb8cb9760d471820a80ce85
MP-TN-2023-0029,PHOTO,/evidence/MP-TN-2023-0029/photo_973.jpg,Site progress photo,2023-06-09,Field Officer App,sha256:a3f4e76ec73ba1e579cdba9846c15e2c
MP-WB-2025-0025,PHOTO,/evidence/MP-WB-2025-0025/photo_396.jpg,Site progress photo,2025-07-16,Field Officer App,sha256:906f04ba7ed8034d057cf9f3bf282afc
MP-DEL-2024-0024,PHOTO,/evidence/MP-DEL-2024-0024/photo_777.jpg,Site progress photo,2024-11-09,Field Officer App,sha256:979bc4f5616a90861a61e5940e6b7da5
MP-ODI-2022-0027,PHOTO,/evidence/MP-ODI-2022-0027/photo_309.jpg,Site progress photo,2023-03-12,Field Officer App,sha256:da3b5c71003fc983509f882c995bcc7f
MP-PUN-2024-0029,PHOTO,/evidence/MP-PUN-2024-0029/photo_469.jpg,Site progress photo,2024-09-27,Field Officer App,sha256:bb6a50254b53bdb0ad8fa847de9d48da
MP-GUJ-2024-0024,PHOTO,/evidence/MP-GUJ-2024-0024/photo_94.jpg,Site progress photo,2024-02-08,Field Officer App,sha256:fc449a4fee9cd43de60d4d2ce2d192d9
MP-MH-2022-0012,PHOTO,/evidence/MP-MH-2022-0012/photo_779.jpg,Site progress photo,2022-11-22,Field Officer App,sha256:3ae25e1c710e68b73452d709080f77d5
MP-DEL-2025-0025,PHOTO,/evidence/MP-DEL-2025-0025/photo_263.jpg,Site progress photo,2025-09-19,Field Officer App,sha256:9c65dcbe2951406e943cbcb2b1437119
MP-GUJ-2024-0025,PHOTO,/evidence/MP-GUJ-2024-0025/photo_515.jpg,Site progress photo,2024-05-27,Field Officer App,sha256:b6107a89d1a0b7a0933cbdbe34f3500b
MP-PUN-2023-0020,PHOTO,/evidence/MP-PUN-2023-0020/photo_693.jpg,Site progress photo,2023-12-29,Field Officer App,sha256:72b1bf37ed49c92b4ffcc8e5b5d442a3
MP-RAJ-2022-0018,PHOTO,/evidence/MP-RAJ-2022-0018/photo_198.jpg,Site progress photo,2022-12-02,Field Officer App,sha256:7d8bd2608e6832aedeb66667d32ccbb8
MP-KAR-2024-0033,PHOTO,/evidence/MP-KAR-2024-0033/photo_54.jpg,Site progress photo,2025-05-04,Field Officer App,sha256:0aae2bd170ee814947a825c6f0f6a060
MP-BHR-2023-0026,PHOTO,/evidence/MP-BHR-2023-0026/photo_732.jpg,Site progress photo,2024-02-11,Field Officer App,sha256:6cbcfd2d610c36ca5ff69112b5c7a7c2
MP-UP-2022-0017,PHOTO,/evidence/MP-UP-2022-0017/photo_649.jpg,Site progress photo,2023-03-24,Field Officer App,sha256:4cbe7b7842980902d756665e40fc945d
MP-KAR-2022-0019,PHOTO,/evidence/MP-KAR-2022-0019/photo_372.jpg,Site progress photo,2023-01-04,Field Officer App,sha256:a6b836122ef17ec60c1c226cabb4cd89
MP-KAR-2025-0021,PHOTO,/evidence/MP-KAR-2025-0021/photo_123.jpg,Site progress photo,2026-02-10,Field Officer App,sha256:3a4734863022a877641780450211e1cd
MP-KER-2023-0033,PHOTO,/evidence/MP-KER-2023-0033/photo_486.jpg,Site progress photo,2023-05-19,Field Officer App,sha256:8dc04f99a71fc8347e6b51269d3966d7
MP-WB-2023-0026,PHOTO,/evidence/MP-WB-2023-0026/photo_883.jpg,Site progress photo,2023-12-28,Field Officer App,sha256:e4641b72b02735f7c4832fa9fcc79fe1
MP-ASM-2023-0024,PHOTO,/evidence/MP-ASM-2023-0024/photo_969.jpg,Site progress photo,2023-09-30,Field Officer App,sha256:9140dc8552a7d6c47c8758301fa82edd
MP-MH-2025-0023,PHOTO,/evidence/MP-MH-2025-0023/photo_27.jpg,Site progress photo,2025-11-08,Field Officer App,sha256:ab8b5776708fc04f487fb72b9d969856
MP-TN-2023-0030,PHOTO,/evidence/MP-TN-2023-0030/photo_694.jpg,Site progress photo,2023-11-24,Field Officer App,sha256:5fdc06ff0eac02147b2a13d57b89fef0
MP-BHR-2024-0025,PHOTO,/evidence/MP-BHR-2024-0025/photo_403.jpg,Site progress photo,2024-12-30,Field Officer App,sha256:ac933a0214be640f90f5d554b1e2a857
MP-NAG-2025-0023,PHOTO,/evidence/MP-NAG-2025-0023/photo_397.jpg,Site progress photo,2025-03-24,Field Officer App,sha256:6cf4c511c224fd71924f9f154c40d3ac
MP-BHR-2024-0026,PHOTO,/evidence/MP-BHR-2024-0026/photo_12.jpg,Site progress photo,2024-08-18,Field Officer App,sha256:4e82412b75d5431deda02edf34a57b1e
MP-TN-2024-0027,PHOTO,/evidence/MP-TN-2024-0027/photo_536.jpg,Site progress photo,2024-08-17,Field Officer App,sha256:9d002240c6dc259c44735acb0b0534e8
MP-DEL-2024-0025,PHOTO,/evidence/MP-DEL-2024-0025/photo_173.jpg,Site progress photo,2024-12-03,Field Officer App,sha256:dc48baf921e16deab0debc3074242041
MP-TEL-2025-0022,PHOTO,/evidence/MP-TEL-2025-0022/photo_498.jpg,Site progress photo,2025-05-25,Field Officer App,sha256:e105b37d20b93e220964434f1b1c1724
MP-BHR-2025-0022,PHOTO,/evidence/MP-BHR-2025-0022/photo_654.jpg,Site progress photo,2025-03-15,Field Officer App,sha256:7df956896d81d7cadbd8723a9937079f
MP-WB-2025-0026,PHOTO,/evidence/MP-WB-2025-0026/photo_694.jpg,Site progress photo,2026-01-24,Field Officer App,sha256:d589de318f5b235a55d8611c2bb11cd3
MP-KAR-2024-0039,PHOTO,/evidence/MP-KAR-2024-0039/photo_823.jpg,Site progress photo,2024-12-13,Field Officer App,sha256:e7ba95b5601e65415bbf1b90cf602889
MP-DEL-2024-0026,PHOTO,/evidence/MP-DEL-2024-0026/photo_434.jpg,Site progress photo,2024-07-22,Field Officer App,sha256:30eacc428e3cd125dd663723e9f926f6
MP-RAJ-2022-0019,PHOTO,/evidence/MP-RAJ-2022-0019/photo_185.jpg,Site progress photo,2022-12-31,Field Officer App,sha256:b18deb552f69a3db2720a959a4b7212d
MP-NAG-2022-0021,PHOTO,/evidence/MP-NAG-2022-0021/photo_955.jpg,Site progress photo,2023-04-01,Field Officer App,sha256:2ba1d1589e21d7d1df8905ad233dbcb3
MP-RAJ-2024-0025,PHOTO,/evidence/MP-RAJ-2024-0025/photo_475.jpg,Site progress photo,2024-09-30,Field Officer App,sha256:68a1d87f5b3156deb8ce6348dde43a83
MP-GUJ-2023-0031,PHOTO,/evidence/MP-GUJ-2023-0031/photo_302.jpg,Site progress photo,2024-02-19,Field Officer App,sha256:b0642fd12b91852a2a4def29c39aa10e
MP-MH-2022-0013,PHOTO,/evidence/MP-MH-2022-0013/photo_359.jpg,Site progress photo,2023-04-30,Field Officer App,sha256:469c41a367cbd2f165652c8cd4a8bd5b
MP-KER-2025-0028,PHOTO,/evidence/MP-KER-2025-0028/photo_779.jpg,Site progress photo,2026-01-13,Field Officer App,sha256:d225e3d3d8b1fe30988be52fa8367d70
MP-TEL-2024-0029,PHOTO,/evidence/MP-TEL-2024-0029/photo_675.jpg,Site progress photo,2024-11-09,Field Officer App,sha256:be327ca88d59558296c2f05640fa32fe
MP-WB-2024-0027,PHOTO,/evidence/MP-WB-2024-0027/photo_975.jpg,Site progress photo,2024-02-19,Field Officer App,sha256:aa0483b1a7b99df20370514d1a982eea
MP-PUN-2023-0021,PHOTO,/evidence/MP-PUN-2023-0021/photo_513.jpg,Site progress photo,2024-02-19,Field Officer App,sha256:1d3ad167dad1a9be50b9ee3b75a0b8f5
MP-TEL-2025-0023,PHOTO,/evidence/MP-TEL-2025-0023/photo_462.jpg,Site progress photo,2026-01-20,Field Officer App,sha256:7ccc29ce0f91a09052503d281f04d834
MP-GUJ-2023-0032,PHOTO,/evidence/MP-GUJ-2023-0032/photo_555.jpg,Site progress photo,2023-08-16,Field Officer App,sha256:3179c58a93c7ba94706a2494ab8bf481
MP-ASM-2025-0012,PHOTO,/evidence/MP-ASM-2025-0012/photo_489.jpg,Site progress photo,2025-05-15,Field Officer App,sha256:85d79c0de3009c2460987140410ad96b
MP-UP-2025-0020,PHOTO,/evidence/MP-UP-2025-0020/photo_23.jpg,Site progress photo,2026-03-25,Field Officer App,sha256:18069546e8e6f7b9867446ef069fb6df
MP-MH-2023-0032,PHOTO,/evidence/MP-MH-2023-0032/photo_73.jpg,Site progress photo,2023-10-18,Field Officer App,sha256:6543df2baedd36bd2eb2bbc4d11011e2
MP-KER-2022-0020,PHOTO,/evidence/MP-KER-2022-0020/photo_940.jpg,Site progress photo,2023-05-19,Field Officer App,sha256:48b1318d3f2c113338e48ed12a27172c
MP-UP-2023-0033,PHOTO,/evidence/MP-UP-2023-0033/photo_853.jpg,Site progress photo,2024-05-24,Field Officer App,sha256:b59fa22ce126306c7364c681b8374d1f
MP-BHR-2025-0024,PHOTO,/evidence/MP-BHR-2025-0024/photo_134.jpg,Site progress photo,2025-04-28,Field Officer App,sha256:1b358b6b3fe3f8740f65a35432a6d768
MP-NAG-2025-0024,PHOTO,/evidence/MP-NAG-2025-0024/photo_908.jpg,Site progress photo,2025-06-03,Field Officer App,sha256:40f714a1f98401a04194f552a5234ce6
MP-DEL-2025-0026,PHOTO,/evidence/MP-DEL-2025-0026/photo_574.jpg,Site progress photo,2025-11-13,Field Officer App,sha256:6a18733c0e11b1093060e45544e99953
MP-ASM-2023-0026,PHOTO,/evidence/MP-ASM-2023-0026/photo_27.jpg,Site progress photo,2023-10-09,Field Officer App,sha256:1cd6d0f250e8a107aa121e437057c676
MP-BHR-2025-0025,PHOTO,/evidence/MP-BHR-2025-0025/photo_888.jpg,Site progress photo,2025-04-16,Field Officer App,sha256:e479b8608af73f885e5e73001e350396
MP-KAR-2023-0035,PHOTO,/evidence/MP-KAR-2023-0035/photo_317.jpg,Site progress photo,2023-08-18,Field Officer App,sha256:1c36889c8e0971deb772a962f7bfa03c
MP-KER-2022-0021,PHOTO,/evidence/MP-KER-2022-0021/photo_488.jpg,Site progress photo,2023-01-11,Field Officer App,sha256:1984e6a99831c832efcf302fe07b00ac
MP-TN-2024-0029,PHOTO,/evidence/MP-TN-2024-0029/photo_561.jpg,Site progress photo,2024-02-18,Field Officer App,sha256:61a3200fe1d8116bd64e875d8043f065
MP-KAR-2022-0021,PHOTO,/evidence/MP-KAR-2022-0021/photo_339.jpg,Site progress photo,2022-08-01,Field Officer App,sha256:4018f0f06a42f99ea36ae56d8d17ca92
MP-TEL-2024-0030,PHOTO,/evidence/MP-TEL-2024-0030/photo_709.jpg,Site progress photo,2024-08-10,Field Officer App,sha256:700d3b44a703373f044b6a550984aef1
MP-ODI-2023-0040,PHOTO,/evidence/MP-ODI-2023-0040/photo_554.jpg,Site progress photo,2023-10-14,Field Officer App,sha256:0a31d9341dd57ea9efbc2d5d80df8068
MP-MP-2023-0033,PHOTO,/evidence/MP-MP-2023-0033/photo_874.jpg,Site progress photo,2024-06-01,Field Officer App,sha256:f32968d5d2d973e53cb7c2fe3f93dcea
MP-ODI-2022-0028,PHOTO,/evidence/MP-ODI-2022-0028/photo_270.jpg,Site progress photo,2022-09-16,Field Officer App,sha256:f2180eda9499289666355e600b0831f6
MP-RAJ-2024-0026,PHOTO,/evidence/MP-RAJ-2024-0026/photo_223.jpg,Site progress photo,2025-01-20,Field Officer App,sha256:0dab9c18de379c7d79f0b3a2c31be313
MP-NAG-2025-0026,PHOTO,/evidence/MP-NAG-2025-0026/photo_849.jpg,Site progress photo,2025-09-30,Field Officer App,sha256:d8636425a5b41535974fc8e6e498bb89
MP-TN-2023-0031,PHOTO,/evidence/MP-TN-2023-0031/photo_250.jpg,Site progress photo,2023-02-28,Field Officer App,sha256:ff8f2d76b15eca7cf7cfb6eff329d185
MP-GUJ-2023-0033,PHOTO,/evidence/MP-GUJ-2023-0033/photo_795.jpg,Site progress photo,2024-05-05,Field Officer App,sha256:d106573352affc003ecccf17581671ee
MP-ASM-2024-0029,PHOTO,/evidence/MP-ASM-2024-0029/photo_82.jpg,Site progress photo,2024-07-20,Field Officer App,sha256:a7deb9d24cf7327f98dd9ce7eada1b47
MP-WB-2024-0028,PHOTO,/evidence/MP-WB-2024-0028/photo_752.jpg,Site progress photo,2025-01-31,Field Officer App,sha256:c53cf576fd5d386e2199cd8714abf418
MP-MH-2024-0029,PHOTO,/evidence/MP-MH-2024-0029/photo_607.jpg,Site progress photo,2024-09-06,Field Officer App,sha256:9268c73049b722737d5567a2abc6d88b
MP-ODI-2024-0033,PHOTO,/evidence/MP-ODI-2024-0033/photo_42.jpg,Site progress photo,2024-10-18,Field Officer App,sha256:b450a651baf7b0e70f31ffd3b9c4b21a
MP-TN-2023-0032,PHOTO,/evidence/MP-TN-2023-0032/photo_191.jpg,Site progress photo,2023-09-30,Field Officer App,sha256:5cb3fc2a34ad50868eeb1b0dd96b925a
MP-MP-2024-0028,PHOTO,/evidence/MP-MP-2024-0028/photo_378.jpg,Site progress photo,2024-07-25,Field Officer App,sha256:a24e3235f760a4535f9b3b40eeae0fa2
MP-TN-2024-0030,PHOTO,/evidence/MP-TN-2024-0030/photo_526.jpg,Site progress photo,2024-03-19,Field Officer App,sha256:e86887911ae6ce847832bfc28b2376ec
MP-MP-2025-0018,PHOTO,/evidence/MP-MP-2025-0018/photo_361.jpg,Site progress photo,2025-07-25,Field Officer App,sha256:3102b9c021ebdd17ab8011b16ef2ad17
MP-ODI-2023-0042,PHOTO,/evidence/MP-ODI-2023-0042/photo_50.jpg,Site progress photo,2024-02-08,Field Officer App,sha256:1fc814602384978d743b901a91722290
MP-WB-2024-0029,PHOTO,/evidence/MP-WB-2024-0029/photo_982.jpg,Site progress photo,2025-02-13,Field Officer App,sha256:c3b2de062683909614d5f97f51796504
MP-UP-2023-0034,PHOTO,/evidence/MP-UP-2023-0034/photo_375.jpg,Site progress photo,2023-09-03,Field Officer App,sha256:b7064e785c2d9e06c818a9d427a8a360
MP-RAJ-2025-0021,PHOTO,/evidence/MP-RAJ-2025-0021/photo_516.jpg,Site progress photo,2025-06-05,Field Officer App,sha256:7fa85e0a203d62eafe96291dcba510c0
MP-KER-2023-0035,PHOTO,/evidence/MP-KER-2023-0035/photo_157.jpg,Site progress photo,2023-07-20,Field Officer App,sha256:448f7148fc146e48acb50f0f6116b80a
MP-TEL-2022-0017,PHOTO,/evidence/MP-TEL-2022-0017/photo_518.jpg,Site progress photo,2022-11-07,Field Officer App,sha256:54282dcefa09d14aac1a8802616353d7
MP-DEL-2023-0031,PHOTO,/evidence/MP-DEL-2023-0031/photo_339.jpg,Site progress photo,2023-10-26,Field Officer App,sha256:867aa2ac75783b0610cecbec1096e9de
MP-ODI-2024-0035,PHOTO,/evidence/MP-ODI-2024-0035/photo_30.jpg,Site progress photo,2024-10-25,Field Officer App,sha256:80263dff2082715799f5d4b7684a67d6
MP-ODI-2022-0029,PHOTO,/evidence/MP-ODI-2022-0029/photo_438.jpg,Site progress photo,2023-03-29,Field Officer App,sha256:962cdca90c7bfa2e48d2a72cec0cb6dd
MP-UP-2025-0022,PHOTO,/evidence/MP-UP-2025-0022/photo_740.jpg,Site progress photo,2025-09-10,Field Officer App,sha256:82e5a82d4365dce5068c6fcbbcf0ab3c
MP-PUN-2023-0023,PHOTO,/evidence/MP-PUN-2023-0023/photo_170.jpg,Site progress photo,2023-12-17,Field Officer App,sha256:8efde87cfc372a8df4f6a49b31e9bfef
MP-RAJ-2023-0032,PHOTO,/evidence/MP-RAJ-2023-0032/photo_764.jpg,Site progress photo,2023-11-08,Field Officer App,sha256:fd0ea00e3b2f636f5b64029cdd92d986
MP-PUN-2023-0024,PHOTO,/evidence/MP-PUN-2023-0024/photo_777.jpg,Site progress photo,2023-04-19,Field Officer App,sha256:ea6c35a34b7e811e48042d28dab1ff99
MP-DEL-2022-0018,PHOTO,/evidence/MP-DEL-2022-0018/photo_789.jpg,Site progress photo,2023-02-15,Field Officer App,sha256:e59b9725cf807cbc9bef5f6e0a860fab
MP-TN-2022-0016,PHOTO,/evidence/MP-TN-2022-0016/photo_268.jpg,Site progress photo,2022-11-05,Field Officer App,sha256:fa177812dd2b094ec3814075f55fa814
MP-MP-2023-0035,PHOTO,/evidence/MP-MP-2023-0035/photo_15.jpg,Site progress photo,2023-04-04,Field Officer App,sha256:1387b1baa3fed144bfd75f9c9864d677
MP-ASM-2023-0027,PHOTO,/evidence/MP-ASM-2023-0027/photo_885.jpg,Site progress photo,2023-12-02,Field Officer App,sha256:d0b26cd10524bac5178e41e7ca0ed2ec
MP-PUN-2024-0033,PHOTO,/evidence/MP-PUN-2024-0033/photo_56.jpg,Site progress photo,2025-03-29,Field Officer App,sha256:a266a596c56dbba4a2b6d668f4a4f602
MP-DEL-2024-0028,PHOTO,/evidence/MP-DEL-2024-0028/photo_272.jpg,Site progress photo,2025-02-06,Field Officer App,sha256:4fc88a1f97c8c8a8093aeda7e3eafc8e
MP-NAG-2025-0028,PHOTO,/evidence/MP-NAG-2025-0028/photo_259.jpg,Site progress photo,2025-06-22,Field Officer App,sha256:8e9a7240fb004ba4291b1af446ca06b0
MP-GUJ-2024-0027,PHOTO,/evidence/MP-GUJ-2024-0027/photo_365.jpg,Site progress photo,2024-02-20,Field Officer App,sha256:8a67e899ff9982568fdfb23eec3872eb
MP-MH-2022-0015,PHOTO,/evidence/MP-MH-2022-0015/photo_605.jpg,Site progress photo,2022-12-30,Field Officer App,sha256:41fdfac785e8e217ac42c65ac01f6897
MP-KAR-2024-0041,PHOTO,/evidence/MP-KAR-2024-0041/photo_393.jpg,Site progress photo,2024-11-07,Field Officer App,sha256:1159f13a23b937c4a30428162c569343
MP-PUN-2023-0026,PHOTO,/evidence/MP-PUN-2023-0026/photo_520.jpg,Site progress photo,2023-08-22,Field Officer App,sha256:8c91bc9894d44e043158071643511b83
MP-GUJ-2024-0028,PHOTO,/evidence/MP-GUJ-2024-0028/photo_23.jpg,Site progress photo,2025-04-18,Field Officer App,sha256:2cd00a8efb4b7bd6b770256abc2b06b5
MP-MP-2022-0023,PHOTO,/evidence/MP-MP-2022-0023/photo_734.jpg,Site progress photo,2023-01-03,Field Officer App,sha256:b36fed09b00ce33dcb2953abb6764384
MP-GUJ-2024-0029,PHOTO,/evidence/MP-GUJ-2024-0029/photo_709.jpg,Site progress photo,2024-06-09,Field Officer App,sha256:56cee75c8816cdfd1b66101a8ff295b0
MP-GUJ-2022-0018,PHOTO,/evidence/MP-GUJ-2022-0018/photo_156.jpg,Site progress photo,2023-09-27,Field Officer App,sha256:eb941696cce9c2ca0b1fb0f87e1c30cd
MP-RAJ-2023-0033,PHOTO,/evidence/MP-RAJ-2023-0033/photo_234.jpg,Site progress photo,2023-11-20,Field Officer App,sha256:21e3f101d95078dd90f4cf8edde4540b
MP-TN-2023-0034,PHOTO,/evidence/MP-TN-2023-0034/photo_955.jpg,Site progress photo,2023-02-24,Field Officer App,sha256:81479c50cb58c1004c0f157c08ed8339
MP-UP-2023-0035,PHOTO,/evidence/MP-UP-2023-0035/photo_783.jpg,Site progress photo,2023-10-24,Field Officer App,sha256:d93a45981db6b6a41ed6260610f0ad05
MP-WB-2024-0030,PHOTO,/evidence/MP-WB-2024-0030/photo_574.jpg,Site progress photo,2024-05-06,Field Officer App,sha256:6b568e6337c1f0f165574cead3c75534
MP-MP-2024-0030,PHOTO,/evidence/MP-MP-2024-0030/photo_434.jpg,Site progress photo,2025-01-30,Field Officer App,sha256:38f62f465da86f8589d7c1528b9eb53e
MP-UP-2024-0031,PHOTO,/evidence/MP-UP-2024-0031/photo_281.jpg,Site progress photo,2024-09-22,Field Officer App,sha256:c70bbdf5552cdd882cb8f904aa5d9b02
MP-RAJ-2022-0020,PHOTO,/evidence/MP-RAJ-2022-0020/photo_149.jpg,Site progress photo,2022-10-31,Field Officer App,sha256:fc3b6722b807e05e28293b0c711fdda1
MP-WB-2023-0027,PHOTO,/evidence/MP-WB-2023-0027/photo_409.jpg,Site progress photo,2023-07-05,Field Officer App,sha256:7059bc16ca716cffd97cb53280871534
MP-UP-2022-0020,PHOTO,/evidence/MP-UP-2022-0020/photo_121.jpg,Site progress photo,2022-09-19,Field Officer App,sha256:f3034a1c1bda56d041cbdc3ed0f07411
MP-MP-2022-0024,PHOTO,/evidence/MP-MP-2022-0024/photo_387.jpg,Site progress photo,2023-03-12,Field Officer App,sha256:6bea0cc0a8ff8f9363d39b990fa8bc60
MP-GUJ-2023-0034,PHOTO,/evidence/MP-GUJ-2023-0034/photo_104.jpg,Site progress photo,2023-10-07,Field Officer App,sha256:0fbd5e161828c085bdacf5ac91d8e6f8
MP-PUN-2022-0017,PHOTO,/evidence/MP-PUN-2022-0017/photo_667.jpg,Site progress photo,2023-01-21,Field Officer App,sha256:1dfac5783545d81e6c26aceb740fea33
MP-TN-2022-0018,PHOTO,/evidence/MP-TN-2022-0018/photo_154.jpg,Site progress photo,2022-06-29,Field Officer App,sha256:ecddc9760ea5b1d3d6e0e044efdf60b3
MP-KAR-2024-0042,PHOTO,/evidence/MP-KAR-2024-0042/photo_918.jpg,Site progress photo,2025-03-07,Field Officer App,sha256:ba7389c38145fede2c1b4a8aa94b4837
MP-ASM-2025-0015,PHOTO,/evidence/MP-ASM-2025-0015/photo_896.jpg,Site progress photo,2025-09-30,Field Officer App,sha256:777198aedf68b41609587a86bc11c56d
MP-KAR-2024-0043,PHOTO,/evidence/MP-KAR-2024-0043/photo_829.jpg,Site progress photo,2024-08-29,Field Officer App,sha256:217bc28f603d63c72e3294a8408014e5
MP-DEL-2025-0027,PHOTO,/evidence/MP-DEL-2025-0027/photo_180.jpg,Site progress photo,2025-11-05,Field Officer App,sha256:2d27de42ba7ec5b69cf85e78aba6003d
MP-WB-2025-0030,PHOTO,/evidence/MP-WB-2025-0030/photo_991.jpg,Site progress photo,2025-07-13,Field Officer App,sha256:b09ce820ed6b7dcfbc6cbf3c4e68c930
MP-ASM-2024-0031,PHOTO,/evidence/MP-ASM-2024-0031/photo_154.jpg,Site progress photo,2024-08-26,Field Officer App,sha256:91fb4da650aeb7d6b04e9ebd0475b0ef
MP-TEL-2023-0024,PHOTO,/evidence/MP-TEL-2023-0024/photo_66.jpg,Site progress photo,2023-09-05,Field Officer App,sha256:13fb3c8eca4da404f7aa558f323b9559
MP-PUN-2023-0028,PHOTO,/evidence/MP-PUN-2023-0028/photo_715.jpg,Site progress photo,2024-05-23,Field Officer App,sha256:301b9a4844f2b87ae062bad548716935
MP-DEL-2022-0020,PHOTO,/evidence/MP-DEL-2022-0020/photo_890.jpg,Site progress photo,2022-12-01,Field Officer App,sha256:82ec11a2465297b55628ec40f606426d
MP-WB-2023-0028,PHOTO,/evidence/MP-WB-2023-0028/photo_261.jpg,Site progress photo,2023-12-17,Field Officer App,sha256:9de2862cb1631f64f411dd70e83690f1
MP-ASM-2025-0016,PHOTO,/evidence/MP-ASM-2025-0016/photo_861.jpg,Site progress photo,2025-05-11,Field Officer App,sha256:d8fc881e60431cd2c608e762b8162fb4
MP-MP-2025-0019,PHOTO,/evidence/MP-MP-2025-0019/photo_260.jpg,Site progress photo,2025-04-11,Field Officer App,sha256:6b31057f5e28cb06d52521686c332c8d
MP-DEL-2022-0021,PHOTO,/evidence/MP-DEL-2022-0021/photo_289.jpg,Site progress photo,2022-10-25,Field Officer App,sha256:7229067025b33699c806d4167e4e299b
MP-TN-2023-0036,PHOTO,/evidence/MP-TN-2023-0036/photo_60.jpg,Site progress photo,2023-12-11,Field Officer App,sha256:53a8051cef08ce265aedfed2d1b85df0
MP-KAR-2023-0038,PHOTO,/evidence/MP-KAR-2023-0038/photo_348.jpg,Site progress photo,2023-08-09,Field Officer App,sha256:06cdddc572dba6d89512b277750b44d5
MP-WB-2025-0032,PHOTO,/evidence/MP-WB-2025-0032/photo_576.jpg,Site progress photo,2025-08-26,Field Officer App,sha256:e5df9cbcf2c11f4ce7eb8b3ef41eac87
MP-UP-2025-0024,PHOTO,/evidence/MP-UP-2025-0024/photo_901.jpg,Site progress photo,2025-07-07,Field Officer App,sha256:9c5b6371aa88a168d4d7b0330fe2111c
MP-BHR-2024-0027,PHOTO,/evidence/MP-BHR-2024-0027/photo_923.jpg,Site progress photo,2024-08-28,Field Officer App,sha256:3dba54efbdaef911c6f07acf6935638f
MP-ASM-2024-0034,PHOTO,/evidence/MP-ASM-2024-0034/photo_603.jpg,Site progress photo,2025-02-01,Field Officer App,sha256:3fe1fdc7661ffb8c79c53f16d60d5777
MP-ASM-2025-0017,PHOTO,/evidence/MP-ASM-2025-0017/photo_397.jpg,Site progress photo,2026-01-07,Field Officer App,sha256:0c5138cb93a0fb3fa6299b3146abb60c
MP-BHR-2023-0028,PHOTO,/evidence/MP-BHR-2023-0028/photo_137.jpg,Site progress photo,2023-03-27,Field Officer App,sha256:a2a2f537e0ed8758ff216d824095501d
MP-WB-2023-0029,PHOTO,/evidence/MP-WB-2023-0029/photo_512.jpg,Site progress photo,2024-01-14,Field Officer App,sha256:7a3eecc87a351a3616073acb952bd45b
MP-ASM-2022-0009,PHOTO,/evidence/MP-ASM-2022-0009/photo_75.jpg,Site progress photo,2023-04-24,Field Officer App,sha256:fc58f69c8065d2a12d0f47a746d86f09
MP-BHR-2024-0028,PHOTO,/evidence/MP-BHR-2024-0028/photo_831.jpg,Site progress photo,2024-12-05,Field Officer App,sha256:c357396e7f67aca7136aa200e138ca52
MP-TN-2025-0018,PHOTO,/evidence/MP-TN-2025-0018/photo_228.jpg,Site progress photo,2025-11-24,Field Officer App,sha256:cccb00a22cad129c28b624a988dcf5de
MP-PUN-2024-0035,PHOTO,/evidence/MP-PUN-2024-0035/photo_511.jpg,Site progress photo,2024-10-04,Field Officer App,sha256:f54db5766e7dbce4e48b2a3986c586dc
MP-TN-2023-0037,PHOTO,/evidence/MP-TN-2023-0037/photo_380.jpg,Site progress photo,2023-08-01,Field Officer App,sha256:3e0d8c9405c0673875c4f2bfff5aa346
MP-NAG-2023-0035,PHOTO,/evidence/MP-NAG-2023-0035/photo_565.jpg,Site progress photo,2023-08-04,Field Officer App,sha256:c8b4ae9912f12e62b35ea26282c9a6f9
MP-TEL-2025-0027,PHOTO,/evidence/MP-TEL-2025-0027/photo_622.jpg,Site progress photo,2025-08-06,Field Officer App,sha256:a3d49a71610a5e051aaecd1b1795d2d0
MP-TN-2022-0019,PHOTO,/evidence/MP-TN-2022-0019/photo_899.jpg,Site progress photo,2023-01-10,Field Officer App,sha256:4e5ae23af16b0761d77f72d830652393
MP-BHR-2025-0026,PHOTO,/evidence/MP-BHR-2025-0026/photo_752.jpg,Site progress photo,2025-12-10,Field Officer App,sha256:73e7183eacc50d7d067d4552a15f75c3
MP-GUJ-2023-0035,PHOTO,/evidence/MP-GUJ-2023-0035/photo_196.jpg,Site progress photo,2023-08-21,Field Officer App,sha256:9ea8df65e6f02b5bcfbc32c598c33dfe
MP-KAR-2025-0023,PHOTO,/evidence/MP-KAR-2025-0023/photo_576.jpg,Site progress photo,2025-04-28,Field Officer App,sha256:a0edca3146193b411d0fef10886040e3
MP-KAR-2023-0040,PHOTO,/evidence/MP-KAR-2023-0040/photo_113.jpg,Site progress photo,2023-10-17,Field Officer App,sha256:36aa5fbd8e3e8e04cce6c9d89ef627c5
MP-MH-2023-0035,PHOTO,/evidence/MP-MH-2023-0035/photo_486.jpg,Site progress photo,2024-01-16,Field Officer App,sha256:afc52442147644e3b19cf80d2b342f20
MP-UP-2025-0026,PHOTO,/evidence/MP-UP-2025-0026/photo_981.jpg,Site progress photo,2025-11-15,Field Officer App,sha256:4e3e55b5295ebd2af681830f331059a7
MP-UP-2022-0021,PHOTO,/evidence/MP-UP-2022-0021/photo_979.jpg,Site progress photo,2022-09-29,Field Officer App,sha256:4c262b9ef913a638f09a2db185df4005
MP-ASM-2025-0019,PHOTO,/evidence/MP-ASM-2025-0019/photo_104.jpg,Site progress photo,2025-06-30,Field Officer App,sha256:c557cc1daa6b1cd01a9a7ef54ff11902
MP-ODI-2023-0045,PHOTO,/evidence/MP-ODI-2023-0045/photo_224.jpg,Site progress photo,2023-12-06,Field Officer App,sha256:2ab35c42fc051aa13c37fb5db04c6eab
MP-BHR-2023-0029,PHOTO,/evidence/MP-BHR-2023-0029/photo_643.jpg,Site progress photo,2024-02-14,Field Officer App,sha256:e579319ce3c07088eadec0dcc03c1ffe
MP-TN-2022-0020,PHOTO,/evidence/MP-TN-2022-0020/photo_169.jpg,Site progress photo,2022-08-11,Field Officer App,sha256:4ac50f79aa863863fdc60babbbd59e87
MP-TEL-2024-0032,PHOTO,/evidence/MP-TEL-2024-0032/photo_2.jpg,Site progress photo,2024-12-19,Field Officer App,sha256:1152ce6764e6c94c1057e3b2c5077105
MP-ODI-2025-0025,PHOTO,/evidence/MP-ODI-2025-0025/photo_912.jpg,Site progress photo,2025-04-30,Field Officer App,sha256:d13ffe9ae6bdff4bf69c52861df16c32
MP-BHR-2024-0030,PHOTO,/evidence/MP-BHR-2024-0030/photo_856.jpg,Site progress photo,2024-02-04,Field Officer App,sha256:08ef3f92a8674738042e3e93e0291888
MP-MP-2023-0038,PHOTO,/evidence/MP-MP-2023-0038/photo_336.jpg,Site progress photo,2023-04-06,Field Officer App,sha256:c2bf11c81eaee43c3037fd1658f2c441
MP-KAR-2024-0044,PHOTO,/evidence/MP-KAR-2024-0044/photo_847.jpg,Site progress photo,2024-08-04,Field Officer App,sha256:d15df4bb1b2eafbc14497b762441ba97
MP-DEL-2025-0029,PHOTO,/evidence/MP-DEL-2025-0029/photo_36.jpg,Site progress photo,2025-03-11,Field Officer App,sha256:7cd2f3a148facc372c051a64ebc70493
MP-MP-2023-0039,PHOTO,/evidence/MP-MP-2023-0039/photo_965.jpg,Site progress photo,2023-12-05,Field Officer App,sha256:31e7ab5b84956bd6f55158777cb10f80
MP-KER-2023-0037,PHOTO,/evidence/MP-KER-2023-0037/photo_118.jpg,Site progress photo,2023-06-12,Field Officer App,sha256:16e9955f1bb6f54257e7018077e4b016
MP-TN-2023-0038,PHOTO,/evidence/MP-TN-2023-0038/photo_122.jpg,Site progress photo,2023-12-02,Field Officer App,sha256:4b1e82c74d0820bfcd56fb9f8f768654
MP-KER-2023-0038,PHOTO,/evidence/MP-KER-2023-0038/photo_292.jpg,Site progress photo,2024-06-26,Field Officer App,sha256:88c6dab0bbba9154a97e2d7a9aca34ca
MP-PUN-2024-0036,PHOTO,/evidence/MP-PUN-2024-0036/photo_315.jpg,Site progress photo,2024-04-12,Field Officer App,sha256:573b3e68995168b7c2b6724d994c1cf3
MP-NAG-2025-0029,PHOTO,/evidence/MP-NAG-2025-0029/photo_94.jpg,Site progress photo,2025-07-31,Field Officer App,sha256:4a80ceb9782c887c7f366f7fa9be5f3e
MP-ODI-2024-0039,PHOTO,/evidence/MP-ODI-2024-0039/photo_203.jpg,Site progress photo,2024-12-12,Field Officer App,sha256:86ff4220df485f68fafde80d6d7fc7c1
MP-BHR-2024-0031,PHOTO,/evidence/MP-BHR-2024-0031/photo_539.jpg,Site progress photo,2024-11-22,Field Officer App,sha256:df97744d1984f97806c5d7bbbada3da2
MP-DEL-2024-0033,PHOTO,/evidence/MP-DEL-2024-0033/photo_332.jpg,Site progress photo,2024-03-25,Field Officer App,sha256:ef4b477ae204ead9fff719303ba15ff8
MP-GUJ-2023-0036,PHOTO,/evidence/MP-GUJ-2023-0036/photo_310.jpg,Site progress photo,2023-08-16,Field Officer App,sha256:c3b7708c1879349e40d2069c6868a98c
MP-DEL-2025-0030,PHOTO,/evidence/MP-DEL-2025-0030/photo_552.jpg,Site progress photo,2025-11-12,Field Officer App,sha256:52ac818993798cf1c93ad96b56540ed8
MP-PUN-2024-0037,PHOTO,/evidence/MP-PUN-2024-0037/photo_407.jpg,Site progress photo,2024-09-04,Field Officer App,sha256:b8a032a5d47ebde051ae265c0d24ed63
MP-ODI-2023-0046,PHOTO,/evidence/MP-ODI-2023-0046/photo_988.jpg,Site progress photo,2023-10-17,Field Officer App,sha256:c2b2bc0f0542965066f4d1b30e4aecdd
MP-KER-2023-0039,PHOTO,/evidence/MP-KER-2023-0039/photo_991.jpg,Site progress photo,2023-12-19,Field Officer App,sha256:fed97b1ba0a9bf98b7f853868ba4316b
MP-TEL-2025-0028,PHOTO,/evidence/MP-TEL-2025-0028/photo_540.jpg,Site progress photo,2025-07-21,Field Officer App,sha256:24395c4816caaa6534cd9c824cde9cc3
MP-DEL-2024-0034,PHOTO,/evidence/MP-DEL-2024-0034/photo_522.jpg,Site progress photo,2024-08-04,Field Officer App,sha256:7e3e60beb7c90c0ff4770508066a07f8
MP-WB-2024-0031,PHOTO,/evidence/MP-WB-2024-0031/photo_413.jpg,Site progress photo,2024-09-27,Field Officer App,sha256:6540265bf4332181737ed558c39d5124
MP-KAR-2023-0042,PHOTO,/evidence/MP-KAR-2023-0042/photo_553.jpg,Site progress photo,2023-05-10,Field Officer App,sha256:bbeb36b8f9fc1488ca1a8befdd68ca38
MP-BHR-2022-0027,PHOTO,/evidence/MP-BHR-2022-0027/photo_744.jpg,Site progress photo,2023-04-18,Field Officer App,sha256:da9d7d833512e87fa83240b181f49144
MP-KER-2024-0039,PHOTO,/evidence/MP-KER-2024-0039/photo_3.jpg,Site progress photo,2024-05-21,Field Officer App,sha256:927b6aa05ddfecdc1cb94bf52d664a08
MP-ASM-2024-0036,PHOTO,/evidence/MP-ASM-2024-0036/photo_634.jpg,Site progress photo,2024-12-25,Field Officer App,sha256:514042bd112a2c769ea79677c8724e06
MP-BHR-2024-0032,PHOTO,/evidence/MP-BHR-2024-0032/photo_52.jpg,Site progress photo,2025-02-09,Field Officer App,sha256:4f862db166e4079429f4d2e709e94ed2
MP-ODI-2025-0026,PHOTO,/evidence/MP-ODI-2025-0026/photo_506.jpg,Site progress photo,2025-09-27,Field Officer App,sha256:5a03da09418effe2427ea395b8525741
MP-TEL-2024-0033,PHOTO,/evidence/MP-TEL-2024-0033/photo_26.jpg,Site progress photo,2024-07-01,Field Officer App,sha256:9559fa88c638cdd1ca43648c71a85a39
MP-WB-2025-0033,PHOTO,/evidence/MP-WB-2025-0033/photo_180.jpg,Site progress photo,2025-05-22,Field Officer App,sha256:a315d5764d94d6073cc27ab923703a21
MP-KAR-2025-0025,PHOTO,/evidence/MP-KAR-2025-0025/photo_913.jpg,Site progress photo,2025-06-14,Field Officer App,sha256:6e19ee0355b9a05f51a86a9e535b0558
MP-KAR-2023-0043,PHOTO,/evidence/MP-KAR-2023-0043/photo_70.jpg,Site progress photo,2024-02-27,Field Officer App,sha256:b16109f522418f1cde63e508ee647916
MP-KAR-2025-0026,PHOTO,/evidence/MP-KAR-2025-0026/photo_829.jpg,Site progress photo,2025-10-28,Field Officer App,sha256:f046f579cb9c724935e763da691656d9
MP-ODI-2024-0040,PHOTO,/evidence/MP-ODI-2024-0040/photo_386.jpg,Site progress photo,2024-07-09,Field Officer App,sha256:754f26ca21f0d2da37287da28b321527
MP-TEL-2023-0026,PHOTO,/evidence/MP-TEL-2023-0026/photo_315.jpg,Site progress photo,2023-05-02,Field Officer App,sha256:2d052f5fac40142283021bebe4202ac6
MP-TEL-2024-0034,PHOTO,/evidence/MP-TEL-2024-0034/photo_481.jpg,Site progress photo,2024-08-21,Field Officer App,sha256:30cea03e28172ea7ca9ad27a4bac647a
MP-GUJ-2024-0032,PHOTO,/evidence/MP-GUJ-2024-0032/photo_847.jpg,Site progress photo,2025-01-04,Field Officer App,sha256:52782f190081fe28a875ab7be687c64b
MP-ASM-2025-0020,PHOTO,/evidence/MP-ASM-2025-0020/photo_871.jpg,Site progress photo,2025-02-24,Field Officer App,sha256:8d2b773e91e52f153d1bb27894b74158
MP-MP-2024-0032,PHOTO,/evidence/MP-MP-2024-0032/photo_450.jpg,Site progress photo,2024-08-23,Field Officer App,sha256:6968f7ea3d7261a60b8ca35eaafc6711
MP-MP-2025-0022,PHOTO,/evidence/MP-MP-2025-0022/photo_297.jpg,Site progress photo,2025-05-15,Field Officer App,sha256:258e5a9e753011d2533d8b87e2518134
MP-TN-2022-0022,PHOTO,/evidence/MP-TN-2022-0022/photo_624.jpg,Site progress photo,2023-04-04,Field Officer App,sha256:7bd7c75fa20077fa1727aba146a6fcd4
MP-RAJ-2024-0029,PHOTO,/evidence/MP-RAJ-2024-0029/photo_808.jpg,Site progress photo,2025-03-29,Field Officer App,sha256:2a25d4da04693f7ce8215903f9296aa4
MP-RAJ-2022-0022,PHOTO,/evidence/MP-RAJ-2022-0022/photo_350.jpg,Site progress photo,2022-11-23,Field Officer App,sha256:34c240428634613016e85f12b24b742f
MP-UP-2025-0027,PHOTO,/evidence/MP-UP-2025-0027/photo_16.jpg,Site progress photo,2025-10-26,Field Officer App,sha256:60bed994f432cd0471a34b7ce2c30ac3
MP-RAJ-2024-0030,PHOTO,/evidence/MP-RAJ-2024-0030/photo_553.jpg,Site progress photo,2024-11-19,Field Officer App,sha256:66a1c55c46aef3fc01dc27469a84d070
MP-GUJ-2024-0033,PHOTO,/evidence/MP-GUJ-2024-0033/photo_635.jpg,Site progress photo,2024-06-22,Field Officer App,sha256:e34534c1711400f0cafb6d2a57c42846
MP-KER-2022-0025,PHOTO,/evidence/MP-KER-2022-0025/photo_434.jpg,Site progress photo,2023-02-19,Field Officer App,sha256:ce3e4d82bdb84dac8b2d4c47884f2a0d
MP-ASM-2024-0037,PHOTO,/evidence/MP-ASM-2024-0037/photo_765.jpg,Site progress photo,2024-07-05,Field Officer App,sha256:3910bb601d2c1d1d7f8a172c53d3ee4f
MP-TN-2025-0019,PHOTO,/evidence/MP-TN-2025-0019/photo_928.jpg,Site progress photo,2026-01-17,Field Officer App,sha256:354d251c95c67c4fa7c06e437d4cb067
MP-ASM-2025-0021,PHOTO,/evidence/MP-ASM-2025-0021/photo_717.jpg,Site progress photo,2025-07-29,Field Officer App,sha256:bc85f51952c57c988415e16c91230066
MP-KER-2023-0040,PHOTO,/evidence/MP-KER-2023-0040/photo_442.jpg,Site progress photo,2024-05-02,Field Officer App,sha256:55a4daa00032310dcae4da6b99f08d9f
MP-KAR-2022-0024,PHOTO,/evidence/MP-KAR-2022-0024/photo_338.jpg,Site progress photo,2022-11-03,Field Officer App,sha256:4e324c242546413e208c5301807b57ea
MP-KAR-2024-0045,PHOTO,/evidence/MP-KAR-2024-0045/photo_697.jpg,Site progress photo,2024-05-25,Field Officer App,sha256:620dff22a68e0b56d0f30f9692df4437
MP-ASM-2025-0022,PHOTO,/evidence/MP-ASM-2025-0022/photo_429.jpg,Site progress photo,2025-11-29,Field Officer App,sha256:17661c9157f48e97a4bc591da6f329d9
MP-GUJ-2024-0034,PHOTO,/evidence/MP-GUJ-2024-0034/photo_649.jpg,Site progress photo,2024-11-25,Field Officer App,sha256:db2c2b0dee6bcc1a0b23c4ca648f188c
MP-TEL-2025-0029,PHOTO,/evidence/MP-TEL-2025-0029/photo_209.jpg,Site progress photo,2025-05-20,Field Officer App,sha256:60fd802df977746f6c813283c6d892f6
MP-DEL-2022-0023,PHOTO,/evidence/MP-DEL-2022-0023/photo_396.jpg,Site progress photo,2023-02-11,Field Officer App,sha256:71f290121538ed85e4200ff8fc89c056
MP-UP-2025-0028,PHOTO,/evidence/MP-UP-2025-0028/photo_833.jpg,Site progress photo,2025-05-08,Field Officer App,sha256:0bee74f3ce6a494cf3f175d08243b180
MP-PUN-2024-0038,PHOTO,/evidence/MP-PUN-2024-0038/photo_715.jpg,Site progress photo,2024-05-07,Field Officer App,sha256:e8f3ec61070260fee914a47945ac4bbe
MP-ASM-2024-0038,PHOTO,/evidence/MP-ASM-2024-0038/photo_595.jpg,Site progress photo,2024-10-05,Field Officer App,sha256:57f44e8347cf0b80e52b321e5546d113
MP-ODI-2023-0047,PHOTO,/evidence/MP-ODI-2023-0047/photo_849.jpg,Site progress photo,2023-03-18,Field Officer App,sha256:90454c9b93b1cf3a48f32152d191a7da
MP-MH-2023-0037,PHOTO,/evidence/MP-MH-2023-0037/photo_394.jpg,Site progress photo,2023-06-26,Field Officer App,sha256:7f9f2481cccb613b60612b8e40e738de
MP-TN-2025-0020,PHOTO,/evidence/MP-TN-2025-0020/photo_892.jpg,Site progress photo,2025-12-03,Field Officer App,sha256:a9120b3d8b3b805bbe2320daf272a51d
MP-KAR-2024-0046,PHOTO,/evidence/MP-KAR-2024-0046/photo_297.jpg,Site progress photo,2024-08-17,Field Officer App,sha256:a3a56434666503f695aa9a3f0b2f20b8
MP-BHR-2024-0036,PHOTO,/evidence/MP-BHR-2024-0036/photo_698.jpg,Site progress photo,2024-12-07,Field Officer App,sha256:c46702950c07463b9fd62df55a4ad7a0
MP-PUN-2023-0029,PHOTO,/evidence/MP-PUN-2023-0029/photo_949.jpg,Site progress photo,2023-12-21,Field Officer App,sha256:8766b911d273a7b73d55e8639b8fb7ca
MP-BHR-2023-0030,PHOTO,/evidence/MP-BHR-2023-0030/photo_771.jpg,Site progress photo,2023-07-15,Field Officer App,sha256:4041166873a2ea746037d2721284a162
MP-RAJ-2024-0032,PHOTO,/evidence/MP-RAJ-2024-0032/photo_711.jpg,Site progress photo,2025-05-29,Field Officer App,sha256:34a34ba62a572db45ccf68e4280bcd87
MP-MH-2023-0038,PHOTO,/evidence/MP-MH-2023-0038/photo_282.jpg,Site progress photo,2023-04-18,Field Officer App,sha256:b7ae8357204762782eb0aef82e14a395
MP-MP-2025-0023,PHOTO,/evidence/MP-MP-2025-0023/photo_184.jpg,Site progress photo,2026-01-14,Field Officer App,sha256:9850a8ab6fc2f7622886679e2db9707a
MP-WB-2023-0031,PHOTO,/evidence/MP-WB-2023-0031/photo_957.jpg,Site progress photo,2023-09-29,Field Officer App,sha256:9a801e79a2bc6468ee7fef854294e5aa
MP-RAJ-2025-0023,PHOTO,/evidence/MP-RAJ-2025-0023/photo_855.jpg,Site progress photo,2026-02-13,Field Officer App,sha256:74691e177cb231b47e20e3927f5ee246
MP-NAG-2025-0030,PHOTO,/evidence/MP-NAG-2025-0030/photo_117.jpg,Site progress photo,2025-08-19,Field Officer App,sha256:227caea7b7ce7687653bb3f53f55eb8e
MP-WB-2022-0017,PHOTO,/evidence/MP-WB-2022-0017/photo_993.jpg,Site progress photo,2022-12-23,Field Officer App,sha256:623b5af8d9f30c807b4219a570cfe177
MP-UP-2022-0022,PHOTO,/evidence/MP-UP-2022-0022/photo_728.jpg,Site progress photo,2022-12-16,Field Officer App,sha256:3998018f2c169e7b99fc11aaca0bb44e
MP-MH-2025-0029,PHOTO,/evidence/MP-MH-2025-0029/photo_831.jpg,Site progress photo,2025-04-07,Field Officer App,sha256:88aef90b19572a82394a5dfe3b76f460
MP-NAG-2025-0031,PHOTO,/evidence/MP-NAG-2025-0031/photo_10.jpg,Site progress photo,2025-04-15,Field Officer App,sha256:f5bc102ee38eb46c3c51c85a568fe175
MP-TEL-2024-0037,PHOTO,/evidence/MP-TEL-2024-0037/photo_127.jpg,Site progress photo,2025-01-03,Field Officer App,sha256:b43cc01cbfdc33b515b31be5e045f3f2
MP-TEL-2022-0019,PHOTO,/evidence/MP-TEL-2022-0019/photo_689.jpg,Site progress photo,2022-11-08,Field Officer App,sha256:8c8ace05a48a2081a3e461b2df1869c0
MP-MH-2025-0030,PHOTO,/evidence/MP-MH-2025-0030/photo_31.jpg,Site progress photo,2026-02-11,Field Officer App,sha256:43bfece09afa95649c5b9506de04aa55
MP-MP-2024-0033,PHOTO,/evidence/MP-MP-2024-0033/photo_571.jpg,Site progress photo,2025-03-24,Field Officer App,sha256:45999cd3f8b8442ef706dc06128f8587
MP-UP-2022-0023,PHOTO,/evidence/MP-UP-2022-0023/photo_983.jpg,Site progress photo,2024-07-26,Field Officer App,sha256:0103fd2eeccc89d2f5a8248048c27598
MP-KER-2022-0026,PHOTO,/evidence/MP-KER-2022-0026/photo_966.jpg,Site progress photo,2022-09-11,Field Officer App,sha256:d91ece9d754f370234cc7493a64680b0
MP-MP-2024-0034,PHOTO,/evidence/MP-MP-2024-0034/photo_31.jpg,Site progress photo,2024-09-25,Field Officer App,sha256:65d227ef586c8f7f0b16b79b5fa5a88d
MP-ASM-2023-0035,PHOTO,/evidence/MP-ASM-2023-0035/photo_188.jpg,Site progress photo,2024-05-02,Field Officer App,sha256:fc4683ca4509595154eab794792df1a5
MP-TEL-2025-0030,PHOTO,/evidence/MP-TEL-2025-0030/photo_439.jpg,Site progress photo,2026-03-28,Field Officer App,sha256:2f39c9b569ad156deec4b5f48a3d7e77
MP-TN-2023-0040,PHOTO,/evidence/MP-TN-2023-0040/photo_181.jpg,Site progress photo,2023-12-14,Field Officer App,sha256:c3cb8316c025885674eb29ee1edcfa21
MP-ODI-2024-0041,PHOTO,/evidence/MP-ODI-2024-0041/photo_653.jpg,Site progress photo,2024-09-22,Field Officer App,sha256:bc29469939d7a444f3d3d5511b016db2
MP-UP-2023-0040,PHOTO,/evidence/MP-UP-2023-0040/photo_656.jpg,Site progress photo,2023-12-10,Field Officer App,sha256:3a677d7ff80bb8c6145a9d3f697182b3
MP-WB-2025-0034,PHOTO,/evidence/MP-WB-2025-0034/photo_442.jpg,Site progress photo,2025-09-05,Field Officer App,sha256:496d3fbd305be554d8ac6f11546e7273
MP-WB-2025-0035,PHOTO,/evidence/MP-WB-2025-0035/photo_530.jpg,Site progress photo,2025-08-21,Field Officer App,sha256:715c768ab96f2389888bae7c459d2035
MP-RAJ-2024-0034,PHOTO,/evidence/MP-RAJ-2024-0034/photo_391.jpg,Site progress photo,2024-08-06,Field Officer App,sha256:0996e43259c1704a7921689aaa44a710
MP-UP-2024-0035,PHOTO,/evidence/MP-UP-2024-0035/photo_992.jpg,Site progress photo,2025-02-15,Field Officer App,sha256:fed344f78f31704a2c62659e5f73641d
MP-ASM-2024-0041,PHOTO,/evidence/MP-ASM-2024-0041/photo_718.jpg,Site progress photo,2024-07-09,Field Officer App,sha256:09447c9363b571ed1772353d4fc8af91
MP-TEL-2023-0028,PHOTO,/evidence/MP-TEL-2023-0028/photo_29.jpg,Site progress photo,2023-09-10,Field Officer App,sha256:1c215626d855ec8a7f67ed5cdc8b1719
MP-ODI-2022-0034,PHOTO,/evidence/MP-ODI-2022-0034/photo_131.jpg,Site progress photo,2022-12-11,Field Officer App,sha256:c1c5aa08b99d5826c48774a2741d008b
MP-KAR-2024-0049,PHOTO,/evidence/MP-KAR-2024-0049/photo_222.jpg,Site progress photo,2024-09-04,Field Officer App,sha256:dfb3dbed118874d85853731ea6668e55
MP-BHR-2023-0032,PHOTO,/evidence/MP-BHR-2023-0032/photo_77.jpg,Site progress photo,2023-09-17,Field Officer App,sha256:61e6994a401b4c0f177765090f1f6ce0
MP-NAG-2024-0030,PHOTO,/evidence/MP-NAG-2024-0030/photo_829.jpg,Site progress photo,2024-09-21,Field Officer App,sha256:e79831b67a9f1157b7aed93d4bb442e2
MP-BHR-2023-0033,PHOTO,/evidence/MP-BHR-2023-0033/photo_54.jpg,Site progress photo,2024-01-03,Field Officer App,sha256:a74d30ff2d2e680ab86d5ab72e9cc695
MP-BHR-2025-0028,PHOTO,/evidence/MP-BHR-2025-0028/photo_604.jpg,Site progress photo,2025-02-16,Field Officer App,sha256:3599bdb95e002c359bf1fdf07ed62a51
MP-GUJ-2024-0035,PHOTO,/evidence/MP-GUJ-2024-0035/photo_73.jpg,Site progress photo,2024-12-13,Field Officer App,sha256:2a1bc69456f8142fe1c37ceff5335c78
MP-GUJ-2025-0039,PHOTO,/evidence/MP-GUJ-2025-0039/photo_726.jpg,Site progress photo,2025-10-08,Field Officer App,sha256:ada81e47ea890deb36c1aab6f26abcb4
MP-KER-2023-0043,PHOTO,/evidence/MP-KER-2023-0043/photo_227.jpg,Site progress photo,2023-09-25,Field Officer App,sha256:58ee22b7a416ed8677b308ce672041c7
MP-WB-2024-0036,PHOTO,/evidence/MP-WB-2024-0036/photo_510.jpg,Site progress photo,2025-04-05,Field Officer App,sha256:f6d5a585a95044cf8d06b174c997137d
MP-BHR-2024-0038,PHOTO,/evidence/MP-BHR-2024-0038/photo_634.jpg,Site progress photo,2024-08-08,Field Officer App,sha256:2acd0f3a8ca4969f3f61e025646e407b
MP-KER-2025-0032,PHOTO,/evidence/MP-KER-2025-0032/photo_467.jpg,Site progress photo,2025-03-01,Field Officer App,sha256:8e07d41d5a92e83fcc936cfe21911d1c
MP-KAR-2022-0025,PHOTO,/evidence/MP-KAR-2022-0025/photo_416.jpg,Site progress photo,2022-12-06,Field Officer App,sha256:5ac81f0680ac82eecdd19ac233e02328
MP-MH-2024-0032,PHOTO,/evidence/MP-MH-2024-0032/photo_200.jpg,Site progress photo,2024-04-25,Field Officer App,sha256:4beae51b5e8e8c3ef0e6d7a07ac1d6aa
MP-GUJ-2023-0037,PHOTO,/evidence/MP-GUJ-2023-0037/photo_708.jpg,Site progress photo,2023-07-06,Field Officer App,sha256:5c79e84307be2ec9af9b0680cd886ec5
MP-UP-2022-0024,PHOTO,/evidence/MP-UP-2022-0024/photo_823.jpg,Site progress photo,2022-12-17,Field Officer App,sha256:eea71fab69a316286fe5dbfa1dfdb99a
MP-MH-2025-0031,PHOTO,/evidence/MP-MH-2025-0031/photo_860.jpg,Site progress photo,2025-03-25,Field Officer App,sha256:9564aed5edf19122164675481309f9db
MP-GUJ-2022-0019,PHOTO,/evidence/MP-GUJ-2022-0019/photo_702.jpg,Site progress photo,2023-01-16,Field Officer App,sha256:37e1dd14867d67cb950b589c34585892
MP-MP-2024-0036,PHOTO,/evidence/MP-MP-2024-0036/photo_44.jpg,Site progress photo,2024-10-26,Field Officer App,sha256:2218408358600898c31393ef6bfb297f
MP-DEL-2023-0033,PHOTO,/evidence/MP-DEL-2023-0033/photo_837.jpg,Site progress photo,2023-05-16,Field Officer App,sha256:0a2ff950850a6c121acd640050c19458
MP-MH-2023-0043,PHOTO,/evidence/MP-MH-2023-0043/photo_574.jpg,Site progress photo,2023-10-10,Field Officer App,sha256:033b29fc49ca1072fa6c6907b8218342
MP-RAJ-2025-0025,PHOTO,/evidence/MP-RAJ-2025-0025/photo_576.jpg,Site progress photo,2025-09-04,Field Officer App,sha256:9cb5dc0c01ebd2b906eab366488ecf84
MP-KER-2022-0028,PHOTO,/evidence/MP-KER-2022-0028/photo_680.jpg,Site progress photo,2022-11-20,Field Officer App,sha256:039f60109a23ecb1f0d966465b997013
MP-KAR-2025-0027,PHOTO,/evidence/MP-KAR-2025-0027/photo_32.jpg,Site progress photo,2025-07-28,Field Officer App,sha256:80633fcae7d53b7f063778cd6210355d
MP-NAG-2024-0031,PHOTO,/evidence/MP-NAG-2024-0031/photo_404.jpg,Site progress photo,2024-06-14,Field Officer App,sha256:465b8d002c4dd711700832a980a1562a
MP-ODI-2025-0028,PHOTO,/evidence/MP-ODI-2025-0028/photo_582.jpg,Site progress photo,2025-09-13,Field Officer App,sha256:73df0ec325b376db1700c4b74ca268ba
MP-KAR-2024-0051,PHOTO,/evidence/MP-KAR-2024-0051/photo_555.jpg,Site progress photo,2025-01-05,Field Officer App,sha256:437c62568d042991fc1bccded0dfc95b
MP-KAR-2022-0027,PHOTO,/evidence/MP-KAR-2022-0027/photo_668.jpg,Site progress photo,2022-12-11,Field Officer App,sha256:6d4aa565077c1f06ba6c8b05bdc97906
MP-GUJ-2024-0036,PHOTO,/evidence/MP-GUJ-2024-0036/photo_878.jpg,Site progress photo,2024-11-29,Field Officer App,sha256:9d3a7c987db6e5329c34a17075e132f5
MP-ASM-2024-0042,PHOTO,/evidence/MP-ASM-2024-0042/photo_548.jpg,Site progress photo,2024-05-17,Field Officer App,sha256:be25828a82877d496a1c13b488c5a6e6
MP-MP-2023-0041,PHOTO,/evidence/MP-MP-2023-0041/photo_403.jpg,Site progress photo,2024-03-17,Field Officer App,sha256:c796eaf33c51cef2fd9df3468b176c46
MP-NAG-2023-0038,PHOTO,/evidence/MP-NAG-2023-0038/photo_568.jpg,Site progress photo,2024-03-13,Field Officer App,sha256:944e6bde6e9454c7948466233e9819a6
MP-KAR-2025-0028,PHOTO,/evidence/MP-KAR-2025-0028/photo_870.jpg,Site progress photo,2025-09-13,Field Officer App,sha256:d0538802ab39c9b63186756b8abdcaad
MP-GUJ-2025-0040,PHOTO,/evidence/MP-GUJ-2025-0040/photo_949.jpg,Site progress photo,2025-10-22,Field Officer App,sha256:7b2002b987cf45ed402dcb7d6ca4e03f
MP-ASM-2024-0043,PHOTO,/evidence/MP-ASM-2024-0043/photo_888.jpg,Site progress photo,2025-03-22,Field Officer App,sha256:97e5cc8ba44bb89b14280378f2d929ee
MP-MH-2024-0033,PHOTO,/evidence/MP-MH-2024-0033/photo_412.jpg,Site progress photo,2024-03-24,Field Officer App,sha256:c9b98ace48587a6ca741de9b218d7c23
MP-GUJ-2024-0037,PHOTO,/evidence/MP-GUJ-2024-0037/photo_48.jpg,Site progress photo,2024-11-14,Field Officer App,sha256:2240e98ca8288f819fdb829f43c364e0
MP-UP-2023-0041,PHOTO,/evidence/MP-UP-2023-0041/photo_733.jpg,Site progress photo,2024-01-16,Field Officer App,sha256:1b2f54524c237475f99e4c043f425b40
MP-TN-2025-0021,PHOTO,/evidence/MP-TN-2025-0021/photo_299.jpg,Site progress photo,2025-05-01,Field Officer App,sha256:d3089a378e1da0a521d65b4a47c44862
MP-WB-2023-0033,PHOTO,/evidence/MP-WB-2023-0033/photo_366.jpg,Site progress photo,2023-10-11,Field Officer App,sha256:1142c9d1a23eb51f02f82aada9c74127
MP-MP-2022-0027,PHOTO,/evidence/MP-MP-2022-0027/photo_183.jpg,Site progress photo,2023-04-23,Field Officer App,sha256:6da2cef422052cfbe355f00062d4816d
MP-KAR-2023-0044,PHOTO,/evidence/MP-KAR-2023-0044/photo_17.jpg,Site progress photo,2023-07-07,Field Officer App,sha256:d30612ac43bdbc3daf64b4129eb9550b
MP-GUJ-2022-0021,PHOTO,/evidence/MP-GUJ-2022-0021/photo_196.jpg,Site progress photo,2023-05-17,Field Officer App,sha256:f1451e9d45e8f652bdf43da32fd8a5ae
MP-NAG-2024-0032,PHOTO,/evidence/MP-NAG-2024-0032/photo_664.jpg,Site progress photo,2024-07-25,Field Officer App,sha256:bf38ece36219b36f709f3e7f1ca157c4
MP-TN-2024-0035,PHOTO,/evidence/MP-TN-2024-0035/photo_324.jpg,Site progress photo,2024-12-09,Field Officer App,sha256:0b3f78916cfef719f0b66f652ec4f279
MP-UP-2022-0025,PHOTO,/evidence/MP-UP-2022-0025/photo_338.jpg,Site progress photo,2022-12-28,Field Officer App,sha256:fe07de91b4f8afa2a550de68c3a21864
MP-PUN-2022-0022,PHOTO,/evidence/MP-PUN-2022-0022/photo_549.jpg,Site progress photo,2022-11-16,Field Officer App,sha256:d353b5b1faadab1e5d8aef2f6e3ac0d8
MP-DEL-2023-0034,PHOTO,/evidence/MP-DEL-2023-0034/photo_881.jpg,Site progress photo,2023-05-08,Field Officer App,sha256:b923d080367691692f02b0e139894376
MP-MP-2025-0026,PHOTO,/evidence/MP-MP-2025-0026/photo_340.jpg,Site progress photo,2025-05-19,Field Officer App,sha256:f291200d80178907e145126de58f7b26
MP-TN-2025-0022,PHOTO,/evidence/MP-TN-2025-0022/photo_852.jpg,Site progress photo,2025-06-23,Field Officer App,sha256:6332828b76f85191920cdea255d4a048
MP-TEL-2024-0040,PHOTO,/evidence/MP-TEL-2024-0040/photo_620.jpg,Site progress photo,2024-10-31,Field Officer App,sha256:ddec1375375d91e6b957d88ad554b7a7
MP-TN-2025-0023,PHOTO,/evidence/MP-TN-2025-0023/photo_418.jpg,Site progress photo,2025-10-11,Field Officer App,sha256:c48b1567ece3c60aa16d55dc968cb077
MP-KAR-2023-0045,PHOTO,/evidence/MP-KAR-2023-0045/photo_555.jpg,Site progress photo,2023-02-28,Field Officer App,sha256:6a06d98f0661fca10138a1d97ba32e76
MP-DEL-2024-0037,PHOTO,/evidence/MP-DEL-2024-0037/photo_541.jpg,Site progress photo,2024-09-05,Field Officer App,sha256:639f734c8a68440f46b88465a54ebde2
MP-GUJ-2022-0023,PHOTO,/evidence/MP-GUJ-2022-0023/photo_341.jpg,Site progress photo,2022-09-06,Field Officer App,sha256:64c99d1b71586ef221c2da51c8b0356e
MP-UP-2023-0042,PHOTO,/evidence/MP-UP-2023-0042/photo_296.jpg,Site progress photo,2024-02-13,Field Officer App,sha256:69ef9e95514dfd089411bc565ea521db
MP-UP-2024-0037,PHOTO,/evidence/MP-UP-2024-0037/photo_322.jpg,Site progress photo,2025-01-26,Field Officer App,sha256:1c8d329a22770a1c4879c3d576718c91
MP-ASM-2024-0044,PHOTO,/evidence/MP-ASM-2024-0044/photo_912.jpg,Site progress photo,2024-10-08,Field Officer App,sha256:967eb2f011a2ce336d473fe6e6e3bb5b
MP-RAJ-2023-0037,PHOTO,/evidence/MP-RAJ-2023-0037/photo_102.jpg,Site progress photo,2023-04-16,Field Officer App,sha256:e48d1b8e518fdcc26700c89dea67ed6d
MP-TN-2023-0041,PHOTO,/evidence/MP-TN-2023-0041/photo_703.jpg,Site progress photo,2024-03-19,Field Officer App,sha256:3fb7ed61ed9079d4ef17c34b4050000b
MP-UP-2025-0030,PHOTO,/evidence/MP-UP-2025-0030/photo_501.jpg,Site progress photo,2025-04-25,Field Officer App,sha256:78a073f15e5af2fef337df7a35ecf659
MP-WB-2025-0036,PHOTO,/evidence/MP-WB-2025-0036/photo_636.jpg,Site progress photo,2026-02-17,Field Officer App,sha256:69a80100e206ddceafbf6379e6e56cfb
MP-DEL-2025-0032,PHOTO,/evidence/MP-DEL-2025-0032/photo_411.jpg,Site progress photo,2025-05-05,Field Officer App,sha256:8a821102bad08ee52e1f693a6216f465
MP-MH-2025-0032,PHOTO,/evidence/MP-MH-2025-0032/photo_738.jpg,Site progress photo,2025-05-24,Field Officer App,sha256:b2f80fe31d1f4ecc618eab52d306e6b9
MP-UP-2022-0026,PHOTO,/evidence/MP-UP-2022-0026/photo_34.jpg,Site progress photo,2022-11-21,Field Officer App,sha256:d36dd9143f661bcb297858a495d80e78
MP-UP-2025-0031,PHOTO,/evidence/MP-UP-2025-0031/photo_504.jpg,Site progress photo,2025-08-29,Field Officer App,sha256:5da163268402c5efd9a5b26d7b0de9eb
MP-UP-2023-0043,PHOTO,/evidence/MP-UP-2023-0043/photo_263.jpg,Site progress photo,2023-10-04,Field Officer App,sha256:c1997683e3056664beaf3acd29dcc301
MP-UP-2024-0039,PHOTO,/evidence/MP-UP-2024-0039/photo_54.jpg,Site progress photo,2025-01-03,Field Officer App,sha256:26f82d74a18fd7ee073d416fae6c1b21
MP-BHR-2025-0029,PHOTO,/evidence/MP-BHR-2025-0029/photo_781.jpg,Site progress photo,2025-12-25,Field Officer App,sha256:f09fa87da384bb37f6f442bb16d9e521
MP-KER-2023-0044,PHOTO,/evidence/MP-KER-2023-0044/photo_514.jpg,Site progress photo,2023-02-25,Field Officer App,sha256:bb7c748185183cfd572033f2fcecb0b8
MP-MH-2025-0033,PHOTO,/evidence/MP-MH-2025-0033/photo_799.jpg,Site progress photo,2025-06-01,Field Officer App,sha256:ed6765bc0ed1b552391d7ea648af9d8a
MP-ASM-2023-0036,PHOTO,/evidence/MP-ASM-2023-0036/photo_553.jpg,Site progress photo,2023-10-15,Field Officer App,sha256:7bbe06fe6b0ae472998b6991bc9a9445
MP-WB-2024-0038,PHOTO,/evidence/MP-WB-2024-0038/photo_694.jpg,Site progress photo,2024-09-17,Field Officer App,sha256:b2e9a1becc9503dcee55030aa27353fa
MP-MH-2022-0017,PHOTO,/evidence/MP-MH-2022-0017/photo_654.jpg,Site progress photo,2022-12-02,Field Officer App,sha256:6c5d29e2f7f8104c2a985ee89b2f5034
MP-KER-2023-0045,PHOTO,/evidence/MP-KER-2023-0045/photo_854.jpg,Site progress photo,2023-08-24,Field Officer App,sha256:ec7c1f05704f84c57bb4a3fd944d3486
MP-KAR-2025-0030,PHOTO,/evidence/MP-KAR-2025-0030/photo_795.jpg,Site progress photo,2026-01-22,Field Officer App,sha256:b97733e95a8079a9018614e5e71ed40e
MP-TN-2024-0037,PHOTO,/evidence/MP-TN-2024-0037/photo_56.jpg,Site progress photo,2024-02-26,Field Officer App,sha256:5f7d95acec6a68558dfa08a00b8b57e3
MP-PUN-2023-0031,PHOTO,/evidence/MP-PUN-2023-0031/photo_540.jpg,Site progress photo,2023-06-17,Field Officer App,sha256:4ac2fc0b4de5b00f2b2a43f5c5392cd5
MP-KAR-2024-0053,PHOTO,/evidence/MP-KAR-2024-0053/photo_960.jpg,Site progress photo,2025-05-01,Field Officer App,sha256:534940bdf289ebf09b35bafeaf30be58
MP-ASM-2024-0045,PHOTO,/evidence/MP-ASM-2024-0045/photo_206.jpg,Site progress photo,2025-03-24,Field Officer App,sha256:9f78023865cd5743ca942f9ff9005f8a
MP-TEL-2024-0041,PHOTO,/evidence/MP-TEL-2024-0041/photo_602.jpg,Site progress photo,2024-06-16,Field Officer App,sha256:e89a55aedbaeda7c94a993de63c9bd5e
MP-MP-2022-0028,PHOTO,/evidence/MP-MP-2022-0028/photo_695.jpg,Site progress photo,2023-05-25,Field Officer App,sha256:8e05425cd8a43cf97df405f596d326e0
MP-MP-2025-0027,PHOTO,/evidence/MP-MP-2025-0027/photo_359.jpg,Site progress photo,2025-08-28,Field Officer App,sha256:c7419b21139d2acf4ce07fcf5b7ee83a
MP-KER-2024-0043,PHOTO,/evidence/MP-KER-2024-0043/photo_742.jpg,Site progress photo,2025-01-24,Field Officer App,sha256:5ed89be98ed48aeee6176a98db420104
MP-GUJ-2025-0041,PHOTO,/evidence/MP-GUJ-2025-0041/photo_642.jpg,Site progress photo,2025-04-13,Field Officer App,sha256:4dff580a1515e5b699635a1860e07ddc
MP-BHR-2023-0034,PHOTO,/evidence/MP-BHR-2023-0034/photo_335.jpg,Site progress photo,2023-11-07,Field Officer App,sha256:6ccf60d147096f2495299ab336333571
MP-DEL-2025-0033,PHOTO,/evidence/MP-DEL-2025-0033/photo_927.jpg,Site progress photo,2025-07-02,Field Officer App,sha256:6c067353bfe3a24b45522dad2d5d3694
MP-MP-2025-0028,PHOTO,/evidence/MP-MP-2025-0028/photo_382.jpg,Site progress photo,2025-07-18,Field Officer App,sha256:21a671ae1a1f237af4d1706fa89ef990
MP-PUN-2024-0039,PHOTO,/evidence/MP-PUN-2024-0039/photo_118.jpg,Site progress photo,2025-01-13,Field Officer App,sha256:ccd6117e4edcac95451d5461a714958f
MP-NAG-2025-0032,PHOTO,/evidence/MP-NAG-2025-0032/photo_852.jpg,Site progress photo,2025-04-25,Field Officer App,sha256:c02c7d69d1a0e4bec9016f8912666d73
MP-KER-2023-0046,PHOTO,/evidence/MP-KER-2023-0046/photo_673.jpg,Site progress photo,2024-01-30,Field Officer App,sha256:56aad6fe7d21964c4e9e738f92123425
MP-PUN-2025-0025,PHOTO,/evidence/MP-PUN-2025-0025/photo_835.jpg,Site progress photo,2025-07-05,Field Officer App,sha256:52486170a6900d7cfc3b3f0a100a8b32
MP-TEL-2024-0042,PHOTO,/evidence/MP-TEL-2024-0042/photo_756.jpg,Site progress photo,2024-08-01,Field Officer App,sha256:9c47cc49951ecbc6a89b8b2936fecffc
MP-DEL-2024-0038,PHOTO,/evidence/MP-DEL-2024-0038/photo_21.jpg,Site progress photo,2024-08-07,Field Officer App,sha256:151b1873eb1afeb2a158a2cc630b3ce6
MP-MP-2024-0039,PHOTO,/evidence/MP-MP-2024-0039/photo_753.jpg,Site progress photo,2024-08-01,Field Officer App,sha256:2c0e6a60432f46442e3596c8b3dbbd25
MP-NAG-2022-0029,PHOTO,/evidence/MP-NAG-2022-0029/photo_50.jpg,Site progress photo,2022-09-05,Field Officer App,sha256:66da5cfe5a7d508cbda049dd1edb073b
MP-KER-2023-0048,PHOTO,/evidence/MP-KER-2023-0048/photo_681.jpg,Site progress photo,2023-05-18,Field Officer App,sha256:a055be6ec785fe30dfc3071f3686ed7c
MP-GUJ-2023-0039,PHOTO,/evidence/MP-GUJ-2023-0039/photo_454.jpg,Site progress photo,2023-11-13,Field Officer App,sha256:e642faf33e9d0cafbcfb1c5ac6b9d84a
MP-NAG-2022-0030,PHOTO,/evidence/MP-NAG-2022-0030/photo_757.jpg,Site progress photo,2023-04-26,Field Officer App,sha256:74f4207e62d750b12d4af74cd3e92529
MP-KAR-2023-0047,PHOTO,/evidence/MP-KAR-2023-0047/photo_446.jpg,Site progress photo,2023-09-14,Field Officer App,sha256:57b6fe1fa4f0889aa547e3ba1335ea65
MP-ASM-2025-0024,PHOTO,/evidence/MP-ASM-2025-0024/photo_263.jpg,Site progress photo,2026-02-05,Field Officer App,sha256:60b565726ddd6cb12fbdbb139ea4c538
MP-MH-2023-0047,PHOTO,/evidence/MP-MH-2023-0047/photo_408.jpg,Site progress photo,2023-06-29,Field Officer App,sha256:e5f045168e14bcd2adcb247db7b244fe
MP-ASM-2023-0037,PHOTO,/evidence/MP-ASM-2023-0037/photo_973.jpg,Site progress photo,2023-04-12,Field Officer App,sha256:93be97a93cc912a0b841d6ef3c4273ee
MP-KAR-2024-0054,PHOTO,/evidence/MP-KAR-2024-0054/photo_501.jpg,Site progress photo,2025-02-22,Field Officer App,sha256:b35d47a10d39f7d07b7872706546ddb0
MP-ODI-2025-0031,PHOTO,/evidence/MP-ODI-2025-0031/photo_137.jpg,Site progress photo,2025-12-07,Field Officer App,sha256:2dc30db2612844437aff7d15a00f386f
MP-WB-2025-0037,PHOTO,/evidence/MP-WB-2025-0037/photo_364.jpg,Site progress photo,2025-08-08,Field Officer App,sha256:96ad551557cd6e376372132e7461a7fa
MP-UP-2024-0041,PHOTO,/evidence/MP-UP-2024-0041/photo_813.jpg,Site progress photo,2025-04-10,Field Officer App,sha256:557f53dd315ebef317fd5759e4a4368a
MP-MP-2023-0044,PHOTO,/evidence/MP-MP-2023-0044/photo_678.jpg,Site progress photo,2024-01-17,Field Officer App,sha256:4556a1dbca46d3d2abd5f2fe7c5ef2b5
MP-KAR-2025-0032,PHOTO,/evidence/MP-KAR-2025-0032/photo_616.jpg,Site progress photo,2025-09-06,Field Officer App,sha256:6edfa490321b53b36fab6da3f1723db6
MP-KER-2023-0049,PHOTO,/evidence/MP-KER-2023-0049/photo_52.jpg,Site progress photo,2023-10-22,Field Officer App,sha256:f28d20700f1898252544ff0805d618b4
MP-MP-2024-0041,PHOTO,/evidence/MP-MP-2024-0041/photo_599.jpg,Site progress photo,2024-09-01,Field Officer App,sha256:078bf911abe11b83a9381da1d8012395
MP-KER-2024-0045,PHOTO,/evidence/MP-KER-2024-0045/photo_4.jpg,Site progress photo,2024-09-16,Field Officer App,sha256:c29cb339d8f82fbb3c7b06f1613b9076
MP-BHR-2022-0029,PHOTO,/evidence/MP-BHR-2022-0029/photo_587.jpg,Site progress photo,2022-11-30,Field Officer App,sha256:2762f6f71319d6f7fadfd11534e9adfa
MP-ODI-2022-0037,PHOTO,/evidence/MP-ODI-2022-0037/photo_541.jpg,Site progress photo,2022-10-27,Field Officer App,sha256:96678934c5c903051e413643a2884020
MP-PUN-2023-0032,PHOTO,/evidence/MP-PUN-2023-0032/photo_538.jpg,Site progress photo,2023-10-07,Field Officer App,sha256:d054de0ac4536fe9880945244d940795
MP-GUJ-2024-0038,PHOTO,/evidence/MP-GUJ-2024-0038/photo_179.jpg,Site progress photo,2025-02-17,Field Officer App,sha256:892e73f9af958bb94dca03f3a72e3a9b
MP-PUN-2025-0028,PHOTO,/evidence/MP-PUN-2025-0028/photo_752.jpg,Site progress photo,2025-09-11,Field Officer App,sha256:996aee3b2e22d73bebdee7e032250e70
MP-WB-2022-0018,PHOTO,/evidence/MP-WB-2022-0018/photo_911.jpg,Site progress photo,2023-06-12,Field Officer App,sha256:4191df901586e7460e8ffe9c77b1ad0b
MP-TN-2024-0040,PHOTO,/evidence/MP-TN-2024-0040/photo_726.jpg,Site progress photo,2024-05-19,Field Officer App,sha256:be25d4f51aca7b45b1a76b9992c29e5b
MP-ASM-2024-0046,PHOTO,/evidence/MP-ASM-2024-0046/photo_286.jpg,Site progress photo,2024-08-02,Field Officer App,sha256:c474eb3411a2074f388f763773f1a171
MP-UP-2024-0042,PHOTO,/evidence/MP-UP-2024-0042/photo_138.jpg,Site progress photo,2024-11-21,Field Officer App,sha256:3dd1272e94fabe20aa3120b176833ce3
MP-TN-2023-0043,PHOTO,/evidence/MP-TN-2023-0043/photo_336.jpg,Site progress photo,2023-07-20,Field Officer App,sha256:c9226f764891b1f5dea781d8c06178af
MP-WB-2024-0040,PHOTO,/evidence/MP-WB-2024-0040/photo_668.jpg,Site progress photo,2025-03-27,Field Officer App,sha256:f836682e5d907097a2493e72809e2fb6
MP-GUJ-2022-0025,PHOTO,/evidence/MP-GUJ-2022-0025/photo_96.jpg,Site progress photo,2023-01-12,Field Officer App,sha256:15597429cb40206b7bdd73f866c95b96
MP-KER-2023-0050,PHOTO,/evidence/MP-KER-2023-0050/photo_101.jpg,Site progress photo,2024-02-12,Field Officer App,sha256:525cde126534af825e6b1e5644398559
MP-PUN-2024-0040,PHOTO,/evidence/MP-PUN-2024-0040/photo_354.jpg,Site progress photo,2024-09-05,Field Officer App,sha256:3f44e3ea09d7edeaafd2e49a743b7d1a
MP-ASM-2024-0047,PHOTO,/evidence/MP-ASM-2024-0047/photo_978.jpg,Site progress photo,2024-09-05,Field Officer App,sha256:ae003a0a1292b1c950106850854dad84
MP-KAR-2025-0033,PHOTO,/evidence/MP-KAR-2025-0033/photo_349.jpg,Site progress photo,2025-09-09,Field Officer App,sha256:6e3eba339463d94fca698938aebe7a21
MP-MH-2025-0034,PHOTO,/evidence/MP-MH-2025-0034/photo_815.jpg,Site progress photo,2025-06-16,Field Officer App,sha256:792eecf5ef83b79e4776d9d021df73ac
MP-MH-2022-0020,PHOTO,/evidence/MP-MH-2022-0020/photo_795.jpg,Site progress photo,2023-01-10,Field Officer App,sha256:fb12d4fb8e7d67b04f8fa2237b4fd76a
MP-TEL-2023-0030,PHOTO,/evidence/MP-TEL-2023-0030/photo_66.jpg,Site progress photo,2023-10-15,Field Officer App,sha256:9f8f1181cb08cb56f4a0106e5ae6592f
MP-WB-2025-0038,PHOTO,/evidence/MP-WB-2025-0038/photo_32.jpg,Site progress photo,2025-06-10,Field Officer App,sha256:d67d34e72558bea8a1100595e27d2c35
MP-MP-2025-0031,PHOTO,/evidence/MP-MP-2025-0031/photo_200.jpg,Site progress photo,2025-05-01,Field Officer App,sha256:1ef32b486321f03c0012c5119c2d953d
MP-ASM-2023-0039,PHOTO,/evidence/MP-ASM-2023-0039/photo_901.jpg,Site progress photo,2024-02-15,Field Officer App,sha256:d1647caf92668266e92e89d4660f7229
MP-NAG-2024-0033,PHOTO,/evidence/MP-NAG-2024-0033/photo_694.jpg,Site progress photo,2025-03-27,Field Officer App,sha256:d4cd36d8f0c83a184dc23314eb05e94c
MP-TEL-2025-0036,PHOTO,/evidence/MP-TEL-2025-0036/photo_470.jpg,Site progress photo,2025-05-27,Field Officer App,sha256:a9df2c3f1c14cc2afbab6176e88e604e
MP-ODI-2024-0046,PHOTO,/evidence/MP-ODI-2024-0046/photo_111.jpg,Site progress photo,2024-11-08,Field Officer App,sha256:1835ce2ab01906888b9a5b824d6b2deb
MP-GUJ-2022-0028,PHOTO,/evidence/MP-GUJ-2022-0028/photo_525.jpg,Site progress photo,2023-02-11,Field Officer App,sha256:4de9f254e8c4c0ade85754568bd3804e
MP-TEL-2022-0022,PHOTO,/evidence/MP-TEL-2022-0022/photo_615.jpg,Site progress photo,2023-03-10,Field Officer App,sha256:a396c97c5adff2a05db45f8fc88e599f
MP-BHR-2025-0030,PHOTO,/evidence/MP-BHR-2025-0030/photo_400.jpg,Site progress photo,2025-11-18,Field Officer App,sha256:2908447da80fbfcbedd9d567cafa70df
MP-TN-2023-0044,PHOTO,/evidence/MP-TN-2023-0044/photo_813.jpg,Site progress photo,2024-05-12,Field Officer App,sha256:68c523c54ae1ab1895f1b3f1cbb85de4
MP-ASM-2024-0048,PHOTO,/evidence/MP-ASM-2024-0048/photo_497.jpg,Site progress photo,2024-10-29,Field Officer App,sha256:bf7fbb45e9e625cd662fa981681b0c2e
MP-ODI-2022-0038,PHOTO,/evidence/MP-ODI-2022-0038/photo_473.jpg,Site progress photo,2022-10-22,Field Officer App,sha256:1328d1ebd84f304c786fe062e07324f9
MP-MP-2025-0032,PHOTO,/evidence/MP-MP-2025-0032/photo_919.jpg,Site progress photo,2025-11-19,Field Officer App,sha256:6047b44ab35bf158773a7e1753002e4d
MP-RAJ-2024-0037,PHOTO,/evidence/MP-RAJ-2024-0037/photo_781.jpg,Site progress photo,2024-07-24,Field Officer App,sha256:6df7df1a929d9343f55a5e2c41588ea3
MP-WB-2024-0043,PHOTO,/evidence/MP-WB-2024-0043/photo_95.jpg,Site progress photo,2024-12-19,Field Officer App,sha256:96dfb0b56e93ab7148a4d3280e6dda55
MP-TEL-2022-0023,PHOTO,/evidence/MP-TEL-2022-0023/photo_70.jpg,Site progress photo,2022-09-09,Field Officer App,sha256:46d6127dd114aa752344c16e229fd132
MP-KAR-2025-0034,PHOTO,/evidence/MP-KAR-2025-0034/photo_133.jpg,Site progress photo,2025-04-14,Field Officer App,sha256:eaa809d46ce0036c7b3b8654f3823a35
MP-DEL-2023-0037,PHOTO,/evidence/MP-DEL-2023-0037/photo_731.jpg,Site progress photo,2024-03-02,Field Officer App,sha256:49191bbdd0e08c0fb9c36800cc4c4f38
MP-BHR-2023-0036,PHOTO,/evidence/MP-BHR-2023-0036/photo_578.jpg,Site progress photo,2023-05-27,Field Officer App,sha256:6e5183f15a595c6da1a411579eacc870
MP-BHR-2025-0031,PHOTO,/evidence/MP-BHR-2025-0031/photo_545.jpg,Site progress photo,2025-09-25,Field Officer App,sha256:2d76e2fad91d31e262baaa3603a41a4d
MP-WB-2023-0039,PHOTO,/evidence/MP-WB-2023-0039/photo_20.jpg,Site progress photo,2023-09-19,Field Officer App,sha256:39933a3107daa1c5e24bec5db9428af1
MP-UP-2024-0043,PHOTO,/evidence/MP-UP-2024-0043/photo_518.jpg,Site progress photo,2025-03-20,Field Officer App,sha256:203341d3f2e279f31a42d977549ffc87
MP-TEL-2023-0033,PHOTO,/evidence/MP-TEL-2023-0033/photo_926.jpg,Site progress photo,2023-01-29,Field Officer App,sha256:e121116c082f3822a4ad6c1deda6dd5a
MP-ODI-2022-0039,PHOTO,/evidence/MP-ODI-2022-0039/photo_968.jpg,Site progress photo,2023-05-20,Field Officer App,sha256:b2c62ef30c1c0635429b80605a291233
MP-KER-2024-0046,PHOTO,/evidence/MP-KER-2024-0046/photo_744.jpg,Site progress photo,2024-09-02,Field Officer App,sha256:7b5342916b0f298bba5110e9f116061a
MP-BHR-2023-0037,PHOTO,/evidence/MP-BHR-2023-0037/photo_70.jpg,Site progress photo,2023-12-16,Field Officer App,sha256:1addaa89263175feb123466fc3bd93ab
MP-KAR-2023-0051,PHOTO,/evidence/MP-KAR-2023-0051/photo_731.jpg,Site progress photo,2023-06-09,Field Officer App,sha256:8705a8d783d70838d948b76bcf19aa72
MP-NAG-2023-0042,PHOTO,/evidence/MP-NAG-2023-0042/photo_387.jpg,Site progress photo,2024-01-16,Field Officer App,sha256:099ea8036969258acf051a353d3bcec9
MP-TEL-2023-0034,PHOTO,/evidence/MP-TEL-2023-0034/photo_873.jpg,Site progress photo,2023-09-05,Field Officer App,sha256:250af496e3622a38cfa9d4d2a3ba5a1d
MP-KER-2024-0047,PHOTO,/evidence/MP-KER-2024-0047/photo_168.jpg,Site progress photo,2024-07-09,Field Officer App,sha256:855265b3441b49ff442b1bcdbee6e74e
MP-PUN-2023-0035,PHOTO,/evidence/MP-PUN-2023-0035/photo_34.jpg,Site progress photo,2023-12-20,Field Officer App,sha256:e7974d3d002e32f1e7ecf954f50534f8
MP-BHR-2024-0043,PHOTO,/evidence/MP-BHR-2024-0043/photo_233.jpg,Site progress photo,2025-03-22,Field Officer App,sha256:c4ad38643701f74cea64a22d0d84ecb5
MP-KAR-2022-0030,PHOTO,/evidence/MP-KAR-2022-0030/photo_995.jpg,Site progress photo,2022-08-24,Field Officer App,sha256:695f5220e3b45a38c13e7653eb8a902a
MP-DEL-2023-0038,PHOTO,/evidence/MP-DEL-2023-0038/photo_742.jpg,Site progress photo,2024-01-26,Field Officer App,sha256:ebadeadba71c0d70f7fe42d8795e3a13
MP-TN-2024-0041,PHOTO,/evidence/MP-TN-2024-0041/photo_360.jpg,Site progress photo,2024-07-23,Field Officer App,sha256:9ee1f8eb6ca4f696fb2640bd9817f2ae
MP-NAG-2022-0031,PHOTO,/evidence/MP-NAG-2022-0031/photo_770.jpg,Site progress photo,2022-11-10,Field Officer App,sha256:037c380c509ca8453ad015aa66a3b9d1
MP-KAR-2022-0031,PHOTO,/evidence/MP-KAR-2022-0031/photo_604.jpg,Site progress photo,2022-12-16,Field Officer App,sha256:9810ddc6da501d2c4a1350060330e641
MP-RAJ-2023-0040,PHOTO,/evidence/MP-RAJ-2023-0040/photo_645.jpg,Site progress photo,2023-11-26,Field Officer App,sha256:218139614b03ede42d34cf4bfa8290c8
MP-GUJ-2024-0040,PHOTO,/evidence/MP-GUJ-2024-0040/photo_121.jpg,Site progress photo,2025-03-30,Field Officer App,sha256:704fbea183dbc92a7e55d0f78337d980
MP-BHR-2025-0032,PHOTO,/evidence/MP-BHR-2025-0032/photo_648.jpg,Site progress photo,2026-04-12,Field Officer App,sha256:9d063452130e7e67269a624fa34b90e3
MP-DEL-2025-0038,PHOTO,/evidence/MP-DEL-2025-0038/photo_54.jpg,Site progress photo,2025-07-17,Field Officer App,sha256:93b8383fc87b3ff771d5ef95bc45917d
MP-TN-2025-0026,PHOTO,/evidence/MP-TN-2025-0026/photo_162.jpg,Site progress photo,2025-08-18,Field Officer App,sha256:677e33954d12025f8b265168c461a374
MP-ODI-2025-0033,PHOTO,/evidence/MP-ODI-2025-0033/photo_732.jpg,Site progress photo,2025-06-01,Field Officer App,sha256:53e1e3b97e3c0023d591a2184a20dab0
MP-ODI-2023-0054,PHOTO,/evidence/MP-ODI-2023-0054/photo_290.jpg,Site progress photo,2023-08-16,Field Officer App,sha256:87249b87eae560dfe6917298e77f4859
MP-PUN-2025-0031,PHOTO,/evidence/MP-PUN-2025-0031/photo_30.jpg,Site progress photo,2025-08-20,Field Officer App,sha256:811bc3c5335c863be77fba7d2d860e3e
MP-GUJ-2024-0041,PHOTO,/evidence/MP-GUJ-2024-0041/photo_235.jpg,Site progress photo,2024-09-20,Field Officer App,sha256:b8410d0d5e683321df60eff923414116
MP-KAR-2025-0035,PHOTO,/evidence/MP-KAR-2025-0035/photo_409.jpg,Site progress photo,2025-08-12,Field Officer App,sha256:9d3671fca600168a6a00defbb97b39ed
MP-UP-2023-0046,PHOTO,/evidence/MP-UP-2023-0046/photo_366.jpg,Site progress photo,2024-03-23,Field Officer App,sha256:e73afef01c29e4e47008fd50f14c7647
MP-NAG-2023-0043,PHOTO,/evidence/MP-NAG-2023-0043/photo_709.jpg,Site progress photo,2023-11-16,Field Officer App,sha256:bf2fefb4914850d218dae47b157e2931
MP-RAJ-2024-0038,PHOTO,/evidence/MP-RAJ-2024-0038/photo_780.jpg,Site progress photo,2024-08-15,Field Officer App,sha256:4e45950fca3a34ca912b134911e73107
MP-UP-2023-0048,PHOTO,/evidence/MP-UP-2023-0048/photo_177.jpg,Site progress photo,2024-02-08,Field Officer App,sha256:f8d13dcb531978caa7090b1c281c8cbc
MP-MH-2022-0021,PHOTO,/evidence/MP-MH-2022-0021/photo_732.jpg,Site progress photo,2023-04-04,Field Officer App,sha256:29148e64385d5fea96db3eff3967fa55
MP-GUJ-2023-0040,PHOTO,/evidence/MP-GUJ-2023-0040/photo_124.jpg,Site progress photo,2023-11-27,Field Officer App,sha256:03f022c9719d216b44141e86d34af472
MP-UP-2023-0049,PHOTO,/evidence/MP-UP-2023-0049/photo_177.jpg,Site progress photo,2023-05-13,Field Officer App,sha256:f204284f7d19112102afad5e2ab38b34
MP-WB-2022-0020,PHOTO,/evidence/MP-WB-2022-0020/photo_876.jpg,Site progress photo,2023-02-22,Field Officer App,sha256:e62d85ce50855b91d9335913c29ebac1
MP-WB-2024-0044,PHOTO,/evidence/MP-WB-2024-0044/photo_340.jpg,Site progress photo,2024-11-20,Field Officer App,sha256:381c680667b6823197f090507b79f1a0
MP-TEL-2023-0035,PHOTO,/evidence/MP-TEL-2023-0035/photo_767.jpg,Site progress photo,2023-12-29,Field Officer App,sha256:a840de298913ee1b9f5497fdae359334
MP-ASM-2024-0049,PHOTO,/evidence/MP-ASM-2024-0049/photo_611.jpg,Site progress photo,2024-09-18,Field Officer App,sha256:7453aacf983720f3ad1b5a4457ed5132
MP-GUJ-2024-0042,PHOTO,/evidence/MP-GUJ-2024-0042/photo_278.jpg,Site progress photo,2025-01-22,Field Officer App,sha256:1ea51357ac99d600e23a1df2c8f6c5a3
MP-MP-2022-0029,PHOTO,/evidence/MP-MP-2022-0029/photo_64.jpg,Site progress photo,2023-05-01,Field Officer App,sha256:a2335903d329428cf4d04b081f2ee2e9
MP-TEL-2024-0044,PHOTO,/evidence/MP-TEL-2024-0044/photo_65.jpg,Site progress photo,2024-06-21,Field Officer App,sha256:30075c240fb97443b6ab2c99c8df3c3f
MP-TN-2025-0027,PHOTO,/evidence/MP-TN-2025-0027/photo_496.jpg,Site progress photo,2025-06-30,Field Officer App,sha256:d3e9054c16b26de3b753d2005148430b
MP-RAJ-2025-0028,PHOTO,/evidence/MP-RAJ-2025-0028/photo_979.jpg,Site progress photo,2025-09-24,Field Officer App,sha256:3421a34948ee964cae272a748cd1933e
MP-KAR-2023-0052,PHOTO,/evidence/MP-KAR-2023-0052/photo_259.jpg,Site progress photo,2023-09-02,Field Officer App,sha256:66370e34042f666ba55547867dc04743
MP-RAJ-2024-0039,PHOTO,/evidence/MP-RAJ-2024-0039/photo_876.jpg,Site progress photo,2025-04-13,Field Officer App,sha256:532f56d206459fd4d8327fc19de68dc3
MP-KAR-2022-0032,PHOTO,/evidence/MP-KAR-2022-0032/photo_103.jpg,Site progress photo,2022-11-07,Field Officer App,sha256:db17c757e85cfedee241eb9b991bd82b
MP-RAJ-2023-0041,PHOTO,/evidence/MP-RAJ-2023-0041/photo_418.jpg,Site progress photo,2023-10-10,Field Officer App,sha256:5e7ef29e7d77dfbca9e0ca4b556ca58e
MP-KAR-2025-0036,PHOTO,/evidence/MP-KAR-2025-0036/photo_613.jpg,Site progress photo,2025-10-18,Field Officer App,sha256:16bdf8f4cdbd1a75a751ba75463ea05b
MP-BHR-2022-0033,PHOTO,/evidence/MP-BHR-2022-0033/photo_70.jpg,Site progress photo,2023-02-18,Field Officer App,sha256:0a0bde00a31e20ec88cb73546b9084a8
MP-NAG-2025-0034,PHOTO,/evidence/MP-NAG-2025-0034/photo_673.jpg,Site progress photo,2025-06-12,Field Officer App,sha256:449dc4d494689f73d1bb3d9d030cc0e3
MP-MP-2023-0046,PHOTO,/evidence/MP-MP-2023-0046/photo_924.jpg,Site progress photo,2023-12-06,Field Officer App,sha256:3d8b2ad7a4b2e8b13e42b4586b6b4156
MP-PUN-2023-0036,PHOTO,/evidence/MP-PUN-2023-0036/photo_337.jpg,Site progress photo,2023-08-10,Field Officer App,sha256:0c868f605c327ee5d476041f3c12230a
MP-TN-2024-0044,PHOTO,/evidence/MP-TN-2024-0044/photo_948.jpg,Site progress photo,2025-03-27,Field Officer App,sha256:f1930fe0cfcb259f5ee1f09a55f0999c
MP-BHR-2024-0044,PHOTO,/evidence/MP-BHR-2024-0044/photo_767.jpg,Site progress photo,2024-11-03,Field Officer App,sha256:a4922ac91ea6222579f79df80fb8f66a
MP-ASM-2023-0040,PHOTO,/evidence/MP-ASM-2023-0040/photo_419.jpg,Site progress photo,2024-01-23,Field Officer App,sha256:1ab1e1ec82d3d518c56fbab8c7122872
MP-DEL-2023-0039,PHOTO,/evidence/MP-DEL-2023-0039/photo_355.jpg,Site progress photo,2024-03-07,Field Officer App,sha256:3d4444234936fdf04f4561212b4629bb
MP-TEL-2023-0037,PHOTO,/evidence/MP-TEL-2023-0037/photo_874.jpg,Site progress photo,2024-02-07,Field Officer App,sha256:06efb470dc778e225c5076b33b845f74
MP-BHR-2025-0033,PHOTO,/evidence/MP-BHR-2025-0033/photo_497.jpg,Site progress photo,2025-09-23,Field Officer App,sha256:08f9466dab6b4d488b7d097f7c042648
MP-ODI-2022-0041,PHOTO,/evidence/MP-ODI-2022-0041/photo_3.jpg,Site progress photo,2022-08-28,Field Officer App,sha256:bfe662c5139c1b98d2770d7245a62b9c
MP-NAG-2023-0046,PHOTO,/evidence/MP-NAG-2023-0046/photo_32.jpg,Site progress photo,2023-06-16,Field Officer App,sha256:a018349ea1c8961dc2e33314392adcbb
MP-GUJ-2022-0029,PHOTO,/evidence/MP-GUJ-2022-0029/photo_435.jpg,Site progress photo,2023-05-29,Field Officer App,sha256:15d0aafc72d23d986114a5b90608c539
MP-WB-2023-0040,PHOTO,/evidence/MP-WB-2023-0040/photo_73.jpg,Site progress photo,2023-08-17,Field Officer App,sha256:445f035e5cc57e64e731cc1503b680cf
MP-TN-2022-0026,PHOTO,/evidence/MP-TN-2022-0026/photo_985.jpg,Site progress photo,2023-02-16,Field Officer App,sha256:7655d3266da081df9fe7f851e34a1db3
MP-UP-2024-0046,PHOTO,/evidence/MP-UP-2024-0046/photo_645.jpg,Site progress photo,2025-03-03,Field Officer App,sha256:bf2f8edaf12a77df0ba3167e6538c874
MP-ASM-2025-0026,PHOTO,/evidence/MP-ASM-2025-0026/photo_907.jpg,Site progress photo,2025-08-05,Field Officer App,sha256:a74062cbb1ca48e53f462d89ad0f3a76
MP-TEL-2024-0045,PHOTO,/evidence/MP-TEL-2024-0045/photo_744.jpg,Site progress photo,2024-05-25,Field Officer App,sha256:5bbd1d1b20edee2129db0be7863f7d40
MP-MH-2022-0022,PHOTO,/evidence/MP-MH-2022-0022/photo_492.jpg,Site progress photo,2022-12-28,Field Officer App,sha256:1210a2b27b6c869b662b69b0ad4562d6
MP-TEL-2025-0039,PHOTO,/evidence/MP-TEL-2025-0039/photo_549.jpg,Site progress photo,2025-08-01,Field Officer App,sha256:eaab7ec1921be4d536bb5c3f7c144cb0
MP-WB-2025-0040,PHOTO,/evidence/MP-WB-2025-0040/photo_954.jpg,Site progress photo,2025-07-07,Field Officer App,sha256:4ac479d443ccb962b51b1803db4e05e3
MP-RAJ-2023-0043,PHOTO,/evidence/MP-RAJ-2023-0043/photo_432.jpg,Site progress photo,2023-05-14,Field Officer App,sha256:c942577f3920721945980e62ab0651a4
MP-KER-2024-0048,PHOTO,/evidence/MP-KER-2024-0048/photo_234.jpg,Site progress photo,2024-09-27,Field Officer App,sha256:b99b3625b6f1b920d74200b2bdee93b1
MP-MH-2025-0036,PHOTO,/evidence/MP-MH-2025-0036/photo_833.jpg,Site progress photo,2026-03-13,Field Officer App,sha256:4ea4a7ec05ca020b5bc7ab0fbf09f8aa
MP-WB-2022-0022,PHOTO,/evidence/MP-WB-2022-0022/photo_895.jpg,Site progress photo,2023-03-01,Field Officer App,sha256:2adc1a2b6b9ff8cba35a7beb84d5c59e
MP-UP-2025-0033,PHOTO,/evidence/MP-UP-2025-0033/photo_411.jpg,Site progress photo,2025-08-26,Field Officer App,sha256:451fba7faee3157553ed03b43abeb1b4
MP-KAR-2023-0055,PHOTO,/evidence/MP-KAR-2023-0055/photo_259.jpg,Site progress photo,2023-03-28,Field Officer App,sha256:4814af52435a79d6ea99573b65a9a0fe
MP-ASM-2022-0014,PHOTO,/evidence/MP-ASM-2022-0014/photo_962.jpg,Site progress photo,2022-10-20,Field Officer App,sha256:a3c38781165f55ce83af2403b884846e
MP-WB-2024-0046,PHOTO,/evidence/MP-WB-2024-0046/photo_124.jpg,Site progress photo,2024-04-26,Field Officer App,sha256:97b63a6ac84cc2cb5a30a612de7af798
MP-MH-2025-0037,PHOTO,/evidence/MP-MH-2025-0037/photo_270.jpg,Site progress photo,2026-02-19,Field Officer App,sha256:b27a8c489eb11ec5026d729a7c1352c9
MP-DEL-2024-0041,PHOTO,/evidence/MP-DEL-2024-0041/photo_457.jpg,Site progress photo,2025-01-30,Field Officer App,sha256:425f42463fce0e03379ea2a84ea1df31
MP-BHR-2023-0040,PHOTO,/evidence/MP-BHR-2023-0040/photo_214.jpg,Site progress photo,2023-09-24,Field Officer App,sha256:e63a2674c5bfacd4d89b40ee9148ab41
MP-KER-2022-0032,PHOTO,/evidence/MP-KER-2022-0032/photo_195.jpg,Site progress photo,2023-02-10,Field Officer App,sha256:1c3093bafef53dc178672c0f9ae8650b
MP-NAG-2024-0034,PHOTO,/evidence/MP-NAG-2024-0034/photo_764.jpg,Site progress photo,2025-04-16,Field Officer App,sha256:7adfead8e27651e7d53fbe4b1f2c1db8
MP-PUN-2024-0042,PHOTO,/evidence/MP-PUN-2024-0042/photo_452.jpg,Site progress photo,2025-05-21,Field Officer App,sha256:425cb7e8555b38eb8cc6a139fb604b7c
MP-KAR-2024-0056,PHOTO,/evidence/MP-KAR-2024-0056/photo_542.jpg,Site progress photo,2024-08-19,Field Officer App,sha256:2e23bea3e0e5ef3db43ff1d4e3142e66
MP-BHR-2022-0035,PHOTO,/evidence/MP-BHR-2022-0035/photo_546.jpg,Site progress photo,2023-02-08,Field Officer App,sha256:5a336ebe1f4bfd9f894d8552ae5bfa5a
MP-BHR-2023-0041,PHOTO,/evidence/MP-BHR-2023-0041/photo_492.jpg,Site progress photo,2023-12-15,Field Officer App,sha256:0ab0b746d90aa14fbf4b1ebb822fa362
MP-ASM-2024-0050,PHOTO,/evidence/MP-ASM-2024-0050/photo_310.jpg,Site progress photo,2025-01-31,Field Officer App,sha256:df48023b5ea57fe3e4c9a277743efe3b
MP-KAR-2022-0033,PHOTO,/evidence/MP-KAR-2022-0033/photo_796.jpg,Site progress photo,2022-11-29,Field Officer App,sha256:2b2941ba3cc82a7fa5e80bf1f4f13f3d
MP-KAR-2025-0037,PHOTO,/evidence/MP-KAR-2025-0037/photo_274.jpg,Site progress photo,2025-09-24,Field Officer App,sha256:2d0a571a6b21d7066dd8963f59131cf8
MP-GUJ-2022-0030,PHOTO,/evidence/MP-GUJ-2022-0030/photo_885.jpg,Site progress photo,2022-10-31,Field Officer App,sha256:3acf2422e7a5d98cf65df6f59c87276b
MP-GUJ-2024-0043,PHOTO,/evidence/MP-GUJ-2024-0043/photo_283.jpg,Site progress photo,2024-08-18,Field Officer App,sha256:98dfca7ab43dff01145908f15bdbf5b8
MP-UP-2023-0051,PHOTO,/evidence/MP-UP-2023-0051/photo_2.jpg,Site progress photo,2023-11-06,Field Officer App,sha256:0dec3ef300bedd13c2e929680fd19200
MP-MP-2025-0034,PHOTO,/evidence/MP-MP-2025-0034/photo_753.jpg,Site progress photo,2025-09-16,Field Officer App,sha256:ed4ea8a410959e12c7d45ca3ada85e9e
MP-NAG-2022-0033,PHOTO,/evidence/MP-NAG-2022-0033/photo_601.jpg,Site progress photo,2022-09-20,Field Officer App,sha256:d715ec7756916a81988b6ef91279022f
MP-ASM-2023-0043,PHOTO,/evidence/MP-ASM-2023-0043/photo_885.jpg,Site progress photo,2023-09-01,Field Officer App,sha256:fa5d0897bd91703b1df485369c6d76ea
MP-KER-2022-0034,PHOTO,/evidence/MP-KER-2022-0034/photo_791.jpg,Site progress photo,2022-12-19,Field Officer App,sha256:8ec1493be2029c4d09a1c0430ec6ba93
MP-GUJ-2024-0044,PHOTO,/evidence/MP-GUJ-2024-0044/photo_91.jpg,Site progress photo,2024-09-10,Field Officer App,sha256:b47fab7d26fdaffabbff55041f995dea
MP-MH-2024-0036,PHOTO,/evidence/MP-MH-2024-0036/photo_197.jpg,Site progress photo,2024-03-08,Field Officer App,sha256:08bd0810de5a5eeed81b5eb121463f6f
MP-KAR-2025-0038,PHOTO,/evidence/MP-KAR-2025-0038/photo_678.jpg,Site progress photo,2026-02-16,Field Officer App,sha256:8bfb383cfaa3a472bac7db3cd15e3755
MP-NAG-2023-0047,PHOTO,/evidence/MP-NAG-2023-0047/photo_801.jpg,Site progress photo,2024-05-19,Field Officer App,sha256:5708ef70b4c07fefec38b10eb74a0772
MP-GUJ-2023-0041,PHOTO,/evidence/MP-GUJ-2023-0041/photo_824.jpg,Site progress photo,2024-05-18,Field Officer App,sha256:5476765be03ef51a5c399429f35724db
MP-NAG-2023-0048,PHOTO,/evidence/MP-NAG-2023-0048/photo_837.jpg,Site progress photo,2024-02-07,Field Officer App,sha256:4c4c3e3961e602be7b577a696156c43e
MP-MP-2025-0035,PHOTO,/evidence/MP-MP-2025-0035/photo_67.jpg,Site progress photo,2025-08-14,Field Officer App,sha256:a6b58412c26537b1f578b7449c537c5a
MP-ASM-2023-0044,PHOTO,/evidence/MP-ASM-2023-0044/photo_306.jpg,Site progress photo,2023-07-02,Field Officer App,sha256:682d2792cb57dfc0b1c195363c756622
MP-TEL-2022-0026,PHOTO,/evidence/MP-TEL-2022-0026/photo_802.jpg,Site progress photo,2023-04-18,Field Officer App,sha256:080d4465b9febaeb3a14932db3185a3e
MP-ODI-2023-0058,PHOTO,/evidence/MP-ODI-2023-0058/photo_186.jpg,Site progress photo,2023-05-14,Field Officer App,sha256:49a58c691ed0705f8d8d532c9bf96c24
MP-ASM-2024-0051,PHOTO,/evidence/MP-ASM-2024-0051/photo_883.jpg,Site progress photo,2024-08-28,Field Officer App,sha256:0dc21cc227964fabdb48bf49eb38c344
MP-BHR-2023-0042,PHOTO,/evidence/MP-BHR-2023-0042/photo_390.jpg,Site progress photo,2023-09-08,Field Officer App,sha256:038a41c2274d5497f277eeb45de15232
MP-KER-2023-0052,PHOTO,/evidence/MP-KER-2023-0052/photo_341.jpg,Site progress photo,2023-10-28,Field Officer App,sha256:4df6f0871c342ab4f827db300f7ee375
MP-MH-2024-0037,PHOTO,/evidence/MP-MH-2024-0037/photo_785.jpg,Site progress photo,2025-06-20,Field Officer App,sha256:b1e133a8d694ca220fd7ba28f880c6d0
MP-BHR-2025-0035,PHOTO,/evidence/MP-BHR-2025-0035/photo_23.jpg,Site progress photo,2025-01-24,Field Officer App,sha256:8a001757271324eab58104a8eecf6c75
MP-TN-2024-0045,PHOTO,/evidence/MP-TN-2024-0045/photo_462.jpg,Site progress photo,2025-04-14,Field Officer App,sha256:692c05e6d7c6ae78c04ea0f97d49beb5
MP-NAG-2025-0035,PHOTO,/evidence/MP-NAG-2025-0035/photo_320.jpg,Site progress photo,2025-10-02,Field Officer App,sha256:ea6063ea724cd6773a4b3be7a9d46069
MP-NAG-2023-0049,PHOTO,/evidence/MP-NAG-2023-0049/photo_478.jpg,Site progress photo,2023-07-20,Field Officer App,sha256:7260bea0b361c6ef114f5c2c70f6a5b6
MP-WB-2025-0042,PHOTO,/evidence/MP-WB-2025-0042/photo_468.jpg,Site progress photo,2025-10-12,Field Officer App,sha256:cb4db35f7a4f3e5e694a8194e6936477
MP-PUN-2022-0028,PHOTO,/evidence/MP-PUN-2022-0028/photo_556.jpg,Site progress photo,2023-03-24,Field Officer App,sha256:177ecc733ef54276c58ebaeaa38b2b85
MP-DEL-2024-0043,PHOTO,/evidence/MP-DEL-2024-0043/photo_303.jpg,Site progress photo,2024-09-23,Field Officer App,sha256:7491e735b39290700fbc65839c3e1cb2
MP-RAJ-2025-0029,PHOTO,/evidence/MP-RAJ-2025-0029/photo_402.jpg,Site progress photo,2025-08-05,Field Officer App,sha256:41363c9a8331603c62590dc829d619aa
MP-KER-2024-0050,PHOTO,/evidence/MP-KER-2024-0050/photo_363.jpg,Site progress photo,2024-09-15,Field Officer App,sha256:de22b05049d649f116bcf3c51519d9ce
MP-RAJ-2023-0044,PHOTO,/evidence/MP-RAJ-2023-0044/photo_459.jpg,Site progress photo,2023-10-12,Field Officer App,sha256:507ecee6298e9efbc8235caf31ecbebf
MP-RAJ-2023-0045,PHOTO,/evidence/MP-RAJ-2023-0045/photo_90.jpg,Site progress photo,2023-12-01,Field Officer App,sha256:15241781fdcd2828f945319e29529b84
MP-NAG-2025-0037,PHOTO,/evidence/MP-NAG-2025-0037/photo_272.jpg,Site progress photo,2026-03-19,Field Officer App,sha256:a9343e6f1aacf89033a6acda53e35440
MP-UP-2022-0028,PHOTO,/evidence/MP-UP-2022-0028/photo_184.jpg,Site progress photo,2022-08-26,Field Officer App,sha256:cce6074a796ec2c4b3ad67cab2fbb8f0
MP-GUJ-2023-0042,PHOTO,/evidence/MP-GUJ-2023-0042/photo_933.jpg,Site progress photo,2023-12-28,Field Officer App,sha256:cafd819e739928288427f8a979d341ec
MP-DEL-2024-0044,PHOTO,/evidence/MP-DEL-2024-0044/photo_225.jpg,Site progress photo,2024-08-06,Field Officer App,sha256:8fcd9aa9a181b8c509ce57bcb89ac15c
MP-NAG-2023-0050,PHOTO,/evidence/MP-NAG-2023-0050/photo_440.jpg,Site progress photo,2023-03-04,Field Officer App,sha256:88a327f3a4b701f85938a8be9308c782
MP-TEL-2023-0039,PHOTO,/evidence/MP-TEL-2023-0039/photo_66.jpg,Site progress photo,2023-11-23,Field Officer App,sha256:3d83be9e7fdd8914293d89dc26e0a00e
MP-WB-2024-0047,PHOTO,/evidence/MP-WB-2024-0047/photo_399.jpg,Site progress photo,2025-02-01,Field Officer App,sha256:d2142124e1b2d68126d3244f5b6305c2
MP-PUN-2022-0029,PHOTO,/evidence/MP-PUN-2022-0029/photo_797.jpg,Site progress photo,2022-08-06,Field Officer App,sha256:834d8a69401b604acc87b42ae6055978
MP-PUN-2023-0039,PHOTO,/evidence/MP-PUN-2023-0039/photo_548.jpg,Site progress photo,2024-04-08,Field Officer App,sha256:d502dd97e82d3c183fe9d7bbe0b9e6af
MP-MH-2025-0039,PHOTO,/evidence/MP-MH-2025-0039/photo_587.jpg,Site progress photo,2025-07-16,Field Officer App,sha256:95132aa06e6158110eb07e3d3bd5f084
MP-WB-2024-0048,PHOTO,/evidence/MP-WB-2024-0048/photo_829.jpg,Site progress photo,2025-02-15,Field Officer App,sha256:dec9677853851358e3dcbeb43cee3d00
MP-NAG-2025-0038,PHOTO,/evidence/MP-NAG-2025-0038/photo_667.jpg,Site progress photo,2025-10-25,Field Officer App,sha256:9452c7ca824a8c4a331fdfbdec542cef
MP-KER-2022-0035,PHOTO,/evidence/MP-KER-2022-0035/photo_795.jpg,Site progress photo,2023-01-03,Field Officer App,sha256:eb57338d660858fcfc00d1863ca101b2
MP-ASM-2024-0053,PHOTO,/evidence/MP-ASM-2024-0053/photo_548.jpg,Site progress photo,2024-03-03,Field Officer App,sha256:4f9dd71d37a7b79eff94c701e0e79e5e
MP-MP-2022-0030,PHOTO,/evidence/MP-MP-2022-0030/photo_342.jpg,Site progress photo,2022-11-12,Field Officer App,sha256:e7228d416cef5d7916f9db9637593043
MP-MH-2025-0040,PHOTO,/evidence/MP-MH-2025-0040/photo_399.jpg,Site progress photo,2025-11-03,Field Officer App,sha256:dd0ff0597fbdf42af5cf0401c54b9709
MP-MH-2022-0025,PHOTO,/evidence/MP-MH-2022-0025/photo_215.jpg,Site progress photo,2022-10-23,Field Officer App,sha256:d7d48191367c2847a3608bbbca9f0307
MP-KER-2023-0054,PHOTO,/evidence/MP-KER-2023-0054/photo_678.jpg,Site progress photo,2024-02-28,Field Officer App,sha256:b7d19e92828343cca27780cb37dc01e6
MP-NAG-2024-0036,PHOTO,/evidence/MP-NAG-2024-0036/photo_69.jpg,Site progress photo,2024-06-09,Field Officer App,sha256:4cd98de0fc0f414704e1953e5abe4c56
MP-NAG-2025-0039,PHOTO,/evidence/MP-NAG-2025-0039/photo_415.jpg,Site progress photo,2025-08-21,Field Officer App,sha256:eafe0ff3bccce958522602f8cc7119f2
MP-UP-2024-0049,PHOTO,/evidence/MP-UP-2024-0049/photo_17.jpg,Site progress photo,2025-03-08,Field Officer App,sha256:a8909bdf0536b80ee87cc01fa04d021d
MP-DEL-2025-0040,PHOTO,/evidence/MP-DEL-2025-0040/photo_749.jpg,Site progress photo,2025-09-20,Field Officer App,sha256:d65c99d697c01d183ea1618f7bc57a6a
MP-ODI-2023-0059,PHOTO,/evidence/MP-ODI-2023-0059/photo_971.jpg,Site progress photo,2024-04-09,Field Officer App,sha256:865113a355306b88a418ed922ab423bc
MP-MH-2025-0041,PHOTO,/evidence/MP-MH-2025-0041/photo_880.jpg,Site progress photo,2025-08-24,Field Officer App,sha256:a7e1eb06d7a44b614349eccab9b8e138
MP-MH-2022-0026,PHOTO,/evidence/MP-MH-2022-0026/photo_202.jpg,Site progress photo,2022-11-10,Field Officer App,sha256:ccce7eb264b1c89deefffa8e29019826
MP-MP-2024-0044,PHOTO,/evidence/MP-MP-2024-0044/photo_364.jpg,Site progress photo,2025-03-01,Field Officer App,sha256:80b0757abd5663fb1ba4d2d3bdb86f7a
MP-GUJ-2025-0044,PHOTO,/evidence/MP-GUJ-2025-0044/photo_933.jpg,Site progress photo,2025-02-20,Field Officer App,sha256:8ca213e1742083512bcdd951139203bc
MP-WB-2025-0043,PHOTO,/evidence/MP-WB-2025-0043/photo_966.jpg,Site progress photo,2025-05-28,Field Officer App,sha256:58702de91f8e5b16d088cc48e6c39d2b
MP-KAR-2023-0059,PHOTO,/evidence/MP-KAR-2023-0059/photo_737.jpg,Site progress photo,2023-12-08,Field Officer App,sha256:c9514bd2b4ee39cf14a94f31aae5f0e6
MP-TN-2023-0048,PHOTO,/evidence/MP-TN-2023-0048/photo_532.jpg,Site progress photo,2023-06-17,Field Officer App,sha256:40be5efd48eb5a4b3007fcd280e5158a
MP-TN-2025-0030,PHOTO,/evidence/MP-TN-2025-0030/photo_293.jpg,Site progress photo,2025-05-19,Field Officer App,sha256:b2b2b7a8515919228858d1583105271d
MP-MH-2022-0027,PHOTO,/evidence/MP-MH-2022-0027/photo_269.jpg,Site progress photo,2022-11-24,Field Officer App,sha256:cc6be78f1490ceefbd7e82c1749633b3
MP-TEL-2024-0049,PHOTO,/evidence/MP-TEL-2024-0049/photo_515.jpg,Site progress photo,2025-01-09,Field Officer App,sha256:0ac26baa8769df364f29989455788020
MP-TN-2023-0049,PHOTO,/evidence/MP-TN-2023-0049/photo_439.jpg,Site progress photo,2023-07-10,Field Officer App,sha256:2f5cce33e75e1bc17e355011a909155b
MP-GUJ-2022-0031,PHOTO,/evidence/MP-GUJ-2022-0031/photo_356.jpg,Site progress photo,2023-04-28,Field Officer App,sha256:da1b068b599b960b22126b26c7991a62
MP-BHR-2024-0047,PHOTO,/evidence/MP-BHR-2024-0047/photo_997.jpg,Site progress photo,2025-06-03,Field Officer App,sha256:27ae7f1101d14a19e785049d0608805b
MP-TN-2025-0031,PHOTO,/evidence/MP-TN-2025-0031/photo_512.jpg,Site progress photo,2025-08-29,Field Officer App,sha256:43fcd5c744692099edb3782d50b356fa
MP-DEL-2023-0044,PHOTO,/evidence/MP-DEL-2023-0044/photo_967.jpg,Site progress photo,2023-11-22,Field Officer App,sha256:ed5b2c3da6862fd4ee5f11f7175704f3
MP-WB-2024-0049,PHOTO,/evidence/MP-WB-2024-0049/photo_578.jpg,Site progress photo,2024-08-29,Field Officer App,sha256:e42610bfbae82801effdf95ba2051bc4
MP-KAR-2024-0058,PHOTO,/evidence/MP-KAR-2024-0058/photo_984.jpg,Site progress photo,2025-01-04,Field Officer App,sha256:d6fec2f4e4288561addc6f9159e1b797
MP-ASM-2025-0029,PHOTO,/evidence/MP-ASM-2025-0029/photo_969.jpg,Site progress photo,2026-01-01,Field Officer App,sha256:61a93380f781c39a6aa0ca3d5126c1ce
MP-MP-2024-0045,PHOTO,/evidence/MP-MP-2024-0045/photo_931.jpg,Site progress photo,2024-05-24,Field Officer App,sha256:fa48a08c9c1cb42d7af52715151f74e9
MP-WB-2025-0044,PHOTO,/evidence/MP-WB-2025-0044/photo_950.jpg,Site progress photo,2025-08-17,Field Officer App,sha256:9ec9b667e3d37dc362774e8ad3f32320
MP-KAR-2024-0059,PHOTO,/evidence/MP-KAR-2024-0059/photo_435.jpg,Site progress photo,2024-09-28,Field Officer App,sha256:99d3d3b115d669f87f9a8821a453b055
MP-KAR-2024-0061,PHOTO,/evidence/MP-KAR-2024-0061/photo_467.jpg,Site progress photo,2024-05-22,Field Officer App,sha256:38b18fdc780c6a6340699b0a6934c1cb
MP-BHR-2024-0048,PHOTO,/evidence/MP-BHR-2024-0048/photo_889.jpg,Site progress photo,2024-08-27,Field Officer App,sha256:24e21e61ddb3abdffc7fe1c2ea3ba5e3
MP-NAG-2025-0040,PHOTO,/evidence/MP-NAG-2025-0040/photo_382.jpg,Site progress photo,2025-10-13,Field Officer App,sha256:4572ac15a510915b245f3d895c7b63fb
MP-ASM-2025-0030,PHOTO,/evidence/MP-ASM-2025-0030/photo_23.jpg,Site progress photo,2025-11-26,Field Officer App,sha256:fcc7568c3ab73d1c981f97b3e31893cb
MP-TN-2025-0032,PHOTO,/evidence/MP-TN-2025-0032/photo_217.jpg,Site progress photo,2025-10-02,Field Officer App,sha256:74b2965bb9c9df12d7e28acc6eb988a2
MP-ODI-2023-0060,PHOTO,/evidence/MP-ODI-2023-0060/photo_171.jpg,Site progress photo,2023-09-19,Field Officer App,sha256:1a59c75b66db989e03cd49239d05472b
MP-NAG-2023-0051,PHOTO,/evidence/MP-NAG-2023-0051/photo_384.jpg,Site progress photo,2023-01-25,Field Officer App,sha256:3651444e932f121eff65ae301f961ef7
MP-DEL-2023-0045,PHOTO,/evidence/MP-DEL-2023-0045/photo_682.jpg,Site progress photo,2024-05-16,Field Officer App,sha256:69e302aca57a372b78e7ce9c9a761a3d
MP-GUJ-2022-0033,PHOTO,/evidence/MP-GUJ-2022-0033/photo_325.jpg,Site progress photo,2022-10-17,Field Officer App,sha256:78b595820a78da9e88d965bc43f587cb
MP-GUJ-2024-0045,PHOTO,/evidence/MP-GUJ-2024-0045/photo_526.jpg,Site progress photo,2025-01-28,Field Officer App,sha256:882298cdb4f8b80c9a06339e542085c0
MP-PUN-2022-0030,PHOTO,/evidence/MP-PUN-2022-0030/photo_254.jpg,Site progress photo,2022-10-09,Field Officer App,sha256:98b86b85bca66346732b19d9b96f1438
MP-KAR-2025-0040,PHOTO,/evidence/MP-KAR-2025-0040/photo_534.jpg,Site progress photo,2025-08-07,Field Officer App,sha256:e4a3e49be63ac723580893fc26ec0a69
MP-MH-2023-0053,PHOTO,/evidence/MP-MH-2023-0053/photo_660.jpg,Site progress photo,2023-06-02,Field Officer App,sha256:591492143bdf351ead798ad744190777
MP-PUN-2025-0034,PHOTO,/evidence/MP-PUN-2025-0034/photo_465.jpg,Site progress photo,2025-09-21,Field Officer App,sha256:9ccf7e842b4daacb36f20ee0d37b03c4
MP-TN-2023-0051,PHOTO,/evidence/MP-TN-2023-0051/photo_773.jpg,Site progress photo,2023-07-20,Field Officer App,sha256:2e79d77babf7bcbcef2b67795d474567
MP-TN-2023-0052,PHOTO,/evidence/MP-TN-2023-0052/photo_851.jpg,Site progress photo,2023-03-28,Field Officer App,sha256:06a1de1cb82652b83b6160cf5e21691e
MP-WB-2023-0042,PHOTO,/evidence/MP-WB-2023-0042/photo_614.jpg,Site progress photo,2023-10-11,Field Officer App,sha256:1c13125acd7c04427b0e8733b3be75a2
MP-DEL-2023-0046,PHOTO,/evidence/MP-DEL-2023-0046/photo_222.jpg,Site progress photo,2024-03-10,Field Officer App,sha256:ee24ba3d3423139d8b44e7a70d7dd1b7
MP-DEL-2023-0047,PHOTO,/evidence/MP-DEL-2023-0047/photo_921.jpg,Site progress photo,2023-07-21,Field Officer App,sha256:7a47c38695edb851d78e20ee96ba76fa
MP-TEL-2023-0040,PHOTO,/evidence/MP-TEL-2023-0040/photo_517.jpg,Site progress photo,2023-05-08,Field Officer App,sha256:2d9840ee06eea9c3ee4d9e19d3fd8526
MP-BHR-2023-0043,PHOTO,/evidence/MP-BHR-2023-0043/photo_465.jpg,Site progress photo,2023-11-24,Field Officer App,sha256:eb470e94760d13cf54d304583b8d2708
MP-MH-2024-0041,PHOTO,/evidence/MP-MH-2024-0041/photo_651.jpg,Site progress photo,2024-07-12,Field Officer App,sha256:2bd9f306440030a8478570b7845ef39d
MP-ASM-2024-0057,PHOTO,/evidence/MP-ASM-2024-0057/photo_809.jpg,Site progress photo,2024-07-26,Field Officer App,sha256:e1a72e315b20e9dd035c8c0596858a5a
MP-BHR-2025-0036,PHOTO,/evidence/MP-BHR-2025-0036/photo_714.jpg,Site progress photo,2025-09-27,Field Officer App,sha256:73fb5162057df8aa0ec7805ca357ee9b
MP-KAR-2023-0061,PHOTO,/evidence/MP-KAR-2023-0061/photo_166.jpg,Site progress photo,2024-03-25,Field Officer App,sha256:3f09b466c7a49d558939d50b70d0c440
MP-WB-2025-0045,PHOTO,/evidence/MP-WB-2025-0045/photo_832.jpg,Site progress photo,2025-08-04,Field Officer App,sha256:bd53602dd6b6b88d818855e7815ee5fa
MP-KAR-2025-0041,PHOTO,/evidence/MP-KAR-2025-0041/photo_914.jpg,Site progress photo,2025-10-25,Field Officer App,sha256:8a7f16c2e90807fc4faf307b381354f2
MP-ASM-2025-0031,PHOTO,/evidence/MP-ASM-2025-0031/photo_43.jpg,Site progress photo,2025-11-07,Field Officer App,sha256:47fbde1be681eca660bab6196618ca69
MP-KAR-2024-0064,PHOTO,/evidence/MP-KAR-2024-0064/photo_258.jpg,Site progress photo,2024-12-22,Field Officer App,sha256:3359a0aa4d09ce010f7932a8848fd410
MP-KAR-2024-0065,PHOTO,/evidence/MP-KAR-2024-0065/photo_720.jpg,Site progress photo,2024-10-06,Field Officer App,sha256:ee0758d1baf63ddd3856f09b0326951e
MP-DEL-2023-0048,PHOTO,/evidence/MP-DEL-2023-0048/photo_912.jpg,Site progress photo,2023-11-23,Field Officer App,sha256:17aae1331027d12f67796efbfa4aadc6
MP-MP-2022-0032,PHOTO,/evidence/MP-MP-2022-0032/photo_772.jpg,Site progress photo,2022-10-27,Field Officer App,sha256:37779eb5c6656d16bc7bf43b9f2c5701
MP-TEL-2024-0050,PHOTO,/evidence/MP-TEL-2024-0050/photo_841.jpg,Site progress photo,2025-02-11,Field Officer App,sha256:5435cb5eadd127811e5af8deeb18a2a1
MP-TN-2024-0046,PHOTO,/evidence/MP-TN-2024-0046/photo_71.jpg,Site progress photo,2025-05-30,Field Officer App,sha256:315307f6f48e29b77c6febe8b6c9d375
MP-ASM-2023-0046,PHOTO,/evidence/MP-ASM-2023-0046/photo_970.jpg,Site progress photo,2024-04-08,Field Officer App,sha256:88cc00ef85cb9fa0e88cdd0a145c911d
MP-TN-2024-0047,PHOTO,/evidence/MP-TN-2024-0047/photo_143.jpg,Site progress photo,2024-07-01,Field Officer App,sha256:a8fe1a16df0a20199235e359c1589c5a
MP-GUJ-2025-0045,PHOTO,/evidence/MP-GUJ-2025-0045/photo_562.jpg,Site progress photo,2026-01-15,Field Officer App,sha256:1990ea425cb0b4dce743541a2bec85c0
MP-BHR-2023-0044,PHOTO,/evidence/MP-BHR-2023-0044/photo_742.jpg,Site progress photo,2023-11-30,Field Officer App,sha256:c4dbed1dcee109c0bbe24735bb67e767
MP-RAJ-2022-0030,PHOTO,/evidence/MP-RAJ-2022-0030/photo_425.jpg,Site progress photo,2023-02-05,Field Officer App,sha256:02ba13198b674c843f75432dec6217b2
MP-PUN-2024-0044,PHOTO,/evidence/MP-PUN-2024-0044/photo_465.jpg,Site progress photo,2024-12-11,Field Officer App,sha256:f4ba9473e238751b8be6ce3a5ee6ae5c
MP-ASM-2022-0016,PHOTO,/evidence/MP-ASM-2022-0016/photo_218.jpg,Site progress photo,2023-06-09,Field Officer App,sha256:2e48d364668f6fde8a35e78c581252d9
MP-PUN-2024-0045,PHOTO,/evidence/MP-PUN-2024-0045/photo_345.jpg,Site progress photo,2024-06-05,Field Officer App,sha256:c80df4140d28f5a91a2894d96c0c5ba1
MP-RAJ-2025-0031,PHOTO,/evidence/MP-RAJ-2025-0031/photo_529.jpg,Site progress photo,2025-07-30,Field Officer App,sha256:d9529c958b64411cdd406e0a76052aa5
MP-PUN-2024-0046,PHOTO,/evidence/MP-PUN-2024-0046/photo_463.jpg,Site progress photo,2024-06-26,Field Officer App,sha256:30ba6758cbeca5b9a1768f9a6d8f9f94
MP-KAR-2023-0063,PHOTO,/evidence/MP-KAR-2023-0063/photo_321.jpg,Site progress photo,2023-11-23,Field Officer App,sha256:71c3255fffa9e6a83b074788123338d2
MP-TN-2024-0048,PHOTO,/evidence/MP-TN-2024-0048/photo_566.jpg,Site progress photo,2025-05-01,Field Officer App,sha256:efa6744e28dc156e64d3ff4890423ac9
MP-BHR-2024-0051,PHOTO,/evidence/MP-BHR-2024-0051/photo_290.jpg,Site progress photo,2024-04-21,Field Officer App,sha256:899bb49951bc03467d2f21390838b416
MP-MP-2024-0046,PHOTO,/evidence/MP-MP-2024-0046/photo_425.jpg,Site progress photo,2024-11-04,Field Officer App,sha256:1792c3966a4e7e0f215d0386fc1467a0
MP-KER-2024-0051,PHOTO,/evidence/MP-KER-2024-0051/photo_493.jpg,Site progress photo,2024-06-25,Field Officer App,sha256:6ec495c7efc389d5b6042889a685d40c
MP-NAG-2024-0037,PHOTO,/evidence/MP-NAG-2024-0037/photo_976.jpg,Site progress photo,2024-08-06,Field Officer App,sha256:e9c04e47de11504b2874fa568c126338
MP-MH-2024-0043,PHOTO,/evidence/MP-MH-2024-0043/photo_45.jpg,Site progress photo,2025-01-11,Field Officer App,sha256:84a7fffd21bec8f963a0d94094543400
MP-GUJ-2022-0035,PHOTO,/evidence/MP-GUJ-2022-0035/photo_612.jpg,Site progress photo,2022-06-29,Field Officer App,sha256:77c178104bed249402dff8b2d1d023f8
MP-MH-2022-0029,PHOTO,/evidence/MP-MH-2022-0029/photo_941.jpg,Site progress photo,2022-10-20,Field Officer App,sha256:8957ab2a274c1a2c4afde5aa0eece631
MP-ODI-2022-0043,PHOTO,/evidence/MP-ODI-2022-0043/photo_13.jpg,Site progress photo,2022-09-12,Field Officer App,sha256:f11d618fc6b10295c208d80e028b8410
MP-PUN-2022-0031,PHOTO,/evidence/MP-PUN-2022-0031/photo_850.jpg,Site progress photo,2023-03-04,Field Officer App,sha256:7698f422d386016791ce9a26bc27c076
MP-NAG-2025-0044,PHOTO,/evidence/MP-NAG-2025-0044/photo_60.jpg,Site progress photo,2025-07-17,Field Officer App,sha256:94fd1bdb2bbe2ca963bfffebd9d15371
MP-BHR-2025-0037,PHOTO,/evidence/MP-BHR-2025-0037/photo_536.jpg,Site progress photo,2025-06-17,Field Officer App,sha256:9aec62fcb5ba3747929e5542091c7d7d
MP-PUN-2024-0048,PHOTO,/evidence/MP-PUN-2024-0048/photo_598.jpg,Site progress photo,2025-04-26,Field Officer App,sha256:6fc5e5eadbfb8d0e29336fc2df061091
MP-WB-2024-0052,PHOTO,/evidence/MP-WB-2024-0052/photo_398.jpg,Site progress photo,2025-02-27,Field Officer App,sha256:c85c956f9ec762cc1cd243b6a712c05d
MP-BHR-2024-0052,PHOTO,/evidence/MP-BHR-2024-0052/photo_359.jpg,Site progress photo,2024-04-16,Field Officer App,sha256:82e51dab21808d177071e1b094d84362
MP-DEL-2024-0047,PHOTO,/evidence/MP-DEL-2024-0047/photo_452.jpg,Site progress photo,2025-02-08,Field Officer App,sha256:9a8e436fbcfe755559a46ffb7d1a6a5b
MP-ODI-2022-0044,PHOTO,/evidence/MP-ODI-2022-0044/photo_219.jpg,Site progress photo,2023-04-13,Field Officer App,sha256:8e7eb1964b7abb8ac7c87f494e8ebace
MP-ODI-2023-0064,PHOTO,/evidence/MP-ODI-2023-0064/photo_360.jpg,Site progress photo,2023-05-08,Field Officer App,sha256:8599ce475bbb55439a0d89e3d7b6fe9d
MP-TEL-2024-0052,PHOTO,/evidence/MP-TEL-2024-0052/photo_916.jpg,Site progress photo,2024-09-10,Field Officer App,sha256:86806ccfcb7e982868a8c7996ce4eb26
MP-KER-2024-0053,PHOTO,/evidence/MP-KER-2024-0053/photo_684.jpg,Site progress photo,2024-08-30,Field Officer App,sha256:94cb13077ae57426cf78359ddbc365cc
MP-PUN-2024-0049,PHOTO,/evidence/MP-PUN-2024-0049/photo_490.jpg,Site progress photo,2024-10-30,Field Officer App,sha256:3a40fb5fc7beb1dede1b9f12bba105ea
MP-ODI-2023-0065,PHOTO,/evidence/MP-ODI-2023-0065/photo_771.jpg,Site progress photo,2023-07-24,Field Officer App,sha256:bd297d38fb3c4b926048b3cf3bbf6483
MP-MH-2024-0046,PHOTO,/evidence/MP-MH-2024-0046/photo_57.jpg,Site progress photo,2024-10-28,Field Officer App,sha256:6b5fbfceb1081fc22c574055c7e9d065
MP-KER-2023-0057,PHOTO,/evidence/MP-KER-2023-0057/photo_624.jpg,Site progress photo,2024-01-14,Field Officer App,sha256:b68e30302c3239549890be16ba901c4e
MP-UP-2024-0054,PHOTO,/evidence/MP-UP-2024-0054/photo_144.jpg,Site progress photo,2024-08-03,Field Officer App,sha256:6574a17ef19a0aca9f42631495c1d2b4
MP-KAR-2025-0044,PHOTO,/evidence/MP-KAR-2025-0044/photo_657.jpg,Site progress photo,2025-05-11,Field Officer App,sha256:df6a345ba6362e0d5a3df857671c8f90
MP-TEL-2025-0044,PHOTO,/evidence/MP-TEL-2025-0044/photo_9.jpg,Site progress photo,2025-11-25,Field Officer App,sha256:fe6549f129d9b7b09aaab47cda150007
MP-KER-2022-0037,PHOTO,/evidence/MP-KER-2022-0037/photo_251.jpg,Site progress photo,2022-11-18,Field Officer App,sha256:daf84cc1c4b8b395e280427f3deaffa7
MP-KAR-2024-0067,PHOTO,/evidence/MP-KAR-2024-0067/photo_460.jpg,Site progress photo,2024-11-25,Field Officer App,sha256:6883010e416bd306316d19472a5c894e
MP-KER-2022-0038,PHOTO,/evidence/MP-KER-2022-0038/photo_26.jpg,Site progress photo,2022-10-31,Field Officer App,sha256:4af462e6b614e205ae1560cc052bd80b
MP-PUN-2024-0050,PHOTO,/evidence/MP-PUN-2024-0050/photo_941.jpg,Site progress photo,2024-10-07,Field Officer App,sha256:a360589a811fd62ea551746e3bdce081
MP-KER-2023-0058,PHOTO,/evidence/MP-KER-2023-0058/photo_739.jpg,Site progress photo,2023-04-03,Field Officer App,sha256:96812bb5de96ae16b7bd16dcb1c7fd72
MP-RAJ-2024-0045,PHOTO,/evidence/MP-RAJ-2024-0045/photo_881.jpg,Site progress photo,2024-07-15,Field Officer App,sha256:4d9645d369efe2bc166591340c9192bf
MP-ODI-2023-0067,PHOTO,/evidence/MP-ODI-2023-0067/photo_352.jpg,Site progress photo,2023-05-27,Field Officer App,sha256:d71be144469690bdf9228996012a7438
MP-MP-2023-0053,PHOTO,/evidence/MP-MP-2023-0053/photo_731.jpg,Site progress photo,2024-03-21,Field Officer App,sha256:e68929ae684efcda800d5981ee327715
MP-KAR-2023-0064,PHOTO,/evidence/MP-KAR-2023-0064/photo_192.jpg,Site progress photo,2024-02-23,Field Officer App,sha256:40676c87bfc405a8dd34eb26485497de
MP-NAG-2025-0045,PHOTO,/evidence/MP-NAG-2025-0045/photo_403.jpg,Site progress photo,2025-07-04,Field Officer App,sha256:8edf402d7601caee678e42a5d53b4f0b
MP-PUN-2025-0037,PHOTO,/evidence/MP-PUN-2025-0037/photo_744.jpg,Site progress photo,2025-11-12,Field Officer App,sha256:c1dd1f0934acf2a100418edeb91f3c11
MP-RAJ-2023-0046,PHOTO,/evidence/MP-RAJ-2023-0046/photo_503.jpg,Site progress photo,2023-08-07,Field Officer App,sha256:85d341228d2ef08f132af1ab1da7bf6b
MP-WB-2024-0053,PHOTO,/evidence/MP-WB-2024-0053/photo_771.jpg,Site progress photo,2024-10-05,Field Officer App,sha256:518f56e0062e7fe55a030ac630504ddf
MP-NAG-2023-0053,PHOTO,/evidence/MP-NAG-2023-0053/photo_827.jpg,Site progress photo,2023-08-17,Field Officer App,sha256:a09745d93d2a38fe932bbe0ad692b034
MP-PUN-2023-0042,PHOTO,/evidence/MP-PUN-2023-0042/photo_670.jpg,Site progress photo,2024-04-10,Field Officer App,sha256:04f3cc41402ddd568df76c222ff5594b
MP-GUJ-2022-0038,PHOTO,/evidence/MP-GUJ-2022-0038/photo_835.jpg,Site progress photo,2023-01-03,Field Officer App,sha256:e76c1ac187ff15d68e5f791bec8f3074
MP-KAR-2024-0069,PHOTO,/evidence/MP-KAR-2024-0069/photo_365.jpg,Site progress photo,2024-08-07,Field Officer App,sha256:0e811b8de21615e93e034d0c9896c6ca
MP-ODI-2023-0070,PHOTO,/evidence/MP-ODI-2023-0070/photo_409.jpg,Site progress photo,2024-01-25,Field Officer App,sha256:fa3f8c745f330697e1831d740322a599
MP-PUN-2024-0051,PHOTO,/evidence/MP-PUN-2024-0051/photo_234.jpg,Site progress photo,2024-07-05,Field Officer App,sha256:480e85ea5adb835171227b836c13bbe3
MP-DEL-2024-0048,PHOTO,/evidence/MP-DEL-2024-0048/photo_468.jpg,Site progress photo,2024-06-20,Field Officer App,sha256:e48036666e5c0b8609cc0b56f32c2c22
MP-MH-2025-0045,PHOTO,/evidence/MP-MH-2025-0045/photo_754.jpg,Site progress photo,2025-06-14,Field Officer App,sha256:c22ae1ffa09249a08e0cdee77c933a22
MP-UP-2025-0035,PHOTO,/evidence/MP-UP-2025-0035/photo_712.jpg,Site progress photo,2025-09-07,Field Officer App,sha256:334fbcf870df0666998c5d44af0d6344
MP-ASM-2022-0017,PHOTO,/evidence/MP-ASM-2022-0017/photo_155.jpg,Site progress photo,2023-02-16,Field Officer App,sha256:f704944b1c2ff5542d4ec57a518d3cc6
MP-RAJ-2023-0047,PHOTO,/evidence/MP-RAJ-2023-0047/photo_893.jpg,Site progress photo,2024-07-14,Field Officer App,sha256:76c3a28b8435da830e9253f4a45ac01b
MP-MP-2022-0034,PHOTO,/evidence/MP-MP-2022-0034/photo_80.jpg,Site progress photo,2022-11-25,Field Officer App,sha256:15990689a6e819187cb3e286303c5df8
MP-RAJ-2024-0046,PHOTO,/evidence/MP-RAJ-2024-0046/photo_395.jpg,Site progress photo,2025-01-28,Field Officer App,sha256:3c4927a37503aff26f603c55756a6ebd
MP-MP-2025-0039,PHOTO,/evidence/MP-MP-2025-0039/photo_364.jpg,Site progress photo,2025-07-09,Field Officer App,sha256:6c898134af4edcc1e32a65f002cbc030
MP-UP-2023-0055,PHOTO,/evidence/MP-UP-2023-0055/photo_619.jpg,Site progress photo,2024-01-14,Field Officer App,sha256:926ea73ef713811fe0b52bbba3f365d0
MP-RAJ-2023-0048,PHOTO,/evidence/MP-RAJ-2023-0048/photo_972.jpg,Site progress photo,2024-01-23,Field Officer App,sha256:ef317b422a829426d783098a5b236f7e
MP-MH-2022-0030,PHOTO,/evidence/MP-MH-2022-0030/photo_39.jpg,Site progress photo,2023-02-27,Field Officer App,sha256:4ff54f46bbcc61e841b2fbceceeb5472
MP-RAJ-2025-0034,PHOTO,/evidence/MP-RAJ-2025-0034/photo_765.jpg,Site progress photo,2025-09-27,Field Officer App,sha256:0fddecefd6ce973014fd7e5c70b53429
MP-RAJ-2022-0031,PHOTO,/evidence/MP-RAJ-2022-0031/photo_484.jpg,Site progress photo,2022-11-06,Field Officer App,sha256:b36fba39c75a4b01c396d6aa72bfe460
MP-TEL-2022-0027,PHOTO,/evidence/MP-TEL-2022-0027/photo_5.jpg,Site progress photo,2023-01-25,Field Officer App,sha256:57631d6ffa19c21c0ed87fbb694b1ede
MP-DEL-2024-0049,PHOTO,/evidence/MP-DEL-2024-0049/photo_362.jpg,Site progress photo,2025-01-02,Field Officer App,sha256:38c00e3ad7866f2321f6d5a137701fa1
MP-PUN-2024-0052,PHOTO,/evidence/MP-PUN-2024-0052/photo_786.jpg,Site progress photo,2024-04-20,Field Officer App,sha256:3c7b658cad90ec7005fa944b63fdc000
MP-WB-2024-0054,PHOTO,/evidence/MP-WB-2024-0054/photo_640.jpg,Site progress photo,2024-03-11,Field Officer App,sha256:ef47d456118b8d708a420180246a8a5c
MP-GUJ-2024-0047,PHOTO,/evidence/MP-GUJ-2024-0047/photo_479.jpg,Site progress photo,2024-06-27,Field Officer App,sha256:673246b3edfa250d338dfba4b0fa6169
MP-UP-2022-0031,PHOTO,/evidence/MP-UP-2022-0031/photo_452.jpg,Site progress photo,2022-12-24,Field Officer App,sha256:7a02ca5ada90d568dd6c22621be6b0c9
MP-ASM-2024-0061,PHOTO,/evidence/MP-ASM-2024-0061/photo_189.jpg,Site progress photo,2024-07-01,Field Officer App,sha256:6519441b4ce0357de1b44cce25a3ec7e
MP-MP-2025-0041,PHOTO,/evidence/MP-MP-2025-0041/photo_753.jpg,Site progress photo,2025-06-14,Field Officer App,sha256:7dd6fe147f2fd6e07b2e8289e74fedcf
MP-TN-2022-0027,PHOTO,/evidence/MP-TN-2022-0027/photo_267.jpg,Site progress photo,2023-02-23,Field Officer App,sha256:b68c6385137692790b7fbfaa621743f7
MP-DEL-2022-0030,PHOTO,/evidence/MP-DEL-2022-0030/photo_31.jpg,Site progress photo,2022-08-19,Field Officer App,sha256:b990be2b2bf7202c183ca109e7985bac
MP-NAG-2024-0039,PHOTO,/evidence/MP-NAG-2024-0039/photo_686.jpg,Site progress photo,2024-04-19,Field Officer App,sha256:c750c6e8f51ac77077e92bba8618b436
MP-WB-2023-0044,PHOTO,/evidence/MP-WB-2023-0044/photo_680.jpg,Site progress photo,2023-04-26,Field Officer App,sha256:03585fd861cd41730a07af11845596b7
MP-RAJ-2023-0049,PHOTO,/evidence/MP-RAJ-2023-0049/photo_300.jpg,Site progress photo,2023-07-19,Field Officer App,sha256:a6915262bdb565d64426aed6df75f91d
MP-WB-2023-0045,PHOTO,/evidence/MP-WB-2023-0045/photo_904.jpg,Site progress photo,2024-04-20,Field Officer App,sha256:0d41126f7ba7341cec52e72b4d7ef2b7
MP-GUJ-2023-0046,PHOTO,/evidence/MP-GUJ-2023-0046/photo_622.jpg,Site progress photo,2024-02-14,Field Officer App,sha256:6deafe31566853f8ed8af9469d2edf9c
MP-UP-2023-0057,PHOTO,/evidence/MP-UP-2023-0057/photo_866.jpg,Site progress photo,2023-03-05,Field Officer App,sha256:30f38a6e83496e42591fb1d580f3622c
MP-MP-2025-0042,PHOTO,/evidence/MP-MP-2025-0042/photo_859.jpg,Site progress photo,2025-09-28,Field Officer App,sha256:d82b8f18ed3dea3e06bba5e9a96e3ebb
MP-RAJ-2025-0036,PHOTO,/evidence/MP-RAJ-2025-0036/photo_568.jpg,Site progress photo,2025-08-05,Field Officer App,sha256:fee0a9128c7e313e380f8757ce6a68a2
MP-WB-2022-0031,PHOTO,/evidence/MP-WB-2022-0031/photo_218.jpg,Site progress photo,2022-08-29,Field Officer App,sha256:0715840076b3016999ea5b3d56e1feb3
MP-KAR-2025-0047,PHOTO,/evidence/MP-KAR-2025-0047/photo_469.jpg,Site progress photo,2025-08-10,Field Officer App,sha256:220f0399c48c50ccd5edbfab52ed0dcc
MP-WB-2023-0046,PHOTO,/evidence/MP-WB-2023-0046/photo_733.jpg,Site progress photo,2023-12-20,Field Officer App,sha256:838c3ef8da9e0e458205edb856b88d25
MP-ODI-2024-0053,PHOTO,/evidence/MP-ODI-2024-0053/photo_828.jpg,Site progress photo,2025-01-30,Field Officer App,sha256:af5a5a37fb50469e24eaa57ea630b57a
MP-KAR-2025-0048,PHOTO,/evidence/MP-KAR-2025-0048/photo_958.jpg,Site progress photo,2025-06-27,Field Officer App,sha256:eb0389619d3e572207d3cdc38e901985
MP-KAR-2024-0071,PHOTO,/evidence/MP-KAR-2024-0071/photo_348.jpg,Site progress photo,2024-06-04,Field Officer App,sha256:ba638a29b6de4a06a0d960ff2f686f5b
MP-TEL-2023-0042,PHOTO,/evidence/MP-TEL-2023-0042/photo_326.jpg,Site progress photo,2023-05-10,Field Officer App,sha256:a7b4dc86c9ef73da9560e3e1893444fa
MP-KER-2024-0054,PHOTO,/evidence/MP-KER-2024-0054/photo_555.jpg,Site progress photo,2025-06-13,Field Officer App,sha256:d17179aa20a4906b12d9130259892550
MP-WB-2023-0047,PHOTO,/evidence/MP-WB-2023-0047/photo_677.jpg,Site progress photo,2023-08-12,Field Officer App,sha256:dc7ded7c1fd028371df598a595c21b5f
MP-TEL-2023-0043,PHOTO,/evidence/MP-TEL-2023-0043/photo_568.jpg,Site progress photo,2023-05-01,Field Officer App,sha256:fd440e60ec55bcfc34003af7d034fe5e
MP-MP-2022-0036,PHOTO,/evidence/MP-MP-2022-0036/photo_240.jpg,Site progress photo,2022-07-20,Field Officer App,sha256:5221d117600b8318cf6bbbbeabaf9784
MP-KAR-2024-0072,PHOTO,/evidence/MP-KAR-2024-0072/photo_816.jpg,Site progress photo,2025-03-13,Field Officer App,sha256:fbf3715c5c2d01ba11b30e66a06775d3
MP-TN-2025-0034,PHOTO,/evidence/MP-TN-2025-0034/photo_473.jpg,Site progress photo,2025-12-13,Field Officer App,sha256:82681c3ee473bd214b9f73b3b3ed501d
MP-KAR-2023-0066,PHOTO,/evidence/MP-KAR-2023-0066/photo_432.jpg,Site progress photo,2023-11-04,Field Officer App,sha256:dec6094dc72166574d62c1daec814e88
MP-NAG-2024-0040,PHOTO,/evidence/MP-NAG-2024-0040/photo_539.jpg,Site progress photo,2024-09-26,Field Officer App,sha256:a35a34ca0e6e36a16eed32d0c639363a
MP-TEL-2024-0056,PHOTO,/evidence/MP-TEL-2024-0056/photo_153.jpg,Site progress photo,2024-09-09,Field Officer App,sha256:a3e46ead2f3a5d612df8e1203dbe57eb
MP-GUJ-2025-0047,PHOTO,/evidence/MP-GUJ-2025-0047/photo_455.jpg,Site progress photo,2025-10-05,Field Officer App,sha256:8c57c389d13fac8c2d8562043d4d572f
MP-ODI-2022-0046,PHOTO,/evidence/MP-ODI-2022-0046/photo_266.jpg,Site progress photo,2023-02-11,Field Officer App,sha256:15fdfd123f4871c1d87d67d8dde5c7a4
MP-DEL-2023-0052,PHOTO,/evidence/MP-DEL-2023-0052/photo_794.jpg,Site progress photo,2023-05-26,Field Officer App,sha256:62c3c26c28d4df7a745b225e5cbde40d
MP-KAR-2022-0034,PHOTO,/evidence/MP-KAR-2022-0034/photo_126.jpg,Site progress photo,2022-11-21,Field Officer App,sha256:7bc37c0da5be9e9db4c5755e9a1f73be
MP-BHR-2023-0048,PHOTO,/evidence/MP-BHR-2023-0048/photo_448.jpg,Site progress photo,2023-12-21,Field Officer App,sha256:579980068ceb63132d3ae27793493b85
MP-ASM-2024-0064,PHOTO,/evidence/MP-ASM-2024-0064/photo_695.jpg,Site progress photo,2024-07-05,Field Officer App,sha256:d45488d942e66c72dd0528f5111a6a3e
MP-KER-2025-0037,PHOTO,/evidence/MP-KER-2025-0037/photo_990.jpg,Site progress photo,2025-07-28,Field Officer App,sha256:53d22f26e5a97102c6acc81d1be3906b
MP-KER-2023-0059,PHOTO,/evidence/MP-KER-2023-0059/photo_756.jpg,Site progress photo,2023-05-12,Field Officer App,sha256:d17bc42b25d0249456cb028c3617794f
MP-UP-2023-0058,PHOTO,/evidence/MP-UP-2023-0058/photo_34.jpg,Site progress photo,2023-06-18,Field Officer App,sha256:457cc68983a548ba5339d38b4ad036ac
MP-TN-2022-0028,PHOTO,/evidence/MP-TN-2022-0028/photo_865.jpg,Site progress photo,2023-05-18,Field Officer App,sha256:fed5f6cace9b8d0391f764a2989740ea
MP-TEL-2024-0057,PHOTO,/evidence/MP-TEL-2024-0057/photo_193.jpg,Site progress photo,2024-08-11,Field Officer App,sha256:57b67311b5d5a4538d8775e04c97ed46
MP-RAJ-2025-0037,PHOTO,/evidence/MP-RAJ-2025-0037/photo_8.jpg,Site progress photo,2025-12-05,Field Officer App,sha256:9c2a0e427ed0538ac550fb5c4153ada2
MP-KER-2024-0055,PHOTO,/evidence/MP-KER-2024-0055/photo_783.jpg,Site progress photo,2025-03-30,Field Officer App,sha256:4b57235b5ff075017fa57e26f085baa5
MP-MP-2025-0043,PHOTO,/evidence/MP-MP-2025-0043/photo_978.jpg,Site progress photo,2026-03-16,Field Officer App,sha256:1999237d29b4b53710258b64a9be7f62
MP-UP-2024-0057,PHOTO,/evidence/MP-UP-2024-0057/photo_448.jpg,Site progress photo,2025-03-28,Field Officer App,sha256:a1c86e9a133cad51f05c4aa67145c595
MP-GUJ-2022-0039,PHOTO,/evidence/MP-GUJ-2022-0039/photo_667.jpg,Site progress photo,2023-03-03,Field Officer App,sha256:e5cc8d332fcce9c1aeb5c419927d4f5b
MP-RAJ-2024-0047,PHOTO,/evidence/MP-RAJ-2024-0047/photo_987.jpg,Site progress photo,2024-09-05,Field Officer App,sha256:0094a7d486e21cde6db1437196062e80
MP-NAG-2022-0035,PHOTO,/evidence/MP-NAG-2022-0035/photo_709.jpg,Site progress photo,2022-12-28,Field Officer App,sha256:a27b6843432b0346ba03150684ba006b
MP-NAG-2022-0036,PHOTO,/evidence/MP-NAG-2022-0036/photo_656.jpg,Site progress photo,2023-04-16,Field Officer App,sha256:6fa5502e92080b1dd794b6c7cfdadf8a
MP-GUJ-2023-0047,PHOTO,/evidence/MP-GUJ-2023-0047/photo_304.jpg,Site progress photo,2024-02-17,Field Officer App,sha256:88343d22870283ade716f01a4e73b58d
MP-WB-2024-0055,PHOTO,/evidence/MP-WB-2024-0055/photo_708.jpg,Site progress photo,2024-09-15,Field Officer App,sha256:6d1796c3249af5d788c8b4c8e7b02418
MP-NAG-2023-0058,PHOTO,/evidence/MP-NAG-2023-0058/photo_277.jpg,Site progress photo,2023-09-10,Field Officer App,sha256:74ddb5f2aa9b08087dbbe14c4f1622f7
MP-TEL-2025-0045,PHOTO,/evidence/MP-TEL-2025-0045/photo_575.jpg,Site progress photo,2025-04-28,Field Officer App,sha256:bb6e41d1fb7c1a8f669f0e5c1a87aef2
MP-BHR-2023-0049,PHOTO,/evidence/MP-BHR-2023-0049/photo_252.jpg,Site progress photo,2023-09-13,Field Officer App,sha256:2a4eb11f65c775c5dacb14cbdccf271b
MP-ODI-2025-0040,PHOTO,/evidence/MP-ODI-2025-0040/photo_449.jpg,Site progress photo,2025-04-29,Field Officer App,sha256:11044c290583950175bb8a3e5c07c5c5
MP-PUN-2023-0047,PHOTO,/evidence/MP-PUN-2023-0047/photo_176.jpg,Site progress photo,2023-12-17,Field Officer App,sha256:a23bdb2bf70a503301ea0f1584cc5da6
MP-KER-2023-0060,PHOTO,/evidence/MP-KER-2023-0060/photo_460.jpg,Site progress photo,2023-04-17,Field Officer App,sha256:c2729fb33daf5fbe6148f26d243b8c14
MP-NAG-2025-0046,PHOTO,/evidence/MP-NAG-2025-0046/photo_891.jpg,Site progress photo,2025-05-22,Field Officer App,sha256:6aaf25a48e22a91f25a053894664048a
MP-RAJ-2023-0051,PHOTO,/evidence/MP-RAJ-2023-0051/photo_220.jpg,Site progress photo,2023-09-24,Field Officer App,sha256:43a095394147399f7c277cf8d08257b8
MP-MH-2025-0047,PHOTO,/evidence/MP-MH-2025-0047/photo_743.jpg,Site progress photo,2025-04-02,Field Officer App,sha256:75ed52f23b98381c38be4ae9ab29f860
MP-UP-2024-0058,PHOTO,/evidence/MP-UP-2024-0058/photo_602.jpg,Site progress photo,2024-09-16,Field Officer App,sha256:c0848e854ea3a6339a12e457bbbe5485
MP-ASM-2023-0050,PHOTO,/evidence/MP-ASM-2023-0050/photo_618.jpg,Site progress photo,2024-03-30,Field Officer App,sha256:c17afd6e57e8be32fce3f07108987529
MP-MH-2024-0047,PHOTO,/evidence/MP-MH-2024-0047/photo_929.jpg,Site progress photo,2024-07-10,Field Officer App,sha256:e01ab2b9efb48534c8de36a90c27f37f
MP-DEL-2022-0031,PHOTO,/evidence/MP-DEL-2022-0031/photo_76.jpg,Site progress photo,2023-02-01,Field Officer App,sha256:e0e40520da875dac18f52daf627da6d4
MP-TEL-2024-0059,PHOTO,/evidence/MP-TEL-2024-0059/photo_551.jpg,Site progress photo,2024-09-13,Field Officer App,sha256:04db634f05d085fb53883e4b495671f7
MP-MH-2023-0057,PHOTO,/evidence/MP-MH-2023-0057/photo_944.jpg,Site progress photo,2023-06-13,Field Officer App,sha256:c0f1b752d7b34aaaa74e010d35da926a
MP-BHR-2025-0041,PHOTO,/evidence/MP-BHR-2025-0041/photo_641.jpg,Site progress photo,2025-07-17,Field Officer App,sha256:cb8a4f6a57af20d04636b9c68d1d12aa
MP-ASM-2024-0066,PHOTO,/evidence/MP-ASM-2024-0066/photo_974.jpg,Site progress photo,2024-12-09,Field Officer App,sha256:224125a46eced7bd4ee4f162975b34d3
MP-NAG-2024-0043,PHOTO,/evidence/MP-NAG-2024-0043/photo_509.jpg,Site progress photo,2025-05-06,Field Officer App,sha256:658944f3d91b03dd7c36b4a3cd6ceac8
MP-PUN-2024-0054,PHOTO,/evidence/MP-PUN-2024-0054/photo_329.jpg,Site progress photo,2024-09-01,Field Officer App,sha256:7b429ea7fbb067b6a0415dc50053dab0
MP-RAJ-2025-0038,PHOTO,/evidence/MP-RAJ-2025-0038/photo_878.jpg,Site progress photo,2025-05-28,Field Officer App,sha256:41c39c0ade50990cc5e343949dc532c5
MP-PUN-2025-0042,PHOTO,/evidence/MP-PUN-2025-0042/photo_777.jpg,Site progress photo,2026-01-07,Field Officer App,sha256:b30c281c29130dba67da6188ec95be9e
MP-BHR-2022-0041,PHOTO,/evidence/MP-BHR-2022-0041/photo_545.jpg,Site progress photo,2022-08-20,Field Officer App,sha256:9a5867e7780323c442ea545adf3a2da0
MP-TN-2024-0055,PHOTO,/evidence/MP-TN-2024-0055/photo_895.jpg,Site progress photo,2024-06-10,Field Officer App,sha256:0fca1ef6301bdb5141d1720492249fa5
MP-TEL-2023-0045,PHOTO,/evidence/MP-TEL-2023-0045/photo_374.jpg,Site progress photo,2023-05-15,Field Officer App,sha256:5e1e615762b20b40e410a6b7e4089707
MP-NAG-2022-0037,PHOTO,/evidence/MP-NAG-2022-0037/photo_613.jpg,Site progress photo,2023-02-22,Field Officer App,sha256:584a3aaa7f02286fbab48bb68018292c
MP-TN-2025-0035,PHOTO,/evidence/MP-TN-2025-0035/photo_946.jpg,Site progress photo,2025-06-29,Field Officer App,sha256:b0cd8b6f8d734f15ea3d8adcde3d412a
MP-MH-2023-0059,PHOTO,/evidence/MP-MH-2023-0059/photo_483.jpg,Site progress photo,2024-03-04,Field Officer App,sha256:903673b56402b97ea4a3f140ccbf7a2f
MP-ASM-2023-0051,PHOTO,/evidence/MP-ASM-2023-0051/photo_375.jpg,Site progress photo,2024-03-28,Field Officer App,sha256:c60a3f8b85ed8cd60c2899756af6ea5b
MP-RAJ-2024-0049,PHOTO,/evidence/MP-RAJ-2024-0049/photo_507.jpg,Site progress photo,2024-07-07,Field Officer App,sha256:34e398e680741eae96bb9806b4176d33
MP-ODI-2023-0074,PHOTO,/evidence/MP-ODI-2023-0074/photo_55.jpg,Site progress photo,2023-11-10,Field Officer App,sha256:4a47a9db0c6b2895e4327690b835718e
MP-PUN-2025-0043,PHOTO,/evidence/MP-PUN-2025-0043/photo_572.jpg,Site progress photo,2026-02-15,Field Officer App,sha256:22fd78fb4f4b775905be672aa05aafa1
MP-KER-2024-0057,PHOTO,/evidence/MP-KER-2024-0057/photo_829.jpg,Site progress photo,2024-08-15,Field Officer App,sha256:62b14b19c53d008df2719f62217d728d
MP-NAG-2025-0048,PHOTO,/evidence/MP-NAG-2025-0048/photo_896.jpg,Site progress photo,2025-10-21,Field Officer App,sha256:65c415ce268c73ca2db88f1283937f5e
MP-KAR-2024-0076,PHOTO,/evidence/MP-KAR-2024-0076/photo_132.jpg,Site progress photo,2024-04-03,Field Officer App,sha256:9f3a41728116967bb50aa2a71e215f3e
MP-KAR-2022-0035,PHOTO,/evidence/MP-KAR-2022-0035/photo_858.jpg,Site progress photo,2022-12-01,Field Officer App,sha256:257b4f36d0ef81af0f0536c7295b7488
MP-TEL-2023-0046,PHOTO,/evidence/MP-TEL-2023-0046/photo_727.jpg,Site progress photo,2024-04-10,Field Officer App,sha256:e4d899f0e326860ad17e8d9ae38be640
MP-PUN-2023-0048,PHOTO,/evidence/MP-PUN-2023-0048/photo_640.jpg,Site progress photo,2024-05-05,Field Officer App,sha256:5376b0415f714c53249240c34dc3d68e
MP-TN-2024-0056,PHOTO,/evidence/MP-TN-2024-0056/photo_312.jpg,Site progress photo,2024-06-05,Field Officer App,sha256:6ce73a8dac0e9e75b2d925005efd88ae
MP-DEL-2023-0055,PHOTO,/evidence/MP-DEL-2023-0055/photo_910.jpg,Site progress photo,2023-06-24,Field Officer App,sha256:51757fe83849eb07717ffeae77e10ea9
MP-DEL-2025-0048,PHOTO,/evidence/MP-DEL-2025-0048/photo_161.jpg,Site progress photo,2026-02-14,Field Officer App,sha256:bb09f5b4ecc20bf58854a529aa6d5e7c
MP-PUN-2024-0055,PHOTO,/evidence/MP-PUN-2024-0055/photo_333.jpg,Site progress photo,2024-05-14,Field Officer App,sha256:5609b688c2f0579d315c3f7c5706b1ed
MP-TN-2023-0059,PHOTO,/evidence/MP-TN-2023-0059/photo_560.jpg,Site progress photo,2023-08-06,Field Officer App,sha256:3dfefc31ae806df3cafc1b2a451f9db3
MP-KAR-2023-0067,PHOTO,/evidence/MP-KAR-2023-0067/photo_421.jpg,Site progress photo,2024-03-21,Field Officer App,sha256:f10fbe50b9cfc0de0edf58d64ab9deac
MP-NAG-2022-0038,PHOTO,/evidence/MP-NAG-2022-0038/photo_132.jpg,Site progress photo,2023-01-24,Field Officer App,sha256:6dab19dd93baa19d11988b3fec7e6d55
MP-RAJ-2024-0051,PHOTO,/evidence/MP-RAJ-2024-0051/photo_403.jpg,Site progress photo,2024-12-13,Field Officer App,sha256:e912789ef4d0bd9cac08e752d30fa4be
MP-DEL-2025-0049,PHOTO,/evidence/MP-DEL-2025-0049/photo_705.jpg,Site progress photo,2025-12-18,Field Officer App,sha256:38a9577d862423d0ba258fb4b59ff317
MP-BHR-2023-0050,PHOTO,/evidence/MP-BHR-2023-0050/photo_561.jpg,Site progress photo,2024-04-11,Field Officer App,sha256:bc19c232d2c323d9408ff1335197cbef
MP-ODI-2023-0077,PHOTO,/evidence/MP-ODI-2023-0077/photo_841.jpg,Site progress photo,2023-11-08,Field Officer App,sha256:b928156cc031aae099b9035a38b7d486
MP-MH-2023-0060,PHOTO,/evidence/MP-MH-2023-0060/photo_859.jpg,Site progress photo,2023-12-22,Field Officer App,sha256:e4e13ccc1a280d1891c9ff0ba04886a0
MP-DEL-2023-0056,PHOTO,/evidence/MP-DEL-2023-0056/photo_989.jpg,Site progress photo,2023-06-15,Field Officer App,sha256:7c52a2baa37045b15b7d99be1de14397
MP-KER-2024-0059,PHOTO,/evidence/MP-KER-2024-0059/photo_541.jpg,Site progress photo,2024-06-22,Field Officer App,sha256:6c5cea13766a6cd0376df64d51408c1e
MP-NAG-2025-0049,PHOTO,/evidence/MP-NAG-2025-0049/photo_369.jpg,Site progress photo,2026-03-23,Field Officer App,sha256:df969e862d617443136460fe635926c7
MP-WB-2024-0057,PHOTO,/evidence/MP-WB-2024-0057/photo_564.jpg,Site progress photo,2024-10-15,Field Officer App,sha256:4d80024579c0c9ed5bb83cd03d709d49
MP-GUJ-2024-0051,PHOTO,/evidence/MP-GUJ-2024-0051/photo_228.jpg,Site progress photo,2024-05-06,Field Officer App,sha256:058d9f0cd8229199e4ab5fdcb1e5b627
MP-ASM-2022-0020,PHOTO,/evidence/MP-ASM-2022-0020/photo_882.jpg,Site progress photo,2023-05-03,Field Officer App,sha256:4781727a1cdf9ca1c66f8f02cc3aaa5e
MP-BHR-2023-0051,PHOTO,/evidence/MP-BHR-2023-0051/photo_716.jpg,Site progress photo,2023-12-10,Field Officer App,sha256:31b831180b2dc9c3a6eaddadba1d2ab3
MP-KER-2024-0060,PHOTO,/evidence/MP-KER-2024-0060/photo_870.jpg,Site progress photo,2024-08-31,Field Officer App,sha256:a2f8fd4d61b610e48fa1a175e9c22b56
MP-PUN-2024-0056,PHOTO,/evidence/MP-PUN-2024-0056/photo_303.jpg,Site progress photo,2024-09-16,Field Officer App,sha256:0800ca8bf179ee79b18e7c7fc2b9ec30
MP-TN-2025-0036,PHOTO,/evidence/MP-TN-2025-0036/photo_883.jpg,Site progress photo,2025-11-19,Field Officer App,sha256:56882a81a3964c2eedbb86823c83c44f
MP-KAR-2025-0053,PHOTO,/evidence/MP-KAR-2025-0053/photo_565.jpg,Site progress photo,2025-10-14,Field Officer App,sha256:9bf347d2019d55e6323fce4421d6eec5
MP-NAG-2025-0050,PHOTO,/evidence/MP-NAG-2025-0050/photo_541.jpg,Site progress photo,2025-07-09,Field Officer App,sha256:8e93a0be457867d1a68ff4b74fbfe59e
MP-KER-2023-0061,PHOTO,/evidence/MP-KER-2023-0061/photo_458.jpg,Site progress photo,2023-09-19,Field Officer App,sha256:4c8640769a58146340578635103b26e8
MP-PUN-2023-0049,PHOTO,/evidence/MP-PUN-2023-0049/photo_505.jpg,Site progress photo,2024-01-12,Field Officer App,sha256:518b407ccb98b956c3989b54fe35cbef
MP-KAR-2024-0078,PHOTO,/evidence/MP-KAR-2024-0078/photo_526.jpg,Site progress photo,2024-09-02,Field Officer App,sha256:5ebdea08473cda23ac085fabb79c5cb6
MP-PUN-2025-0044,PHOTO,/evidence/MP-PUN-2025-0044/photo_987.jpg,Site progress photo,2025-07-21,Field Officer App,sha256:edca66ebb6bd2fd154166b07fbebf734
MP-PUN-2024-0057,PHOTO,/evidence/MP-PUN-2024-0057/photo_419.jpg,Site progress photo,2025-04-18,Field Officer App,sha256:966f549d105a6d1ba8a579ae4a8bc455
MP-TEL-2022-0030,PHOTO,/evidence/MP-TEL-2022-0030/photo_312.jpg,Site progress photo,2022-11-26,Field Officer App,sha256:7bd9046d0d0bb57163e57c5103ecb67b
MP-NAG-2024-0045,PHOTO,/evidence/MP-NAG-2024-0045/photo_17.jpg,Site progress photo,2024-06-29,Field Officer App,sha256:3bd37c435ee9eca1fb6af58fa9a689f4
MP-WB-2025-0048,PHOTO,/evidence/MP-WB-2025-0048/photo_190.jpg,Site progress photo,2025-02-22,Field Officer App,sha256:d912f7923cda535e39cf01e88c453ba6
MP-PUN-2025-0045,PHOTO,/evidence/MP-PUN-2025-0045/photo_568.jpg,Site progress photo,2025-07-19,Field Officer App,sha256:0306b176304bd6def1f334fd41227e1f
MP-PUN-2022-0033,PHOTO,/evidence/MP-PUN-2022-0033/photo_394.jpg,Site progress photo,2022-11-09,Field Officer App,sha256:d6c8a99b4d4fde38588ca5275ad74fc0
MP-MH-2025-0048,PHOTO,/evidence/MP-MH-2025-0048/photo_389.jpg,Site progress photo,2025-12-25,Field Officer App,sha256:89cd0b299a0442f47eec15cbe8ee8924
MP-UP-2023-0059,PHOTO,/evidence/MP-UP-2023-0059/photo_610.jpg,Site progress photo,2024-01-16,Field Officer App,sha256:e68743e6b8141784cc61da07da27c11b
MP-ASM-2023-0054,PHOTO,/evidence/MP-ASM-2023-0054/photo_144.jpg,Site progress photo,2024-03-07,Field Officer App,sha256:0aa00c7acce43ff198eac61198c8bc53
MP-DEL-2023-0057,PHOTO,/evidence/MP-DEL-2023-0057/photo_559.jpg,Site progress photo,2024-02-26,Field Officer App,sha256:4d5034c372c5e7cb5ba74868a6aa8c26
MP-MH-2025-0049,PHOTO,/evidence/MP-MH-2025-0049/photo_834.jpg,Site progress photo,2025-04-07,Field Officer App,sha256:f512e13799bd4947729bbeb80ef71a11
MP-DEL-2025-0050,PHOTO,/evidence/MP-DEL-2025-0050/photo_614.jpg,Site progress photo,2025-09-10,Field Officer App,sha256:dddf134cb1227391cff11f9ee6205597
MP-MH-2024-0048,PHOTO,/evidence/MP-MH-2024-0048/photo_852.jpg,Site progress photo,2024-11-29,Field Officer App,sha256:9ca3c6f4e6c417595632ca2220d5a938
MP-BHR-2023-0053,PHOTO,/evidence/MP-BHR-2023-0053/photo_394.jpg,Site progress photo,2024-01-15,Field Officer App,sha256:7afd85d7e2865abb89b2d171228c3308
MP-KAR-2023-0068,PHOTO,/evidence/MP-KAR-2023-0068/photo_765.jpg,Site progress photo,2023-06-19,Field Officer App,sha256:5abc3a89d12aa1ca71a9b29a9e7e31cf
MP-MP-2024-0050,PHOTO,/evidence/MP-MP-2024-0050/photo_885.jpg,Site progress photo,2024-10-20,Field Officer App,sha256:be000c88365ff191f0505d9504eab6e5
MP-DEL-2023-0058,PHOTO,/evidence/MP-DEL-2023-0058/photo_322.jpg,Site progress photo,2023-08-10,Field Officer App,sha256:212ff955b7464ba1843a81de2ed690de
MP-GUJ-2024-0053,PHOTO,/evidence/MP-GUJ-2024-0053/photo_394.jpg,Site progress photo,2024-05-29,Field Officer App,sha256:388957ab5d405bf3d1b4ff2800a01c53
MP-UP-2024-0060,PHOTO,/evidence/MP-UP-2024-0060/photo_747.jpg,Site progress photo,2024-07-27,Field Officer App,sha256:ee65ffa2f233dd254a930deb0f0060f0
MP-MH-2025-0051,PHOTO,/evidence/MP-MH-2025-0051/photo_412.jpg,Site progress photo,2025-11-05,Field Officer App,sha256:29e49ea7f7886eaed70696f22394d63f
MP-KER-2025-0040,PHOTO,/evidence/MP-KER-2025-0040/photo_87.jpg,Site progress photo,2025-07-11,Field Officer App,sha256:0ab98e9e61a4ab3e5b61ab47f0d16975
MP-KER-2025-0041,PHOTO,/evidence/MP-KER-2025-0041/photo_193.jpg,Site progress photo,2025-08-01,Field Officer App,sha256:8036cc9a880fa672211e1602c317de5f
MP-KER-2023-0062,PHOTO,/evidence/MP-KER-2023-0062/photo_71.jpg,Site progress photo,2023-11-02,Field Officer App,sha256:1be85f44cd70137ff57ea226f8d325ed
MP-TN-2023-0062,PHOTO,/evidence/MP-TN-2023-0062/photo_16.jpg,Site progress photo,2024-01-13,Field Officer App,sha256:2c3bc23dbf0f056a9da8fd01c98a786d
MP-MH-2024-0049,PHOTO,/evidence/MP-MH-2024-0049/photo_227.jpg,Site progress photo,2024-04-12,Field Officer App,sha256:ff9dcefa7800e1464019779914866705
MP-MP-2023-0057,PHOTO,/evidence/MP-MP-2023-0057/photo_648.jpg,Site progress photo,2023-06-07,Field Officer App,sha256:e99b4f0b532c5c6eb6af476584cdfbe2
MP-TEL-2025-0046,PHOTO,/evidence/MP-TEL-2025-0046/photo_374.jpg,Site progress photo,2025-10-26,Field Officer App,sha256:731756237d10eac38b3ced0fd317eae2
MP-RAJ-2022-0033,PHOTO,/evidence/MP-RAJ-2022-0033/photo_609.jpg,Site progress photo,2023-01-05,Field Officer App,sha256:4dbaae81fb2e7b01a7a11d0a9e1e9cb2
MP-TN-2022-0031,PHOTO,/evidence/MP-TN-2022-0031/photo_356.jpg,Site progress photo,2022-12-22,Field Officer App,sha256:e9895588fea830aeb51fc166f44808d6
MP-ODI-2023-0078,PHOTO,/evidence/MP-ODI-2023-0078/photo_163.jpg,Site progress photo,2024-02-29,Field Officer App,sha256:e58dcb19c01e58c309b5001a033f7959
MP-UP-2023-0062,PHOTO,/evidence/MP-UP-2023-0062/photo_389.jpg,Site progress photo,2024-02-09,Field Officer App,sha256:9cdf45cb3469f2f272754de90a2d9dc5
MP-WB-2022-0033,PHOTO,/evidence/MP-WB-2022-0033/photo_735.jpg,Site progress photo,2022-10-27,Field Officer App,sha256:e91890ab0a6789223ba5790942c73f07
MP-ASM-2023-0057,PHOTO,/evidence/MP-ASM-2023-0057/photo_786.jpg,Site progress photo,2023-12-31,Field Officer App,sha256:fc22a26da1bbf214ef5b2f7df8970a6b
MP-KER-2024-0061,PHOTO,/evidence/MP-KER-2024-0061/photo_924.jpg,Site progress photo,2024-12-15,Field Officer App,sha256:e14c6364dc62a739e60153e838de5a51
MP-ODI-2023-0080,PHOTO,/evidence/MP-ODI-2023-0080/photo_654.jpg,Site progress photo,2024-03-23,Field Officer App,sha256:299ee32eda7da26b633957a46ab725be
MP-ASM-2024-0067,PHOTO,/evidence/MP-ASM-2024-0067/photo_723.jpg,Site progress photo,2024-10-22,Field Officer App,sha256:ef448dcdb6394c0143de47040a54598c
MP-PUN-2025-0047,PHOTO,/evidence/MP-PUN-2025-0047/photo_34.jpg,Site progress photo,2026-01-22,Field Officer App,sha256:1fae590125eb889ca55dc492e4c9dfb6
MP-TN-2023-0063,PHOTO,/evidence/MP-TN-2023-0063/photo_749.jpg,Site progress photo,2023-05-05,Field Officer App,sha256:76cd58f68ca7efe055479f81076bd27c
MP-WB-2024-0059,PHOTO,/evidence/MP-WB-2024-0059/photo_710.jpg,Site progress photo,2025-02-03,Field Officer App,sha256:c0c42852f6e526feebaf401d1eebf7dd
MP-TEL-2023-0047,PHOTO,/evidence/MP-TEL-2023-0047/photo_708.jpg,Site progress photo,2023-10-02,Field Officer App,sha256:b524c6c1cf5a4c0973932fe093a49d1c
MP-ASM-2024-0068,PHOTO,/evidence/MP-ASM-2024-0068/photo_294.jpg,Site progress photo,2025-03-15,Field Officer App,sha256:1008022d2b8f4e94232c5f647a064771
MP-RAJ-2024-0053,PHOTO,/evidence/MP-RAJ-2024-0053/photo_391.jpg,Site progress photo,2024-05-19,Field Officer App,sha256:cef0bf7f2d569ab8f2b31b936aa3897c
MP-GUJ-2024-0054,PHOTO,/evidence/MP-GUJ-2024-0054/photo_640.jpg,Site progress photo,2025-03-05,Field Officer App,sha256:2c165f7f8af019a4e6a33dfa7831e0e1
MP-TEL-2023-0048,PHOTO,/evidence/MP-TEL-2023-0048/photo_670.jpg,Site progress photo,2023-05-17,Field Officer App,sha256:38ce18daa484e4a35ada662ab658e9f4
MP-RAJ-2024-0054,PHOTO,/evidence/MP-RAJ-2024-0054/photo_894.jpg,Site progress photo,2024-06-18,Field Officer App,sha256:4cdb763fab93f105135e8fd11d3352b8
MP-MP-2025-0045,PHOTO,/evidence/MP-MP-2025-0045/photo_4.jpg,Site progress photo,2025-11-18,Field Officer App,sha256:47484e325cfe555fdc25837983b57781
MP-TEL-2024-0061,PHOTO,/evidence/MP-TEL-2024-0061/photo_684.jpg,Site progress photo,2024-11-17,Field Officer App,sha256:d34fd01157109670996a7796fe2a266a
MP-MH-2023-0061,PHOTO,/evidence/MP-MH-2023-0061/photo_245.jpg,Site progress photo,2024-03-18,Field Officer App,sha256:be4cd60b59337789c50452ca29e9b882
MP-BHR-2024-0057,PHOTO,/evidence/MP-BHR-2024-0057/photo_293.jpg,Site progress photo,2025-02-05,Field Officer App,sha256:623cf4c29ff6ff70d0fd447e73550624
MP-TN-2022-0032,PHOTO,/evidence/MP-TN-2022-0032/photo_113.jpg,Site progress photo,2022-10-11,Field Officer App,sha256:0f3a682ad6f01c69a5e6498221e9d446
MP-TEL-2024-0062,PHOTO,/evidence/MP-TEL-2024-0062/photo_496.jpg,Site progress photo,2025-02-18,Field Officer App,sha256:418662db5aa730f49d73260ad3fa9e05
MP-TEL-2023-0050,PHOTO,/evidence/MP-TEL-2023-0050/photo_444.jpg,Site progress photo,2023-08-25,Field Officer App,sha256:f9b7b290e5ad46e672575efe39c1db24
MP-MP-2025-0046,PHOTO,/evidence/MP-MP-2025-0046/photo_191.jpg,Site progress photo,2025-05-09,Field Officer App,sha256:53f202f1662ad738b425b7afdcd7324b
MP-KAR-2023-0073,PHOTO,/evidence/MP-KAR-2023-0073/photo_527.jpg,Site progress photo,2023-09-16,Field Officer App,sha256:fb10944df68ce2e33f193b0306ec895f
MP-GUJ-2025-0051,PHOTO,/evidence/MP-GUJ-2025-0051/photo_393.jpg,Site progress photo,2025-04-13,Field Officer App,sha256:4a4df28a1b603ff9c03da97ebf26fe31
MP-WB-2024-0060,PHOTO,/evidence/MP-WB-2024-0060/photo_942.jpg,Site progress photo,2024-10-16,Field Officer App,sha256:08dea426fad82f4fa263883cf5d07ca4
MP-ASM-2022-0021,PHOTO,/evidence/MP-ASM-2022-0021/photo_441.jpg,Site progress photo,2023-01-19,Field Officer App,sha256:ccca7298ec2f1da82551a9dec14ae3cd
MP-BHR-2024-0058,PHOTO,/evidence/MP-BHR-2024-0058/photo_54.jpg,Site progress photo,2024-08-30,Field Officer App,sha256:9083763bbc0fcc1b75f0b7078338cb5c
MP-KER-2023-0063,PHOTO,/evidence/MP-KER-2023-0063/photo_640.jpg,Site progress photo,2023-11-23,Field Officer App,sha256:f73d51f22b2040faaeb5e62cbff6361a
MP-RAJ-2024-0055,PHOTO,/evidence/MP-RAJ-2024-0055/photo_742.jpg,Site progress photo,2025-01-21,Field Officer App,sha256:f8980489d49db6fbb0bc454e89620c53
MP-ODI-2023-0081,PHOTO,/evidence/MP-ODI-2023-0081/photo_611.jpg,Site progress photo,2023-12-03,Field Officer App,sha256:1ddcbd74eb354d4e550671ebdf7d9bab
MP-UP-2024-0063,PHOTO,/evidence/MP-UP-2024-0063/photo_372.jpg,Site progress photo,2025-02-09,Field Officer App,sha256:0d16bb317525309a9a211f60ca3effa1
MP-RAJ-2025-0039,PHOTO,/evidence/MP-RAJ-2025-0039/photo_643.jpg,Site progress photo,2025-09-21,Field Officer App,sha256:eeec6bec2b02cfb1a6604d1972b3f1c5
MP-PUN-2024-0060,PHOTO,/evidence/MP-PUN-2024-0060/photo_111.jpg,Site progress photo,2024-09-08,Field Officer App,sha256:2fba1ae437284993200434f23ec28883
MP-UP-2022-0032,PHOTO,/evidence/MP-UP-2022-0032/photo_474.jpg,Site progress photo,2022-08-07,Field Officer App,sha256:64f8f1fb3097d33ac640e1fd650632db
MP-TEL-2023-0051,PHOTO,/evidence/MP-TEL-2023-0051/photo_904.jpg,Site progress photo,2023-11-04,Field Officer App,sha256:82f9923270c281de2938cecd20e1676e
MP-ASM-2024-0070,PHOTO,/evidence/MP-ASM-2024-0070/photo_20.jpg,Site progress photo,2025-07-05,Field Officer App,sha256:6ef46e9f22c768e2c3eab8ed9b5d8618
MP-RAJ-2024-0056,PHOTO,/evidence/MP-RAJ-2024-0056/photo_873.jpg,Site progress photo,2025-01-26,Field Officer App,sha256:f02613066b8d9cc7c3699d58f3aac9a8
MP-MH-2023-0062,PHOTO,/evidence/MP-MH-2023-0062/photo_612.jpg,Site progress photo,2024-01-29,Field Officer App,sha256:48e029f8fc9a802a801afa54fd5c50e5
MP-MP-2025-0047,PHOTO,/evidence/MP-MP-2025-0047/photo_456.jpg,Site progress photo,2025-04-06,Field Officer App,sha256:b0f750422370d9844885647f04e0d3e3
MP-BHR-2024-0060,PHOTO,/evidence/MP-BHR-2024-0060/photo_447.jpg,Site progress photo,2024-08-18,Field Officer App,sha256:242ce7a3fbc03f98790e1fbf2136d8b5
MP-TEL-2024-0063,PHOTO,/evidence/MP-TEL-2024-0063/photo_381.jpg,Site progress photo,2025-02-02,Field Officer App,sha256:7fa104d53133a9e7047cf1ecaf8ceeab
MP-PUN-2024-0061,PHOTO,/evidence/MP-PUN-2024-0061/photo_844.jpg,Site progress photo,2024-05-13,Field Officer App,sha256:4cac7bbbfb41f9804c2c0407b22729cb
MP-MH-2024-0050,PHOTO,/evidence/MP-MH-2024-0050/photo_512.jpg,Site progress photo,2024-10-04,Field Officer App,sha256:f6fbf2a1be5f45a39ac9f9dd96161c61
MP-BHR-2024-0061,PHOTO,/evidence/MP-BHR-2024-0061/photo_482.jpg,Site progress photo,2024-12-18,Field Officer App,sha256:32462e8e4c401fc6d6f8ef35e4be0fd6
MP-GUJ-2025-0053,PHOTO,/evidence/MP-GUJ-2025-0053/photo_240.jpg,Site progress photo,2025-07-14,Field Officer App,sha256:26323f28e462f577cc80bc25d915d49c
MP-MP-2025-0048,PHOTO,/evidence/MP-MP-2025-0048/photo_133.jpg,Site progress photo,2025-09-17,Field Officer App,sha256:299ee2c3fd67a0de5ac56fb0c44be3f6
MP-TN-2024-0060,PHOTO,/evidence/MP-TN-2024-0060/photo_275.jpg,Site progress photo,2025-02-20,Field Officer App,sha256:2191487b4a23248c1ca19f75ffcacdca
MP-GUJ-2023-0050,PHOTO,/evidence/MP-GUJ-2023-0050/photo_670.jpg,Site progress photo,2023-09-24,Field Officer App,sha256:59a07866bdecc5d5007de45a8674a4ed
MP-GUJ-2022-0044,PHOTO,/evidence/MP-GUJ-2022-0044/photo_174.jpg,Site progress photo,2023-03-19,Field Officer App,sha256:71a2429b8de355a47b64039329e53786
MP-KER-2024-0062,PHOTO,/evidence/MP-KER-2024-0062/photo_513.jpg,Site progress photo,2024-06-23,Field Officer App,sha256:0849716e3ac2780961b9ff754d9c0fe1
MP-DEL-2022-0032,PHOTO,/evidence/MP-DEL-2022-0032/photo_48.jpg,Site progress photo,2023-02-13,Field Officer App,sha256:5cdb83fe0a2e38cc9691f983fd5bf1fb
MP-ODI-2023-0084,PHOTO,/evidence/MP-ODI-2023-0084/photo_574.jpg,Site progress photo,2023-11-16,Field Officer App,sha256:c69eea56286544899513418717316eb2
MP-DEL-2024-0057,PHOTO,/evidence/MP-DEL-2024-0057/photo_772.jpg,Site progress photo,2025-02-11,Field Officer App,sha256:986b8f564d274a63177e4d8ad180f73e
MP-MP-2025-0049,PHOTO,/evidence/MP-MP-2025-0049/photo_601.jpg,Site progress photo,2025-12-23,Field Officer App,sha256:2e768aa1f44519ccaa52280f0700bd36
MP-PUN-2023-0054,PHOTO,/evidence/MP-PUN-2023-0054/photo_159.jpg,Site progress photo,2023-12-26,Field Officer App,sha256:cf7575d9a2659b044a45f7c68340f8cf
MP-DEL-2024-0058,PHOTO,/evidence/MP-DEL-2024-0058/photo_613.jpg,Site progress photo,2024-06-09,Field Officer App,sha256:83e4ebf0af32da2165470f9652ed0afc
MP-MP-2025-0050,PHOTO,/evidence/MP-MP-2025-0050/photo_314.jpg,Site progress photo,2025-06-20,Field Officer App,sha256:d8712f52d10db81f59ec0aeb8dbf9a77
MP-MP-2022-0038,PHOTO,/evidence/MP-MP-2022-0038/photo_975.jpg,Site progress photo,2022-07-14,Field Officer App,sha256:bdac2b9e27c49f119eb6a5927f9069e7
MP-TN-2024-0061,PHOTO,/evidence/MP-TN-2024-0061/photo_510.jpg,Site progress photo,2025-04-29,Field Officer App,sha256:9f7039b19ef23c5d9f2588281b305d7e
MP-GUJ-2024-0055,PHOTO,/evidence/MP-GUJ-2024-0055/photo_479.jpg,Site progress photo,2024-08-14,Field Officer App,sha256:657e502d32926662d473cb562cd4d5d4
MP-KAR-2024-0084,PHOTO,/evidence/MP-KAR-2024-0084/photo_450.jpg,Site progress photo,2025-01-12,Field Officer App,sha256:09a50119b7b59195d91ed89ef5e28499
MP-KER-2023-0064,PHOTO,/evidence/MP-KER-2023-0064/photo_345.jpg,Site progress photo,2023-08-30,Field Officer App,sha256:3869ce5aee9027567e5bee2f1d13edb6
MP-DEL-2024-0059,PHOTO,/evidence/MP-DEL-2024-0059/photo_419.jpg,Site progress photo,2024-12-11,Field Officer App,sha256:678e57e4d6d8b4233ba1aacc3ba9983f
MP-ASM-2024-0073,PHOTO,/evidence/MP-ASM-2024-0073/photo_995.jpg,Site progress photo,2024-06-25,Field Officer App,sha256:88b0b75172e6c9de2739ffd20b24fe81
MP-NAG-2023-0063,PHOTO,/evidence/MP-NAG-2023-0063/photo_503.jpg,Site progress photo,2023-10-01,Field Officer App,sha256:9489f3a7c46c001bc0ea8f258410b12b
MP-ASM-2024-0074,PHOTO,/evidence/MP-ASM-2024-0074/photo_391.jpg,Site progress photo,2025-02-10,Field Officer App,sha256:3c56ceea3a41049f5135aca7d72977a1
MP-PUN-2025-0048,PHOTO,/evidence/MP-PUN-2025-0048/photo_59.jpg,Site progress photo,2025-03-25,Field Officer App,sha256:fd2ce21cc33a92821f008f757e3907ff
MP-DEL-2025-0052,PHOTO,/evidence/MP-DEL-2025-0052/photo_429.jpg,Site progress photo,2026-01-14,Field Officer App,sha256:881268dd6ea6cf55ebd75ab2afaedcbc
MP-GUJ-2022-0045,PHOTO,/evidence/MP-GUJ-2022-0045/photo_508.jpg,Site progress photo,2022-12-03,Field Officer App,sha256:48f3b2aa5f8b9806e0b61dc3534eb72a
MP-PUN-2024-0063,PHOTO,/evidence/MP-PUN-2024-0063/photo_348.jpg,Site progress photo,2025-01-05,Field Officer App,sha256:5cc96efd157d2068c9670fd3e4d5cc4f
MP-ASM-2024-0075,PHOTO,/evidence/MP-ASM-2024-0075/photo_357.jpg,Site progress photo,2025-04-16,Field Officer App,sha256:71b4414ece865fbdafe8436ed8920d31
MP-TEL-2023-0052,PHOTO,/evidence/MP-TEL-2023-0052/photo_847.jpg,Site progress photo,2023-07-19,Field Officer App,sha256:f86cd5f20e1891577afbe9318eb645ef
MP-TEL-2023-0053,PHOTO,/evidence/MP-TEL-2023-0053/photo_903.jpg,Site progress photo,2023-12-09,Field Officer App,sha256:14d0c68493721be34471df5edc178bd7
MP-TN-2024-0062,PHOTO,/evidence/MP-TN-2024-0062/photo_748.jpg,Site progress photo,2024-10-29,Field Officer App,sha256:bafd1790dc635394d3fd066124c8e5a2
MP-ASM-2025-0036,PHOTO,/evidence/MP-ASM-2025-0036/photo_354.jpg,Site progress photo,2025-10-30,Field Officer App,sha256:2465940e41c95301a5c114e9cef22c15
MP-KAR-2024-0085,PHOTO,/evidence/MP-KAR-2024-0085/photo_143.jpg,Site progress photo,2025-02-02,Field Officer App,sha256:84e0fb82acfe726d764c071bee6d6c9c
MP-UP-2025-0038,PHOTO,/evidence/MP-UP-2025-0038/photo_424.jpg,Site progress photo,2025-11-20,Field Officer App,sha256:70ff2968045abb1c529d16b55cd6cec8
MP-RAJ-2023-0052,PHOTO,/evidence/MP-RAJ-2023-0052/photo_279.jpg,Site progress photo,2024-05-28,Field Officer App,sha256:ce7cc677ec78992f1f28b2d35f31bf37
MP-MP-2024-0053,PHOTO,/evidence/MP-MP-2024-0053/photo_168.jpg,Site progress photo,2024-05-10,Field Officer App,sha256:28da340e603928e75062f73c2830e9d3
MP-KER-2023-0066,PHOTO,/evidence/MP-KER-2023-0066/photo_54.jpg,Site progress photo,2023-12-03,Field Officer App,sha256:bd9c173de353aba996d69432e96e5cc6
MP-MP-2023-0061,PHOTO,/evidence/MP-MP-2023-0061/photo_906.jpg,Site progress photo,2023-06-05,Field Officer App,sha256:37095c06e33bfac4ceaa252b24777f81
MP-KER-2022-0045,PHOTO,/evidence/MP-KER-2022-0045/photo_433.jpg,Site progress photo,2022-09-04,Field Officer App,sha256:8e069a35b42a578097a652247f9764d8
MP-MP-2024-0054,PHOTO,/evidence/MP-MP-2024-0054/photo_384.jpg,Site progress photo,2024-06-29,Field Officer App,sha256:d3c0c7a74921adde3c95cafa983a308b
MP-ASM-2024-0077,PHOTO,/evidence/MP-ASM-2024-0077/photo_414.jpg,Site progress photo,2024-05-09,Field Officer App,sha256:f029599b5e3134b9b10c3cddc6b5a0fc
MP-UP-2023-0066,PHOTO,/evidence/MP-UP-2023-0066/photo_202.jpg,Site progress photo,2023-01-24,Field Officer App,sha256:0be8aa5a2ec735d4a0a507a577b06d86
MP-UP-2022-0033,PHOTO,/evidence/MP-UP-2022-0033/photo_838.jpg,Site progress photo,2023-05-26,Field Officer App,sha256:a0a246e2ed75dc2f74802c28056034a1
MP-TN-2025-0038,PHOTO,/evidence/MP-TN-2025-0038/photo_901.jpg,Site progress photo,2025-06-01,Field Officer App,sha256:760cc986454d66179dfe4d5d1bf11526
MP-KER-2023-0067,PHOTO,/evidence/MP-KER-2023-0067/photo_558.jpg,Site progress photo,2023-06-24,Field Officer App,sha256:25811ea08b1916c796eb2c82a72a184d
MP-ODI-2024-0061,PHOTO,/evidence/MP-ODI-2024-0061/photo_994.jpg,Site progress photo,2024-11-10,Field Officer App,sha256:ed65776c6850b8c0d8045ccea3f85ae9
MP-MP-2022-0039,PHOTO,/evidence/MP-MP-2022-0039/photo_347.jpg,Site progress photo,2023-02-13,Field Officer App,sha256:cb865d8c46e70e5112d12ef10bf660da
MP-ASM-2024-0078,PHOTO,/evidence/MP-ASM-2024-0078/photo_795.jpg,Site progress photo,2024-10-02,Field Officer App,sha256:17321928847c3a1f7816e4fb18911694
MP-PUN-2023-0056,PHOTO,/evidence/MP-PUN-2023-0056/photo_816.jpg,Site progress photo,2023-09-10,Field Officer App,sha256:5604e9e242c3e5d5d732c2f7d9e40bbb
MP-TN-2025-0039,PHOTO,/evidence/MP-TN-2025-0039/photo_463.jpg,Site progress photo,2025-09-17,Field Officer App,sha256:8c745da1a1814cb6654321278d98515d
MP-TEL-2022-0031,PHOTO,/evidence/MP-TEL-2022-0031/photo_609.jpg,Site progress photo,2023-03-19,Field Officer App,sha256:d7af19b2333f65238b852a7c5928a744
MP-GUJ-2024-0056,PHOTO,/evidence/MP-GUJ-2024-0056/photo_542.jpg,Site progress photo,2025-01-25,Field Officer App,sha256:746971fe841b33882a8c8ce0323b176c
MP-WB-2024-0062,PHOTO,/evidence/MP-WB-2024-0062/photo_83.jpg,Site progress photo,2024-09-10,Field Officer App,sha256:815296236a5d4285f0bec36bfad992e8
MP-UP-2022-0034,PHOTO,/evidence/MP-UP-2022-0034/photo_709.jpg,Site progress photo,2022-12-07,Field Officer App,sha256:d6c8e8bcc9affc29e96aa5f54c23b7d1
MP-TN-2024-0064,PHOTO,/evidence/MP-TN-2024-0064/photo_300.jpg,Site progress photo,2024-11-07,Field Officer App,sha256:ba54a06a0fe5ea54381db591efeba5d9
MP-WB-2023-0050,PHOTO,/evidence/MP-WB-2023-0050/photo_178.jpg,Site progress photo,2023-11-26,Field Officer App,sha256:6148ee06cb909731dbf3107bcc1a1880
MP-PUN-2024-0064,PHOTO,/evidence/MP-PUN-2024-0064/photo_774.jpg,Site progress photo,2025-03-24,Field Officer App,sha256:851f872db943cc8e919b012d7398c065
MP-BHR-2025-0043,PHOTO,/evidence/MP-BHR-2025-0043/photo_125.jpg,Site progress photo,2025-04-19,Field Officer App,sha256:1c39df5b20bcb6dc6d42ffa8b136e9cb
MP-ASM-2024-0079,PHOTO,/evidence/MP-ASM-2024-0079/photo_64.jpg,Site progress photo,2024-10-06,Field Officer App,sha256:6145f08b7ca6bad31fb97ff8c12fbf83
MP-MH-2022-0034,PHOTO,/evidence/MP-MH-2022-0034/photo_577.jpg,Site progress photo,2022-07-25,Field Officer App,sha256:68824d1c93e40ceb4a50e308d4c9ce33
MP-NAG-2022-0041,PHOTO,/evidence/MP-NAG-2022-0041/photo_605.jpg,Site progress photo,2022-12-12,Field Officer App,sha256:da77791dddbec643ea76bcc0d2043243
MP-TEL-2023-0054,PHOTO,/evidence/MP-TEL-2023-0054/photo_478.jpg,Site progress photo,2023-08-31,Field Officer App,sha256:ed45b54f7120c87996d15802f2d7cb4c
MP-ODI-2023-0085,PHOTO,/evidence/MP-ODI-2023-0085/photo_361.jpg,Site progress photo,2024-03-14,Field Officer App,sha256:ec59a185d1854d884a5a8bc252033473
MP-MP-2023-0062,PHOTO,/evidence/MP-MP-2023-0062/photo_736.jpg,Site progress photo,2024-05-25,Field Officer App,sha256:e900c0ec50e85b4c21b805f20decc9e5
MP-WB-2024-0064,PHOTO,/evidence/MP-WB-2024-0064/photo_391.jpg,Site progress photo,2024-09-23,Field Officer App,sha256:6af8b5455f49cd4859ad540b9ae461cc
MP-DEL-2024-0063,PHOTO,/evidence/MP-DEL-2024-0063/photo_613.jpg,Site progress photo,2024-05-24,Field Officer App,sha256:dc0e6be4917fa72d9c2f3f4bc9f50273
MP-GUJ-2024-0057,PHOTO,/evidence/MP-GUJ-2024-0057/photo_559.jpg,Site progress photo,2024-06-02,Field Officer App,sha256:92dd2cd2be2a81972c091b5681953d5d
MP-KAR-2025-0059,PHOTO,/evidence/MP-KAR-2025-0059/photo_95.jpg,Site progress photo,2025-05-13,Field Officer App,sha256:a22076cf7030d77e8766842d0205e16e
MP-PUN-2025-0050,PHOTO,/evidence/MP-PUN-2025-0050/photo_818.jpg,Site progress photo,2025-08-27,Field Officer App,sha256:11a5acd7e8d1cbca07cd748216725d87
MP-WB-2022-0035,PHOTO,/evidence/MP-WB-2022-0035/photo_579.jpg,Site progress photo,2022-12-22,Field Officer App,sha256:214284db5756555148ee3f6c93eb382f
MP-BHR-2024-0065,PHOTO,/evidence/MP-BHR-2024-0065/photo_154.jpg,Site progress photo,2024-10-04,Field Officer App,sha256:e7ecbddbc4b9c8c88fdc7921bfd15b36
MP-ASM-2025-0038,PHOTO,/evidence/MP-ASM-2025-0038/photo_355.jpg,Site progress photo,2026-02-03,Field Officer App,sha256:88a002387ca1d4a1a34230427a40bdf4
MP-KAR-2023-0075,PHOTO,/evidence/MP-KAR-2023-0075/photo_677.jpg,Site progress photo,2023-10-11,Field Officer App,sha256:2db533b03aad66de78ec72ef8dab2c3d
MP-TEL-2023-0056,PHOTO,/evidence/MP-TEL-2023-0056/photo_294.jpg,Site progress photo,2023-09-18,Field Officer App,sha256:08c124af9b47ed51d93727d056bfabe8
MP-RAJ-2025-0040,PHOTO,/evidence/MP-RAJ-2025-0040/photo_399.jpg,Site progress photo,2025-10-08,Field Officer App,sha256:2a6014b04ef85ecd2de9a4fd9698a8d0
MP-TN-2023-0067,PHOTO,/evidence/MP-TN-2023-0067/photo_684.jpg,Site progress photo,2023-07-14,Field Officer App,sha256:1d0488f316b77983c0e353266c8927f7
MP-TEL-2022-0032,PHOTO,/evidence/MP-TEL-2022-0032/photo_811.jpg,Site progress photo,2022-08-31,Field Officer App,sha256:426751379f963770c83a9c70bc9658f1
MP-GUJ-2024-0058,PHOTO,/evidence/MP-GUJ-2024-0058/photo_984.jpg,Site progress photo,2024-07-18,Field Officer App,sha256:118b55d521dcc6d6149c484b5d7d9c5e
MP-DEL-2024-0065,PHOTO,/evidence/MP-DEL-2024-0065/photo_193.jpg,Site progress photo,2025-02-17,Field Officer App,sha256:ace3f30b73145bbffa3f813b1cc3f096
MP-NAG-2022-0042,PHOTO,/evidence/MP-NAG-2022-0042/photo_75.jpg,Site progress photo,2022-10-27,Field Officer App,sha256:f4aac0160c8a8f28d164b1747a7112e3
MP-ASM-2023-0059,PHOTO,/evidence/MP-ASM-2023-0059/photo_50.jpg,Site progress photo,2023-12-14,Field Officer App,sha256:3c55a1f68cc8220a03462233a474db74
MP-BHR-2024-0066,PHOTO,/evidence/MP-BHR-2024-0066/photo_206.jpg,Site progress photo,2024-07-01,Field Officer App,sha256:ee0071ab583b2f1d78a5774b45c47484
MP-PUN-2023-0058,PHOTO,/evidence/MP-PUN-2023-0058/photo_244.jpg,Site progress photo,2024-01-05,Field Officer App,sha256:6d9b2568a07e3dc6a63de36e0a4bb030
MP-ASM-2024-0081,PHOTO,/evidence/MP-ASM-2024-0081/photo_81.jpg,Site progress photo,2024-06-16,Field Officer App,sha256:5b00d9aeb0ba076cd9ee19404d5d011a
MP-RAJ-2025-0041,PHOTO,/evidence/MP-RAJ-2025-0041/photo_907.jpg,Site progress photo,2025-12-10,Field Officer App,sha256:cbca0da39365a08276f45c0c8d161b9e
MP-UP-2025-0043,PHOTO,/evidence/MP-UP-2025-0043/photo_216.jpg,Site progress photo,2025-10-03,Field Officer App,sha256:1340f99da192b7a22adca6b87e4ca52e
MP-TN-2023-0068,PHOTO,/evidence/MP-TN-2023-0068/photo_892.jpg,Site progress photo,2023-08-18,Field Officer App,sha256:008d950a62530de3beb7b7be4728d182
MP-TN-2025-0040,PHOTO,/evidence/MP-TN-2025-0040/photo_611.jpg,Site progress photo,2025-09-25,Field Officer App,sha256:e4799bf24dd5d3167793bf843ac9ebe3
MP-TN-2024-0065,PHOTO,/evidence/MP-TN-2024-0065/photo_112.jpg,Site progress photo,2025-03-06,Field Officer App,sha256:48eee4db1b6a4f5f52a8389eb82b41f3
MP-TN-2023-0069,PHOTO,/evidence/MP-TN-2023-0069/photo_153.jpg,Site progress photo,2023-09-02,Field Officer App,sha256:d2c080db82a495e922ae88bee1b1df3a
MP-MP-2024-0056,PHOTO,/evidence/MP-MP-2024-0056/photo_774.jpg,Site progress photo,2025-06-26,Field Officer App,sha256:affa84c56b748a2d54b58051039421b7
MP-ASM-2024-0082,PHOTO,/evidence/MP-ASM-2024-0082/photo_996.jpg,Site progress photo,2024-08-20,Field Officer App,sha256:00df4164cfec5361fb7e80cef4609d02
MP-MP-2022-0040,PHOTO,/evidence/MP-MP-2022-0040/photo_202.jpg,Site progress photo,2022-11-07,Field Officer App,sha256:603fdbbb6c1517f347c3632db726be95
MP-RAJ-2023-0055,PHOTO,/evidence/MP-RAJ-2023-0055/photo_977.jpg,Site progress photo,2024-03-04,Field Officer App,sha256:4a324adc8906baea5ed7fde69f2c62e9
MP-PUN-2022-0036,PHOTO,/evidence/MP-PUN-2022-0036/photo_228.jpg,Site progress photo,2022-12-15,Field Officer App,sha256:dbd0040097710a4c6aef9a39b3106a7b
MP-DEL-2025-0054,PHOTO,/evidence/MP-DEL-2025-0054/photo_275.jpg,Site progress photo,2026-01-03,Field Officer App,sha256:3ab7cdb2f2c067eab9221b94706f101a
MP-MP-2025-0051,PHOTO,/evidence/MP-MP-2025-0051/photo_349.jpg,Site progress photo,2025-11-17,Field Officer App,sha256:eb739102e45a9911e2ae9c1a39501d20
MP-MP-2024-0057,PHOTO,/evidence/MP-MP-2024-0057/photo_806.jpg,Site progress photo,2024-05-01,Field Officer App,sha256:0331433440228f610f918e792e1c5850
MP-MH-2025-0053,PHOTO,/evidence/MP-MH-2025-0053/photo_496.jpg,Site progress photo,2025-12-02,Field Officer App,sha256:075babdf9bf914f7e96bebde88629977
MP-ODI-2022-0050,PHOTO,/evidence/MP-ODI-2022-0050/photo_131.jpg,Site progress photo,2023-01-21,Field Officer App,sha256:f106fdd86b3758499aa9bf86157a3c42
MP-TEL-2023-0057,PHOTO,/evidence/MP-TEL-2023-0057/photo_83.jpg,Site progress photo,2023-05-10,Field Officer App,sha256:c711cdbeecdb68f1366db13b8ba64afb
MP-WB-2023-0052,PHOTO,/evidence/MP-WB-2023-0052/photo_394.jpg,Site progress photo,2023-11-18,Field Officer App,sha256:1a5e262eddd1761bff03c56e3b99345d
MP-WB-2022-0036,PHOTO,/evidence/MP-WB-2022-0036/photo_882.jpg,Site progress photo,2022-10-27,Field Officer App,sha256:692907d03dc2dbd5f685694bb763a091
MP-DEL-2024-0067,PHOTO,/evidence/MP-DEL-2024-0067/photo_575.jpg,Site progress photo,2025-02-26,Field Officer App,sha256:bd3f913c01b4b290b388e5d7481aee95
MP-WB-2023-0053,PHOTO,/evidence/MP-WB-2023-0053/photo_5.jpg,Site progress photo,2023-10-31,Field Officer App,sha256:30bc7bfa2cd5e9dba2e004c83c7f10db
MP-UP-2024-0066,PHOTO,/evidence/MP-UP-2024-0066/photo_794.jpg,Site progress photo,2024-10-03,Field Officer App,sha256:af0938da2c04ff4a43b8813d97352046
MP-UP-2022-0036,PHOTO,/evidence/MP-UP-2022-0036/photo_740.jpg,Site progress photo,2022-10-25,Field Officer App,sha256:0a0c63057e1ac439547a9384518c2283
MP-ODI-2023-0087,PHOTO,/evidence/MP-ODI-2023-0087/photo_472.jpg,Site progress photo,2023-11-28,Field Officer App,sha256:98cc69e521df21013a784928d6998bd8
MP-UP-2024-0067,PHOTO,/evidence/MP-UP-2024-0067/photo_52.jpg,Site progress photo,2025-02-05,Field Officer App,sha256:bfbb314762815e1aceb9480b64240906
MP-TEL-2025-0050,PHOTO,/evidence/MP-TEL-2025-0050/photo_142.jpg,Site progress photo,2026-01-21,Field Officer App,sha256:c8e710401d852dc13961301143d17ce6
MP-DEL-2023-0063,PHOTO,/evidence/MP-DEL-2023-0063/photo_956.jpg,Site progress photo,2024-01-15,Field Officer App,sha256:054e72c0a499f91b4c4cd9ec04707113
MP-DEL-2022-0034,PHOTO,/evidence/MP-DEL-2022-0034/photo_627.jpg,Site progress photo,2022-09-27,Field Officer App,sha256:074542cf4eed570281c7dd1cc620843a
MP-MP-2024-0058,PHOTO,/evidence/MP-MP-2024-0058/photo_81.jpg,Site progress photo,2025-03-24,Field Officer App,sha256:0f2daf7e527b0cc310ce92a152d3d854
MP-WB-2022-0037,PHOTO,/evidence/MP-WB-2022-0037/photo_611.jpg,Site progress photo,2023-01-10,Field Officer App,sha256:b99bbd64724a277564e50d16f0f038b5
MP-MP-2024-0059,PHOTO,/evidence/MP-MP-2024-0059/photo_70.jpg,Site progress photo,2024-04-11,Field Officer App,sha256:5248220577d1a949f57a2e4dadd2de58
MP-DEL-2024-0068,PHOTO,/evidence/MP-DEL-2024-0068/photo_715.jpg,Site progress photo,2024-11-09,Field Officer App,sha256:0337e32833b169ef6aaec5630a40da89
MP-MH-2022-0036,PHOTO,/evidence/MP-MH-2022-0036/photo_45.jpg,Site progress photo,2022-11-04,Field Officer App,sha256:1000044e0d173be201c960277d8ea5b3
MP-WB-2022-0038,PHOTO,/evidence/MP-WB-2022-0038/photo_274.jpg,Site progress photo,2023-01-28,Field Officer App,sha256:cd477e52168736f2c0923142fdb0b5a4
MP-UP-2022-0037,PHOTO,/evidence/MP-UP-2022-0037/photo_735.jpg,Site progress photo,2023-05-01,Field Officer App,sha256:d577b47af19da41a4aed5c7eef8897c1
MP-ODI-2024-0063,PHOTO,/evidence/MP-ODI-2024-0063/photo_237.jpg,Site progress photo,2024-08-22,Field Officer App,sha256:36b99a2dc1e621663b7077c6038f2e84
MP-NAG-2024-0050,PHOTO,/evidence/MP-NAG-2024-0050/photo_372.jpg,Site progress photo,2024-08-07,Field Officer App,sha256:7414adbe221b4f08481265f997d83d6c
MP-TEL-2025-0051,PHOTO,/evidence/MP-TEL-2025-0051/photo_697.jpg,Site progress photo,2025-09-11,Field Officer App,sha256:a91999f6d813d0628556a7850e29d1ee
MP-MH-2023-0065,PHOTO,/evidence/MP-MH-2023-0065/photo_647.jpg,Site progress photo,2023-10-03,Field Officer App,sha256:1002a5dbfa65f2cc5612151bfa2940c9
MP-MH-2025-0054,PHOTO,/evidence/MP-MH-2025-0054/photo_58.jpg,Site progress photo,2025-08-31,Field Officer App,sha256:a698c10bd9089c8ec21d40233a509945
MP-BHR-2024-0071,PHOTO,/evidence/MP-BHR-2024-0071/photo_351.jpg,Site progress photo,2025-04-02,Field Officer App,sha256:9626b002d609f9a9d23dcf5eb62930ad
MP-KER-2025-0043,PHOTO,/evidence/MP-KER-2025-0043/photo_580.jpg,Site progress photo,2025-11-05,Field Officer App,sha256:8b3aa392448f5a4a4b0fbfc342ce42b0
MP-NAG-2024-0051,PHOTO,/evidence/MP-NAG-2024-0051/photo_598.jpg,Site progress photo,2025-05-31,Field Officer App,sha256:616113394ac254173cdca1461d3ab533
MP-TEL-2025-0052,PHOTO,/evidence/MP-TEL-2025-0052/photo_562.jpg,Site progress photo,2025-09-18,Field Officer App,sha256:07d363462a7197a6ea78bd467fbb9f2c
MP-KAR-2024-0089,PHOTO,/evidence/MP-KAR-2024-0089/photo_470.jpg,Site progress photo,2025-04-27,Field Officer App,sha256:6c42d3714ad03393c3b3f7a1d2c45011
MP-MP-2024-0060,PHOTO,/evidence/MP-MP-2024-0060/photo_962.jpg,Site progress photo,2025-02-26,Field Officer App,sha256:9d89105d6e701f9badc6dbb2e63b209f
MP-DEL-2025-0056,PHOTO,/evidence/MP-DEL-2025-0056/photo_988.jpg,Site progress photo,2025-10-09,Field Officer App,sha256:8f69329af5f556d1fa268adf67b7b632
MP-MP-2025-0053,PHOTO,/evidence/MP-MP-2025-0053/photo_386.jpg,Site progress photo,2025-06-05,Field Officer App,sha256:7d5ccf8ec80262af7dd0c86b723b2467
MP-TEL-2022-0035,PHOTO,/evidence/MP-TEL-2022-0035/photo_230.jpg,Site progress photo,2022-11-17,Field Officer App,sha256:e75f23fa97c4b641a6970a67b54f19c1
MP-DEL-2024-0069,PHOTO,/evidence/MP-DEL-2024-0069/photo_745.jpg,Site progress photo,2025-03-17,Field Officer App,sha256:637855f31355355150a5d33beeb6c4d8
MP-TEL-2023-0058,PHOTO,/evidence/MP-TEL-2023-0058/photo_288.jpg,Site progress photo,2023-06-14,Field Officer App,sha256:ff6f83dcc600fa165f2743d1a1718a2a
MP-RAJ-2025-0042,PHOTO,/evidence/MP-RAJ-2025-0042/photo_51.jpg,Site progress photo,2025-07-09,Field Officer App,sha256:9cc0c6a2b77a0d6b11419ea33c64630b
MP-MP-2024-0061,PHOTO,/evidence/MP-MP-2024-0061/photo_440.jpg,Site progress photo,2024-05-09,Field Officer App,sha256:2ee7048acd1ef47e2d318e833a708f54
MP-TEL-2023-0059,PHOTO,/evidence/MP-TEL-2023-0059/photo_35.jpg,Site progress photo,2023-10-16,Field Officer App,sha256:f76bc003f199f99ab6f6dfb8a5f021a3
MP-TEL-2025-0053,PHOTO,/evidence/MP-TEL-2025-0053/photo_588.jpg,Site progress photo,2025-09-01,Field Officer App,sha256:c05999389da1888cf2791f9b33e55829
MP-ODI-2022-0053,PHOTO,/evidence/MP-ODI-2022-0053/photo_465.jpg,Site progress photo,2022-09-17,Field Officer App,sha256:1335f85e006c7923933a63cf7d23ec70
MP-GUJ-2025-0056,PHOTO,/evidence/MP-GUJ-2025-0056/photo_483.jpg,Site progress photo,2025-09-06,Field Officer App,sha256:f504eef2cae9f79a8e13a7dedec1d6ad
MP-KER-2025-0044,PHOTO,/evidence/MP-KER-2025-0044/photo_664.jpg,Site progress photo,2025-09-06,Field Officer App,sha256:b938b84f7cdb9867f9adb762b158093e
MP-TN-2023-0071,PHOTO,/evidence/MP-TN-2023-0071/photo_112.jpg,Site progress photo,2023-04-28,Field Officer App,sha256:0055f8af19076a5b14991e14c8a1cab4
MP-RAJ-2024-0063,PHOTO,/evidence/MP-RAJ-2024-0063/photo_449.jpg,Site progress photo,2025-01-26,Field Officer App,sha256:5e7eea273df41ca3f060ea3eedfcfa7e
MP-RAJ-2025-0043,PHOTO,/evidence/MP-RAJ-2025-0043/photo_875.jpg,Site progress photo,2025-09-06,Field Officer App,sha256:1df1e8aa820c69ac11180714d08660e0
MP-RAJ-2025-0044,PHOTO,/evidence/MP-RAJ-2025-0044/photo_901.jpg,Site progress photo,2025-07-14,Field Officer App,sha256:e9c6b92e6aa5db8df733aa90a2849369
MP-WB-2024-0068,PHOTO,/evidence/MP-WB-2024-0068/photo_982.jpg,Site progress photo,2024-06-04,Field Officer App,sha256:500dea20ed95860bcafc3894f600552f
MP-NAG-2024-0052,PHOTO,/evidence/MP-NAG-2024-0052/photo_921.jpg,Site progress photo,2024-09-07,Field Officer App,sha256:52b793e46264962f38d03cc8ebb79e39
MP-KAR-2023-0076,PHOTO,/evidence/MP-KAR-2023-0076/photo_444.jpg,Site progress photo,2024-02-19,Field Officer App,sha256:a3898f530e7f884a98717a9ad947077d
MP-DEL-2024-0071,PHOTO,/evidence/MP-DEL-2024-0071/photo_582.jpg,Site progress photo,2024-07-06,Field Officer App,sha256:c3da79a555e2866d6225364ace8726e6
MP-MH-2025-0055,PHOTO,/evidence/MP-MH-2025-0055/photo_694.jpg,Site progress photo,2025-08-25,Field Officer App,sha256:18a93da0480bccbbe3dd4043edc647c7
MP-ODI-2022-0054,PHOTO,/evidence/MP-ODI-2022-0054/photo_35.jpg,Site progress photo,2023-01-16,Field Officer App,sha256:8ad83b847e128b60a0610cb246d3c35a
MP-TEL-2022-0036,PHOTO,/evidence/MP-TEL-2022-0036/photo_597.jpg,Site progress photo,2022-10-08,Field Officer App,sha256:e3736faccef2371d13943b3ac16f10fa
MP-TEL-2024-0067,PHOTO,/evidence/MP-TEL-2024-0067/photo_162.jpg,Site progress photo,2025-06-07,Field Officer App,sha256:eba0674edd4deee2b973479f16f9c695
MP-ASM-2023-0063,PHOTO,/evidence/MP-ASM-2023-0063/photo_150.jpg,Site progress photo,2023-09-04,Field Officer App,sha256:9a23ceaca2d49abafef8e67f4aac2ff4
MP-NAG-2024-0053,PHOTO,/evidence/MP-NAG-2024-0053/photo_673.jpg,Site progress photo,2024-10-16,Field Officer App,sha256:bf9eb7343a5bc3b51f9a8f71ea590c4e
MP-WB-2022-0040,PHOTO,/evidence/MP-WB-2022-0040/photo_256.jpg,Site progress photo,2023-05-28,Field Officer App,sha256:e46a7189b8ca0702989fe5a68476d344
MP-KAR-2024-0090,PHOTO,/evidence/MP-KAR-2024-0090/photo_360.jpg,Site progress photo,2025-03-10,Field Officer App,sha256:826fa2582539c2c32739c4ddcfed21b1
MP-PUN-2022-0038,PHOTO,/evidence/MP-PUN-2022-0038/photo_561.jpg,Site progress photo,2022-12-20,Field Officer App,sha256:87b3b3def8d1eb240e4adbd4dfc84cf5
MP-UP-2025-0045,PHOTO,/evidence/MP-UP-2025-0045/photo_699.jpg,Site progress photo,2025-03-21,Field Officer App,sha256:f8bd0510e8aabf860b6f04fdf6868198
MP-ASM-2023-0064,PHOTO,/evidence/MP-ASM-2023-0064/photo_266.jpg,Site progress photo,2023-11-22,Field Officer App,sha256:745b200766a19545012dbacd1ddd6c18
MP-TN-2025-0041,PHOTO,/evidence/MP-TN-2025-0041/photo_42.jpg,Site progress photo,2025-07-14,Field Officer App,sha256:f824e9daf23703fd11cf204531649e86
MP-NAG-2023-0068,PHOTO,/evidence/MP-NAG-2023-0068/photo_779.jpg,Site progress photo,2023-03-07,Field Officer App,sha256:f8178c4e9fe9c1f4c68cc80086b065d7
MP-RAJ-2023-0057,PHOTO,/evidence/MP-RAJ-2023-0057/photo_999.jpg,Site progress photo,2024-04-18,Field Officer App,sha256:fc7dec0a7e48b5df3a78200946c26336
MP-BHR-2025-0049,PHOTO,/evidence/MP-BHR-2025-0049/photo_705.jpg,Site progress photo,2025-05-21,Field Officer App,sha256:3bf6ea306e892ed68156b6d9f1805e17
MP-MP-2025-0056,PHOTO,/evidence/MP-MP-2025-0056/photo_79.jpg,Site progress photo,2025-06-10,Field Officer App,sha256:0285832c3a996276a0eaceb03618859d
MP-NAG-2025-0052,PHOTO,/evidence/MP-NAG-2025-0052/photo_664.jpg,Site progress photo,2025-11-04,Field Officer App,sha256:73965ba07fe47ba534b6838a4d46963c
MP-DEL-2025-0058,PHOTO,/evidence/MP-DEL-2025-0058/photo_17.jpg,Site progress photo,2025-05-09,Field Officer App,sha256:5d9ccb4fc5675aa647d6b52e91b819d2
MP-GUJ-2024-0062,PHOTO,/evidence/MP-GUJ-2024-0062/photo_951.jpg,Site progress photo,2024-12-25,Field Officer App,sha256:2712fded182e9773efebaf2af1440e2d
MP-MP-2024-0063,PHOTO,/evidence/MP-MP-2024-0063/photo_334.jpg,Site progress photo,2025-01-01,Field Officer App,sha256:c134ad5316b6637336444aeb4c15b77a
MP-KER-2024-0066,PHOTO,/evidence/MP-KER-2024-0066/photo_901.jpg,Site progress photo,2025-01-21,Field Officer App,sha256:1d9d0f88c2bc8298d4855b563573af10
MP-KER-2024-0067,PHOTO,/evidence/MP-KER-2024-0067/photo_560.jpg,Site progress photo,2024-09-25,Field Officer App,sha256:caef03b59fbabf7368a0f6ab3b84fc58
MP-MP-2023-0064,PHOTO,/evidence/MP-MP-2023-0064/photo_7.jpg,Site progress photo,2024-02-04,Field Officer App,sha256:af7cc1c05087447d6f876cf2f55abfa2
MP-ODI-2024-0065,PHOTO,/evidence/MP-ODI-2024-0065/photo_647.jpg,Site progress photo,2025-05-25,Field Officer App,sha256:291de7dbeab294cdf4811feac91ffc38
MP-TN-2024-0066,PHOTO,/evidence/MP-TN-2024-0066/photo_50.jpg,Site progress photo,2025-01-30,Field Officer App,sha256:ff1685ff6bb8e4e90c0b88e4c1feebd2
MP-WB-2024-0069,PHOTO,/evidence/MP-WB-2024-0069/photo_99.jpg,Site progress photo,2024-03-27,Field Officer App,sha256:b7edaa1d2132436bdf4ecaa374a74787
MP-WB-2024-0070,PHOTO,/evidence/MP-WB-2024-0070/photo_481.jpg,Site progress photo,2024-11-04,Field Officer App,sha256:d926b4be7adcb649223d3fea56a9a503
MP-KAR-2024-0091,PHOTO,/evidence/MP-KAR-2024-0091/photo_462.jpg,Site progress photo,2024-12-02,Field Officer App,sha256:3d58f2a53af2ba05ba23ab8d56839f58
MP-MP-2024-0064,PHOTO,/evidence/MP-MP-2024-0064/photo_274.jpg,Site progress photo,2024-09-15,Field Officer App,sha256:4a0b0d81099028251f27f978c67c667e
MP-DEL-2024-0072,PHOTO,/evidence/MP-DEL-2024-0072/photo_865.jpg,Site progress photo,2025-02-04,Field Officer App,sha256:17506eb270e6111c9e8e8ffe58b95917
MP-MP-2022-0041,PHOTO,/evidence/MP-MP-2022-0041/photo_994.jpg,Site progress photo,2022-08-06,Field Officer App,sha256:7df5ba6784ece660c55d928c2b81dffa
MP-UP-2025-0046,PHOTO,/evidence/MP-UP-2025-0046/photo_700.jpg,Site progress photo,2026-02-08,Field Officer App,sha256:4f089744b425b6ef07f3fff167632d0f
MP-PUN-2023-0060,PHOTO,/evidence/MP-PUN-2023-0060/photo_602.jpg,Site progress photo,2023-10-27,Field Officer App,sha256:e591e9196b4f4ef6a6c769411c794582
MP-MP-2024-0065,PHOTO,/evidence/MP-MP-2024-0065/photo_981.jpg,Site progress photo,2024-06-26,Field Officer App,sha256:e84cd092322940028e640c8d7af26fda
MP-ODI-2022-0055,PHOTO,/evidence/MP-ODI-2022-0055/photo_730.jpg,Site progress photo,2022-12-12,Field Officer App,sha256:c35445ac6ccc999bd2480fabd9079933
MP-GUJ-2024-0063,PHOTO,/evidence/MP-GUJ-2024-0063/photo_538.jpg,Site progress photo,2024-02-13,Field Officer App,sha256:984f15fbe1453c5a1dd58e62a1666407
MP-UP-2024-0068,PHOTO,/evidence/MP-UP-2024-0068/photo_556.jpg,Site progress photo,2024-03-13,Field Officer App,sha256:19c56bd4deb4a8ba66294118396346ab
MP-ODI-2023-0091,PHOTO,/evidence/MP-ODI-2023-0091/photo_383.jpg,Site progress photo,2024-03-02,Field Officer App,sha256:21629bdb3be43260525331c7607751e7
MP-BHR-2025-0050,PHOTO,/evidence/MP-BHR-2025-0050/photo_561.jpg,Site progress photo,2025-06-04,Field Officer App,sha256:4a50960e3c97f543890ee2463bec7efa
MP-MH-2022-0039,PHOTO,/evidence/MP-MH-2022-0039/photo_339.jpg,Site progress photo,2023-05-30,Field Officer App,sha256:241166d0790afc65764ef0ecfbb6d3aa
MP-UP-2023-0071,PHOTO,/evidence/MP-UP-2023-0071/photo_866.jpg,Site progress photo,2023-10-22,Field Officer App,sha256:cf868f03daf2186b9c6c7e4887940bc4
MP-GUJ-2023-0054,PHOTO,/evidence/MP-GUJ-2023-0054/photo_47.jpg,Site progress photo,2023-03-06,Field Officer App,sha256:dffdaf29d7a7776605ceea38aaf1b4a6
MP-UP-2024-0069,PHOTO,/evidence/MP-UP-2024-0069/photo_932.jpg,Site progress photo,2024-08-27,Field Officer App,sha256:fa8afa6af93be478b07ecb73e24b5487
MP-MP-2023-0066,PHOTO,/evidence/MP-MP-2023-0066/photo_545.jpg,Site progress photo,2024-01-21,Field Officer App,sha256:ccd35d073e5ce366bf01acf6dc9bb05d
MP-MP-2025-0057,PHOTO,/evidence/MP-MP-2025-0057/photo_829.jpg,Site progress photo,2025-07-15,Field Officer App,sha256:90e49b61bff0a3dc676642767def72f4
MP-RAJ-2023-0058,PHOTO,/evidence/MP-RAJ-2023-0058/photo_535.jpg,Site progress photo,2023-07-03,Field Officer App,sha256:2e2bfe6d359c742ab0f9b6c43ff3b3d3
MP-MH-2025-0057,PHOTO,/evidence/MP-MH-2025-0057/photo_243.jpg,Site progress photo,2025-11-14,Field Officer App,sha256:130918b3d50fba30ff630e906b8782bf
MP-RAJ-2022-0036,PHOTO,/evidence/MP-RAJ-2022-0036/photo_632.jpg,Site progress photo,2022-11-16,Field Officer App,sha256:185c4e29b247abbea018b5eb2c4e60fd
MP-TN-2023-0074,PHOTO,/evidence/MP-TN-2023-0074/photo_916.jpg,Site progress photo,2023-11-21,Field Officer App,sha256:72547f7a09caec09245f97eedae5ed9b
MP-RAJ-2023-0059,PHOTO,/evidence/MP-RAJ-2023-0059/photo_753.jpg,Site progress photo,2023-12-17,Field Officer App,sha256:45ec9da9667981b6e3b8138fe9ee6645
MP-WB-2024-0071,PHOTO,/evidence/MP-WB-2024-0071/photo_951.jpg,Site progress photo,2024-08-30,Field Officer App,sha256:ce714b74063a89d268f6f114922bae71
MP-KAR-2023-0078,PHOTO,/evidence/MP-KAR-2023-0078/photo_320.jpg,Site progress photo,2024-02-22,Field Officer App,sha256:bda2060b0f6414d04c64cf49952e34b9
MP-GUJ-2025-0059,PHOTO,/evidence/MP-GUJ-2025-0059/photo_34.jpg,Site progress photo,2025-10-07,Field Officer App,sha256:83e1857746d9aa4a6bcf8646fed5cd8d
MP-WB-2025-0053,PHOTO,/evidence/MP-WB-2025-0053/photo_663.jpg,Site progress photo,2025-04-29,Field Officer App,sha256:b184e369a1d7a879b72ffb6b951caeb4
MP-MH-2025-0058,PHOTO,/evidence/MP-MH-2025-0058/photo_143.jpg,Site progress photo,2025-06-30,Field Officer App,sha256:cf6c5c08ebd1471e7d566183808b8d09
MP-ASM-2023-0066,PHOTO,/evidence/MP-ASM-2023-0066/photo_14.jpg,Site progress photo,2023-10-27,Field Officer App,sha256:eaf844159c23e5d3f8f521e1a9f2949f
MP-KER-2025-0046,PHOTO,/evidence/MP-KER-2025-0046/photo_354.jpg,Site progress photo,2025-08-27,Field Officer App,sha256:c4258cf322982755c679b7e9946cf395
MP-TN-2023-0075,PHOTO,/evidence/MP-TN-2023-0075/photo_328.jpg,Site progress photo,2023-12-13,Field Officer App,sha256:8d596f427cb441c91d882cf672504b97
MP-KER-2024-0068,PHOTO,/evidence/MP-KER-2024-0068/photo_213.jpg,Site progress photo,2025-02-24,Field Officer App,sha256:7a2a7fc864f0469e4ff0d58675086a00
MP-BHR-2024-0075,PHOTO,/evidence/MP-BHR-2024-0075/photo_465.jpg,Site progress photo,2024-08-31,Field Officer App,sha256:f45541ab10d84c06611fdd5f142da7c9
MP-ODI-2022-0056,PHOTO,/evidence/MP-ODI-2022-0056/photo_98.jpg,Site progress photo,2022-10-30,Field Officer App,sha256:dad48abf828b7525244afe75f6bca643
MP-NAG-2023-0069,PHOTO,/evidence/MP-NAG-2023-0069/photo_606.jpg,Site progress photo,2023-10-25,Field Officer App,sha256:7f30e70db413c71fb109de5a393216cc
MP-TN-2024-0069,PHOTO,/evidence/MP-TN-2024-0069/photo_685.jpg,Site progress photo,2025-02-03,Field Officer App,sha256:a50e649c4f87f93f1506f8968693a291
MP-WB-2023-0055,PHOTO,/evidence/MP-WB-2023-0055/photo_543.jpg,Site progress photo,2023-12-15,Field Officer App,sha256:b43f31235a5483a20e2bf0549cfe3130
MP-PUN-2023-0061,PHOTO,/evidence/MP-PUN-2023-0061/photo_984.jpg,Site progress photo,2023-12-17,Field Officer App,sha256:ae03b4b837bb513acd96b48e7adbf9b3
MP-UP-2025-0047,PHOTO,/evidence/MP-UP-2025-0047/photo_947.jpg,Site progress photo,2025-08-07,Field Officer App,sha256:559b808f9827c3805ce27ca94d5a659a
MP-TEL-2025-0055,PHOTO,/evidence/MP-TEL-2025-0055/photo_624.jpg,Site progress photo,2025-05-26,Field Officer App,sha256:e1ab179378d9dedd20afae4f95bee82d
MP-KAR-2023-0079,PHOTO,/evidence/MP-KAR-2023-0079/photo_427.jpg,Site progress photo,2023-06-23,Field Officer App,sha256:1519d6bc97930c176026df0dba970b3a
MP-PUN-2025-0054,PHOTO,/evidence/MP-PUN-2025-0054/photo_481.jpg,Site progress photo,2025-04-28,Field Officer App,sha256:5d76c82b03574e37424a8882b81bc592
MP-MP-2023-0067,PHOTO,/evidence/MP-MP-2023-0067/photo_207.jpg,Site progress photo,2023-04-16,Field Officer App,sha256:54f8ffe3a039c942db2dd5c5327cd085
MP-TEL-2024-0070,PHOTO,/evidence/MP-TEL-2024-0070/photo_721.jpg,Site progress photo,2025-05-05,Field Officer App,sha256:d079cb560895a81ca4a3a4a0fabe81e4
MP-MP-2024-0067,PHOTO,/evidence/MP-MP-2024-0067/photo_7.jpg,Site progress photo,2024-12-13,Field Officer App,sha256:18144a731058532e4342a928a452a745
MP-MP-2024-0068,PHOTO,/evidence/MP-MP-2024-0068/photo_931.jpg,Site progress photo,2025-05-07,Field Officer App,sha256:431a04a749f53c2d9835f6a5c990078b
MP-RAJ-2023-0060,PHOTO,/evidence/MP-RAJ-2023-0060/photo_457.jpg,Site progress photo,2024-06-09,Field Officer App,sha256:db252d23131c7f73828c77e6a36347bc
MP-ODI-2025-0043,PHOTO,/evidence/MP-ODI-2025-0043/photo_832.jpg,Site progress photo,2025-10-02,Field Officer App,sha256:647ad66e21a79a9c0970125be11216f8
MP-TN-2025-0042,PHOTO,/evidence/MP-TN-2025-0042/photo_351.jpg,Site progress photo,2025-12-10,Field Officer App,sha256:47823b09ac72f17c110581549ab6ab97
MP-KER-2022-0049,PHOTO,/evidence/MP-KER-2022-0049/photo_384.jpg,Site progress photo,2022-11-03,Field Officer App,sha256:b21a0fc5c637b871a66b8b3fc4a40da2
MP-WB-2022-0041,PHOTO,/evidence/MP-WB-2022-0041/photo_390.jpg,Site progress photo,2022-08-18,Field Officer App,sha256:8c8274e867290642079e01aab8dc2e82
MP-UP-2025-0048,PHOTO,/evidence/MP-UP-2025-0048/photo_770.jpg,Site progress photo,2025-11-25,Field Officer App,sha256:6a49ef7950ce153f36db297a470097eb
MP-TN-2023-0076,PHOTO,/evidence/MP-TN-2023-0076/photo_50.jpg,Site progress photo,2023-10-24,Field Officer App,sha256:522d68d4b7c6ac2357a912a179773863
MP-ODI-2025-0044,PHOTO,/evidence/MP-ODI-2025-0044/photo_547.jpg,Site progress photo,2025-05-23,Field Officer App,sha256:f9aed16d825eb15fc943c8821946dd92
MP-TN-2024-0071,PHOTO,/evidence/MP-TN-2024-0071/photo_231.jpg,Site progress photo,2024-07-30,Field Officer App,sha256:737238feff610a244bb1a917eaf35a74
MP-KER-2025-0047,PHOTO,/evidence/MP-KER-2025-0047/photo_514.jpg,Site progress photo,2025-11-06,Field Officer App,sha256:498352d1ed7db442efcdff64bc0839c1
MP-ASM-2025-0043,PHOTO,/evidence/MP-ASM-2025-0043/photo_791.jpg,Site progress photo,2025-12-09,Field Officer App,sha256:9788b589971ec25ba2c5eae0201ecd34
MP-MP-2022-0042,PHOTO,/evidence/MP-MP-2022-0042/photo_70.jpg,Site progress photo,2023-02-13,Field Officer App,sha256:df3882e7df2104bd3b8f954d40ee5489
MP-NAG-2023-0070,PHOTO,/evidence/MP-NAG-2023-0070/photo_142.jpg,Site progress photo,2023-11-07,Field Officer App,sha256:46e5510a3d986ea3e4e1991d13d99e08
MP-MP-2024-0069,PHOTO,/evidence/MP-MP-2024-0069/photo_474.jpg,Site progress photo,2024-03-08,Field Officer App,sha256:274b125384a81ba770ffd18184174458
MP-KER-2024-0071,PHOTO,/evidence/MP-KER-2024-0071/photo_303.jpg,Site progress photo,2024-11-23,Field Officer App,sha256:1cc8f3465bb4d19f8a50536099d44031
MP-NAG-2023-0071,PHOTO,/evidence/MP-NAG-2023-0071/photo_213.jpg,Site progress photo,2024-03-17,Field Officer App,sha256:9997bb6350e54ddf212ce37f525c34de
MP-BHR-2023-0058,PHOTO,/evidence/MP-BHR-2023-0058/photo_325.jpg,Site progress photo,2024-03-02,Field Officer App,sha256:2ed851384be67bf44b27b0721504ca27
MP-WB-2022-0042,PHOTO,/evidence/MP-WB-2022-0042/photo_414.jpg,Site progress photo,2022-10-11,Field Officer App,sha256:7d863243ba5ccc0c227417b3c86add9d
MP-KAR-2023-0082,PHOTO,/evidence/MP-KAR-2023-0082/photo_569.jpg,Site progress photo,2023-07-31,Field Officer App,sha256:d74fb707e7e48789dd81c3b49a388486
MP-BHR-2023-0059,PHOTO,/evidence/MP-BHR-2023-0059/photo_555.jpg,Site progress photo,2023-06-15,Field Officer App,sha256:2b6557fcf7a95fd5ace625ffbe07cc07
MP-MH-2024-0057,PHOTO,/evidence/MP-MH-2024-0057/photo_247.jpg,Site progress photo,2025-01-23,Field Officer App,sha256:a5a4e50b2cf15c8b4c04ed16337c1d1a
MP-WB-2023-0058,PHOTO,/evidence/MP-WB-2023-0058/photo_954.jpg,Site progress photo,2024-04-29,Field Officer App,sha256:125e7a7af1e8766b12126c5504b371d6
MP-KAR-2023-0083,PHOTO,/evidence/MP-KAR-2023-0083/photo_392.jpg,Site progress photo,2024-03-27,Field Officer App,sha256:7657df0a431bb3c866a482da94e5a990
MP-ASM-2025-0044,PHOTO,/evidence/MP-ASM-2025-0044/photo_808.jpg,Site progress photo,2025-11-05,Field Officer App,sha256:5d6352df9e4b02032baa96b5ab97b6e0
MP-MH-2022-0040,PHOTO,/evidence/MP-MH-2022-0040/photo_193.jpg,Site progress photo,2022-08-21,Field Officer App,sha256:2dc648ebb0763e57e6be25cfc1f91005
MP-MH-2024-0058,PHOTO,/evidence/MP-MH-2024-0058/photo_354.jpg,Site progress photo,2024-07-24,Field Officer App,sha256:1379850898ee51cbe62bdeeda3b0a635
MP-KER-2023-0072,PHOTO,/evidence/MP-KER-2023-0072/photo_738.jpg,Site progress photo,2023-11-28,Field Officer App,sha256:0b13f4037d655aad4b224b914237bf63
MP-ASM-2025-0045,PHOTO,/evidence/MP-ASM-2025-0045/photo_84.jpg,Site progress photo,2025-09-01,Field Officer App,sha256:2e33d9096634d4945eda7d48483f8f7f
MP-KAR-2024-0092,PHOTO,/evidence/MP-KAR-2024-0092/photo_698.jpg,Site progress photo,2025-02-25,Field Officer App,sha256:0b5bebeee390454ed552395e37f22e7e
MP-RAJ-2025-0048,PHOTO,/evidence/MP-RAJ-2025-0048/photo_418.jpg,Site progress photo,2025-12-12,Field Officer App,sha256:dc557e258219b49fa7ef40a34a1d837a
MP-KER-2023-0073,PHOTO,/evidence/MP-KER-2023-0073/photo_568.jpg,Site progress photo,2024-02-04,Field Officer App,sha256:6c3896a64d04601941f13fcbf877892a
MP-BHR-2024-0076,PHOTO,/evidence/MP-BHR-2024-0076/photo_304.jpg,Site progress photo,2024-12-05,Field Officer App,sha256:5961413afe8353091b6bafb1c079f585
MP-BHR-2024-0077,PHOTO,/evidence/MP-BHR-2024-0077/photo_676.jpg,Site progress photo,2024-07-21,Field Officer App,sha256:a0ce6c23a0adaa9c06b170d215292e83
MP-GUJ-2023-0055,PHOTO,/evidence/MP-GUJ-2023-0055/photo_766.jpg,Site progress photo,2023-11-23,Field Officer App,sha256:492f7e1da8722b980391c2e73dcbb8c8
MP-ASM-2023-0069,PHOTO,/evidence/MP-ASM-2023-0069/photo_232.jpg,Site progress photo,2023-09-28,Field Officer App,sha256:994ef26fd7af03b8f933570b2ff23e2e
MP-DEL-2023-0070,PHOTO,/evidence/MP-DEL-2023-0070/photo_88.jpg,Site progress photo,2024-04-03,Field Officer App,sha256:4096ec4bc83f140bfb6b9c6cd2546a7b
MP-DEL-2023-0071,PHOTO,/evidence/MP-DEL-2023-0071/photo_330.jpg,Site progress photo,2023-06-28,Field Officer App,sha256:85ca83e4f6c7e0bb48112002257e3531
MP-ODI-2023-0093,PHOTO,/evidence/MP-ODI-2023-0093/photo_511.jpg,Site progress photo,2023-03-24,Field Officer App,sha256:294e2a9cfb846a11db62401a8cfe97a1
MP-TEL-2024-0071,PHOTO,/evidence/MP-TEL-2024-0071/photo_428.jpg,Site progress photo,2025-01-17,Field Officer App,sha256:307a800c944b487bf9123c9450b220cf
MP-TEL-2024-0072,PHOTO,/evidence/MP-TEL-2024-0072/photo_995.jpg,Site progress photo,2024-07-18,Field Officer App,sha256:55dff05b8518bf884f58b232ff0e06bd
MP-MP-2023-0068,PHOTO,/evidence/MP-MP-2023-0068/photo_361.jpg,Site progress photo,2023-10-21,Field Officer App,sha256:64f4efbcfea441cd608f71285cd44df7
MP-TEL-2024-0073,PHOTO,/evidence/MP-TEL-2024-0073/photo_211.jpg,Site progress photo,2024-06-18,Field Officer App,sha256:a3365cfc4f89a7849537afe77d508629
MP-UP-2022-0039,PHOTO,/evidence/MP-UP-2022-0039/photo_748.jpg,Site progress photo,2022-07-21,Field Officer App,sha256:872b59da5d37aeeb29eb4ad7ca87a358
MP-NAG-2023-0072,PHOTO,/evidence/MP-NAG-2023-0072/photo_855.jpg,Site progress photo,2023-07-29,Field Officer App,sha256:f8d500c78a7bcf24fbaca390cd954cc6
MP-PUN-2022-0039,PHOTO,/evidence/MP-PUN-2022-0039/photo_477.jpg,Site progress photo,2022-11-06,Field Officer App,sha256:f2f15d1c5cbd7e49fdef5f93cf6987a5
MP-TN-2024-0075,PHOTO,/evidence/MP-TN-2024-0075/photo_767.jpg,Site progress photo,2024-10-20,Field Officer App,sha256:976044811827877a29c96e12f583008a
MP-ASM-2023-0070,PHOTO,/evidence/MP-ASM-2023-0070/photo_260.jpg,Site progress photo,2024-03-20,Field Officer App,sha256:aa3a5c97985d3c70b5effdbb13d87dac
MP-ODI-2023-0094,PHOTO,/evidence/MP-ODI-2023-0094/photo_755.jpg,Site progress photo,2023-11-20,Field Officer App,sha256:d162e346653dc3f17b5f5c4f1632450f
MP-TEL-2024-0074,PHOTO,/evidence/MP-TEL-2024-0074/photo_167.jpg,Site progress photo,2024-09-16,Field Officer App,sha256:c32d89ed7e4f305c1eac34f7ad70d537
MP-ASM-2023-0071,PHOTO,/evidence/MP-ASM-2023-0071/photo_776.jpg,Site progress photo,2023-04-18,Field Officer App,sha256:a0367603635747c1089e6883935f471f
MP-MP-2024-0070,PHOTO,/evidence/MP-MP-2024-0070/photo_615.jpg,Site progress photo,2024-10-28,Field Officer App,sha256:4acded8ce63b568f5e740928a52ad38e
MP-DEL-2025-0062,PHOTO,/evidence/MP-DEL-2025-0062/photo_315.jpg,Site progress photo,2025-11-05,Field Officer App,sha256:5103243dc3af5d50f7ad987f2a86673b
MP-ODI-2023-0095,PHOTO,/evidence/MP-ODI-2023-0095/photo_71.jpg,Site progress photo,2023-11-20,Field Officer App,sha256:e4266d3b73d46d1264a2b5a92fc8b937
MP-MP-2023-0069,PHOTO,/evidence/MP-MP-2023-0069/photo_596.jpg,Site progress photo,2024-01-01,Field Officer App,sha256:2f6351bf97cfc098ba03446b1a3a0143
MP-GUJ-2025-0063,PHOTO,/evidence/MP-GUJ-2025-0063/photo_841.jpg,Site progress photo,2025-12-22,Field Officer App,sha256:b670e81597d11b48dfcaf588d3b2b89f
MP-UP-2025-0050,PHOTO,/evidence/MP-UP-2025-0050/photo_48.jpg,Site progress photo,2025-10-22,Field Officer App,sha256:b49ec6dfe97424b574fa3e1570962215
MP-RAJ-2025-0049,PHOTO,/evidence/MP-RAJ-2025-0049/photo_824.jpg,Site progress photo,2025-06-06,Field Officer App,sha256:3ce4749355a1592c85f3cd4724b7e3ad
MP-KAR-2024-0093,PHOTO,/evidence/MP-KAR-2024-0093/photo_50.jpg,Site progress photo,2024-07-25,Field Officer App,sha256:f784745a7976105cf724f6d3119427ef
MP-TEL-2022-0037,PHOTO,/evidence/MP-TEL-2022-0037/photo_803.jpg,Site progress photo,2022-12-08,Field Officer App,sha256:092985b4997c75f8f2df6bf42749b41a
MP-DEL-2022-0035,PHOTO,/evidence/MP-DEL-2022-0035/photo_527.jpg,Site progress photo,2023-02-23,Field Officer App,sha256:d693d7668f38cfac1ed7f82a13612d04
MP-MH-2025-0060,PHOTO,/evidence/MP-MH-2025-0060/photo_152.jpg,Site progress photo,2025-05-27,Field Officer App,sha256:b16a202cdaaf60cc873eed20692ebedb
MP-KER-2023-0074,PHOTO,/evidence/MP-KER-2023-0074/photo_422.jpg,Site progress photo,2023-08-17,Field Officer App,sha256:7e1d71a50bc6d60f83f03dca71108fbc
MP-BHR-2023-0061,PHOTO,/evidence/MP-BHR-2023-0061/photo_87.jpg,Site progress photo,2023-08-17,Field Officer App,sha256:a57a94965bbeab35245e0541ec51e23e
MP-BHR-2023-0062,PHOTO,/evidence/MP-BHR-2023-0062/photo_926.jpg,Site progress photo,2023-12-01,Field Officer App,sha256:d32efa09d999981741b5f1f1a4ea440f
MP-KER-2022-0050,PHOTO,/evidence/MP-KER-2022-0050/photo_564.jpg,Site progress photo,2022-10-14,Field Officer App,sha256:2a47e30a71a32264e8509af1a409b496
MP-ASM-2024-0090,PHOTO,/evidence/MP-ASM-2024-0090/photo_240.jpg,Site progress photo,2024-09-21,Field Officer App,sha256:c30ed987a6f93b074aac6ad930e2e9e8
MP-KAR-2024-0094,PHOTO,/evidence/MP-KAR-2024-0094/photo_447.jpg,Site progress photo,2024-09-13,Field Officer App,sha256:f55c7344d53665e9b1bc1aa5e8b06efa
MP-BHR-2024-0082,PHOTO,/evidence/MP-BHR-2024-0082/photo_176.jpg,Site progress photo,2025-04-12,Field Officer App,sha256:6c74bb847d19f73afd3b667782aeaea5
MP-TN-2023-0079,PHOTO,/evidence/MP-TN-2023-0079/photo_925.jpg,Site progress photo,2023-07-09,Field Officer App,sha256:679241be68080fd09c654cb51b1dee63
MP-KER-2023-0075,PHOTO,/evidence/MP-KER-2023-0075/photo_406.jpg,Site progress photo,2023-09-30,Field Officer App,sha256:40dd0a0d23ac99561a99f01a3ad413ad
MP-TN-2023-0080,PHOTO,/evidence/MP-TN-2023-0080/photo_433.jpg,Site progress photo,2023-09-06,Field Officer App,sha256:8d57c899aacb00212f30951ebcf43d62
MP-DEL-2024-0076,PHOTO,/evidence/MP-DEL-2024-0076/photo_483.jpg,Site progress photo,2025-02-01,Field Officer App,sha256:e66ffe8d7bae7d452694ebada32d94cb
MP-PUN-2023-0063,PHOTO,/evidence/MP-PUN-2023-0063/photo_234.jpg,Site progress photo,2023-07-02,Field Officer App,sha256:a4c01b47552084e38ad021d0fa8e7dd7
MP-TEL-2022-0038,PHOTO,/evidence/MP-TEL-2022-0038/photo_385.jpg,Site progress photo,2022-08-30,Field Officer App,sha256:67e8350c1fc64a2aaf86ce3c6eb01ad2
MP-WB-2023-0059,PHOTO,/evidence/MP-WB-2023-0059/photo_942.jpg,Site progress photo,2023-07-28,Field Officer App,sha256:97525071a7aaf7a96182d9c8a98364a0
MP-KAR-2024-0095,PHOTO,/evidence/MP-KAR-2024-0095/photo_978.jpg,Site progress photo,2025-03-10,Field Officer App,sha256:1e8dd5383cb04ecb0cde4247515a7f25
MP-MP-2023-0070,PHOTO,/evidence/MP-MP-2023-0070/photo_130.jpg,Site progress photo,2023-12-29,Field Officer App,sha256:a431ca93333fa336d6ffe5152d11530d
MP-MH-2022-0042,PHOTO,/evidence/MP-MH-2022-0042/photo_225.jpg,Site progress photo,2023-02-14,Field Officer App,sha256:28e2a5b2e6a62a73245608f3fc9225eb
MP-MP-2023-0071,PHOTO,/evidence/MP-MP-2023-0071/photo_464.jpg,Site progress photo,2024-02-13,Field Officer App,sha256:00f72e19ffcb3dff60bec17ce332a30f
MP-KER-2024-0072,PHOTO,/evidence/MP-KER-2024-0072/photo_773.jpg,Site progress photo,2024-09-08,Field Officer App,sha256:3aa25d90e75b411576ff6decf8c599bb
MP-BHR-2023-0065,PHOTO,/evidence/MP-BHR-2023-0065/photo_499.jpg,Site progress photo,2023-05-24,Field Officer App,sha256:4fbfc054064023e6520559c5c0c43a01
MP-ASM-2024-0091,PHOTO,/evidence/MP-ASM-2024-0091/photo_118.jpg,Site progress photo,2024-12-12,Field Officer App,sha256:360cd2fc4309e9955561b94ddb092131
MP-ASM-2024-0092,PHOTO,/evidence/MP-ASM-2024-0092/photo_266.jpg,Site progress photo,2024-06-29,Field Officer App,sha256:46b02ea91a551562e64735b1490ba625
MP-MP-2024-0071,PHOTO,/evidence/MP-MP-2024-0071/photo_617.jpg,Site progress photo,2024-06-14,Field Officer App,sha256:ab453b52058cdfedd6717cfd512df1bc
MP-PUN-2023-0064,PHOTO,/evidence/MP-PUN-2023-0064/photo_277.jpg,Site progress photo,2024-03-29,Field Officer App,sha256:8247cfed2022368151ee8984260bfa86
MP-MP-2022-0044,PHOTO,/evidence/MP-MP-2022-0044/photo_399.jpg,Site progress photo,2022-09-06,Field Officer App,sha256:666aad0a35fdeb32f518983cf60db54f
MP-ASM-2025-0047,PHOTO,/evidence/MP-ASM-2025-0047/photo_812.jpg,Site progress photo,2025-12-02,Field Officer App,sha256:b127401dbe55eceefada4be701667257
MP-UP-2024-0071,PHOTO,/evidence/MP-UP-2024-0071/photo_649.jpg,Site progress photo,2025-03-16,Field Officer App,sha256:feaadc870873823f64fd621a801314f6
MP-NAG-2025-0053,PHOTO,/evidence/MP-NAG-2025-0053/photo_941.jpg,Site progress photo,2025-12-05,Field Officer App,sha256:e645660ddc6c2f0c325382ed24365214
MP-WB-2023-0060,PHOTO,/evidence/MP-WB-2023-0060/photo_539.jpg,Site progress photo,2023-11-23,Field Officer App,sha256:89e3346d75d537c859a43f12acf6337b
MP-DEL-2025-0063,PHOTO,/evidence/MP-DEL-2025-0063/photo_263.jpg,Site progress photo,2025-05-20,Field Officer App,sha256:012d2f40513e6aee0455964b1d5c445e
MP-WB-2025-0058,PHOTO,/evidence/MP-WB-2025-0058/photo_609.jpg,Site progress photo,2025-06-24,Field Officer App,sha256:b936463a07fee0df7651e4009913e034
MP-DEL-2025-0064,PHOTO,/evidence/MP-DEL-2025-0064/photo_227.jpg,Site progress photo,2025-05-01,Field Officer App,sha256:c0545d867be7c03d49e8874dee272cf2
MP-NAG-2025-0054,PHOTO,/evidence/MP-NAG-2025-0054/photo_81.jpg,Site progress photo,2025-06-05,Field Officer App,sha256:a474fda21a02ec0ed4e240792d321242
MP-UP-2024-0072,PHOTO,/evidence/MP-UP-2024-0072/photo_200.jpg,Site progress photo,2024-12-20,Field Officer App,sha256:0ad4d218f69bf69498d41e0fcc5a5b58
MP-ASM-2025-0048,PHOTO,/evidence/MP-ASM-2025-0048/photo_478.jpg,Site progress photo,2025-02-04,Field Officer App,sha256:987909a017eef1ac16f9c4ab73faad74
MP-DEL-2023-0074,PHOTO,/evidence/MP-DEL-2023-0074/photo_914.jpg,Site progress photo,2024-03-02,Field Officer App,sha256:fced1427fd2f9f533b0e73bfd3d85311
MP-NAG-2023-0075,PHOTO,/evidence/MP-NAG-2023-0075/photo_866.jpg,Site progress photo,2023-07-30,Field Officer App,sha256:d59bdb93756b1e3498ee7cf64df8982c
MP-BHR-2022-0050,PHOTO,/evidence/MP-BHR-2022-0050/photo_991.jpg,Site progress photo,2022-12-26,Field Officer App,sha256:9be6748bc10a4ea17cc7b40383ef81d4
MP-GUJ-2024-0068,PHOTO,/evidence/MP-GUJ-2024-0068/photo_703.jpg,Site progress photo,2024-12-22,Field Officer App,sha256:6a793b13056fbe6fd2912af871171a14
MP-RAJ-2024-0066,PHOTO,/evidence/MP-RAJ-2024-0066/photo_641.jpg,Site progress photo,2024-03-20,Field Officer App,sha256:eb5a67233ec0f939555845dd1340a915
MP-TN-2023-0081,PHOTO,/evidence/MP-TN-2023-0081/photo_947.jpg,Site progress photo,2024-03-30,Field Officer App,sha256:b85aeb26320de14c06a9cfcf2dd4ee95
MP-TEL-2024-0075,PHOTO,/evidence/MP-TEL-2024-0075/photo_761.jpg,Site progress photo,2024-10-08,Field Officer App,sha256:16cc2172c150964a1867a61f0d321c6e
MP-TN-2024-0077,PHOTO,/evidence/MP-TN-2024-0077/photo_868.jpg,Site progress photo,2025-01-08,Field Officer App,sha256:f4ddfd456f00ada2dff63c5579600b50
MP-NAG-2024-0058,PHOTO,/evidence/MP-NAG-2024-0058/photo_561.jpg,Site progress photo,2024-12-19,Field Officer App,sha256:6e61333fe297e9c2f3a8d76a0e9194fc
MP-KER-2023-0078,PHOTO,/evidence/MP-KER-2023-0078/photo_372.jpg,Site progress photo,2024-04-03,Field Officer App,sha256:38bddf7e0a4e632b794cbec626c3b989
MP-KAR-2022-0039,PHOTO,/evidence/MP-KAR-2022-0039/photo_967.jpg,Site progress photo,2022-08-30,Field Officer App,sha256:b1947131cf5a40d400c28427b044292f
MP-TN-2024-0078,PHOTO,/evidence/MP-TN-2024-0078/photo_38.jpg,Site progress photo,2025-05-12,Field Officer App,sha256:30123c4b7af110954905e5eb6d8fb2fb
MP-PUN-2023-0065,PHOTO,/evidence/MP-PUN-2023-0065/photo_131.jpg,Site progress photo,2024-04-25,Field Officer App,sha256:02eda1965c622e82c1a315f1b2b24f93
MP-PUN-2023-0066,PHOTO,/evidence/MP-PUN-2023-0066/photo_432.jpg,Site progress photo,2023-07-16,Field Officer App,sha256:69ff153514debe6227f1ba9bf3db5732
MP-TEL-2023-0063,PHOTO,/evidence/MP-TEL-2023-0063/photo_119.jpg,Site progress photo,2024-02-21,Field Officer App,sha256:da26034351eb41e8e81a0707389b6bb6
MP-ASM-2024-0093,PHOTO,/evidence/MP-ASM-2024-0093/photo_421.jpg,Site progress photo,2024-12-12,Field Officer App,sha256:7142afd65aa2266f6b4ce04d240d8eb3
MP-NAG-2024-0059,PHOTO,/evidence/MP-NAG-2024-0059/photo_433.jpg,Site progress photo,2024-12-21,Field Officer App,sha256:61a6cba8dbbfe9cdd605dc6f6f5c6a9a
MP-DEL-2022-0037,PHOTO,/evidence/MP-DEL-2022-0037/photo_154.jpg,Site progress photo,2022-11-30,Field Officer App,sha256:bbd0496f8b90ed46f2b923e072e25e7f
MP-RAJ-2024-0067,PHOTO,/evidence/MP-RAJ-2024-0067/photo_765.jpg,Site progress photo,2024-10-04,Field Officer App,sha256:e09fc4809e8e9e5e0dc36fa4a0e6e6ee
MP-NAG-2023-0076,PHOTO,/evidence/MP-NAG-2023-0076/photo_836.jpg,Site progress photo,2023-06-06,Field Officer App,sha256:fe0f9231c44a84eb5f716123f5cc1169
MP-MP-2022-0046,PHOTO,/evidence/MP-MP-2022-0046/photo_163.jpg,Site progress photo,2023-02-19,Field Officer App,sha256:869fa03700803152f038b569366dcdea
MP-ODI-2024-0070,PHOTO,/evidence/MP-ODI-2024-0070/photo_983.jpg,Site progress photo,2025-01-15,Field Officer App,sha256:57d1192a81a917e00524b2a42bd6507d
MP-MH-2022-0044,PHOTO,/evidence/MP-MH-2022-0044/photo_160.jpg,Site progress photo,2023-04-30,Field Officer App,sha256:5550df8e568e19722453b04834d8ada5
MP-GUJ-2025-0065,PHOTO,/evidence/MP-GUJ-2025-0065/photo_30.jpg,Site progress photo,2025-05-19,Field Officer App,sha256:fd9b37250df84d1ba18918c84f669223
MP-MH-2024-0060,PHOTO,/evidence/MP-MH-2024-0060/photo_725.jpg,Site progress photo,2025-01-08,Field Officer App,sha256:485496ce77fa32dee26f5a81a76e5245
MP-KER-2022-0051,PHOTO,/evidence/MP-KER-2022-0051/photo_648.jpg,Site progress photo,2023-04-03,Field Officer App,sha256:293dab60126e76f580b250d1c0c035bd
MP-GUJ-2025-0066,PHOTO,/evidence/MP-GUJ-2025-0066/photo_753.jpg,Site progress photo,2025-12-03,Field Officer App,sha256:b9afd397a0b21340257be55d54574a97
MP-GUJ-2023-0059,PHOTO,/evidence/MP-GUJ-2023-0059/photo_927.jpg,Site progress photo,2023-07-30,Field Officer App,sha256:6700f4822ef7f8b71e5d8f9b4c75a27a
MP-DEL-2025-0066,PHOTO,/evidence/MP-DEL-2025-0066/photo_500.jpg,Site progress photo,2025-09-19,Field Officer App,sha256:3f81553cbcc0a215966a2a5a39c6e81b
MP-RAJ-2024-0068,PHOTO,/evidence/MP-RAJ-2024-0068/photo_794.jpg,Site progress photo,2024-08-28,Field Officer App,sha256:6e9b84d059b91b4d574106209a01bbd8
MP-KER-2025-0051,PHOTO,/evidence/MP-KER-2025-0051/photo_928.jpg,Site progress photo,2026-02-12,Field Officer App,sha256:26c14a04973830918b089718574b7b2d
MP-MH-2023-0070,PHOTO,/evidence/MP-MH-2023-0070/photo_523.jpg,Site progress photo,2023-05-07,Field Officer App,sha256:61780c371d394f801d5cc65dee0621d9
MP-MP-2024-0072,PHOTO,/evidence/MP-MP-2024-0072/photo_756.jpg,Site progress photo,2025-03-10,Field Officer App,sha256:a47ac1655abc5406ea90d9abaf22ba7a
MP-ASM-2024-0095,PHOTO,/evidence/MP-ASM-2024-0095/photo_470.jpg,Site progress photo,2024-08-23,Field Officer App,sha256:b2e6dbdd93e906f8ff537bdd69d989e3
MP-GUJ-2025-0067,PHOTO,/evidence/MP-GUJ-2025-0067/photo_518.jpg,Site progress photo,2025-10-24,Field Officer App,sha256:c9f1fcd5ce9f2fb9ce66d0b2d6769a4d
MP-UP-2022-0042,PHOTO,/evidence/MP-UP-2022-0042/photo_332.jpg,Site progress photo,2022-11-19,Field Officer App,sha256:ff8567b4ae7dc19c5746699683f3dbf9
MP-GUJ-2024-0069,PHOTO,/evidence/MP-GUJ-2024-0069/photo_642.jpg,Site progress photo,2024-06-27,Field Officer App,sha256:59fe376c343dff346e5bbb364f2710b9
MP-ASM-2022-0028,PHOTO,/evidence/MP-ASM-2022-0028/photo_554.jpg,Site progress photo,2023-04-25,Field Officer App,sha256:97106d5a2688277252c77360cbf07f64
MP-RAJ-2025-0051,PHOTO,/evidence/MP-RAJ-2025-0051/photo_940.jpg,Site progress photo,2025-09-24,Field Officer App,sha256:2ed53e8cadc200c14b0ea983e607071d
MP-BHR-2024-0087,PHOTO,/evidence/MP-BHR-2024-0087/photo_523.jpg,Site progress photo,2024-11-02,Field Officer App,sha256:5139cd037c0ad545f361b19e6e335c6b
MP-GUJ-2022-0051,PHOTO,/evidence/MP-GUJ-2022-0051/photo_932.jpg,Site progress photo,2023-03-24,Field Officer App,sha256:155a0ffac574cf36f89b8ad0a653570e
MP-RAJ-2024-0070,PHOTO,/evidence/MP-RAJ-2024-0070/photo_879.jpg,Site progress photo,2024-09-21,Field Officer App,sha256:909cd531cf6ea550a43e3529efdd52d0
MP-GUJ-2023-0061,PHOTO,/evidence/MP-GUJ-2023-0061/photo_688.jpg,Site progress photo,2023-03-21,Field Officer App,sha256:0cf71f7d58d8d5bf5caf4669eb94d0af
MP-WB-2022-0045,PHOTO,/evidence/MP-WB-2022-0045/photo_174.jpg,Site progress photo,2023-04-04,Field Officer App,sha256:b6b9a8c5c3f671ffde234318d0ae3c59
MP-BHR-2023-0066,PHOTO,/evidence/MP-BHR-2023-0066/photo_784.jpg,Site progress photo,2023-12-14,Field Officer App,sha256:581cb21bdf58fcaa0d04b3e4331d9044
MP-WB-2025-0059,PHOTO,/evidence/MP-WB-2025-0059/photo_216.jpg,Site progress photo,2025-07-17,Field Officer App,sha256:392e49642fe8390dc9d6eac476d0265f
MP-GUJ-2024-0071,PHOTO,/evidence/MP-GUJ-2024-0071/photo_474.jpg,Site progress photo,2024-11-21,Field Officer App,sha256:8193b920450778a069d1d55b3e374e72
MP-MP-2024-0073,PHOTO,/evidence/MP-MP-2024-0073/photo_848.jpg,Site progress photo,2024-04-03,Field Officer App,sha256:a000ca3657254b3872a4608bf469dd57
MP-KER-2024-0074,PHOTO,/evidence/MP-KER-2024-0074/photo_86.jpg,Site progress photo,2025-05-26,Field Officer App,sha256:7ec93d00fc51443e8c38cb4a57f67788
MP-ODI-2024-0071,PHOTO,/evidence/MP-ODI-2024-0071/photo_697.jpg,Site progress photo,2024-07-12,Field Officer App,sha256:8220041ce41776464f82121d5ddb047a
MP-MH-2024-0061,PHOTO,/evidence/MP-MH-2024-0061/photo_965.jpg,Site progress photo,2024-11-18,Field Officer App,sha256:1a00ef95aeffbbe1c8a06f306efc6b29
MP-DEL-2025-0068,PHOTO,/evidence/MP-DEL-2025-0068/photo_837.jpg,Site progress photo,2025-07-19,Field Officer App,sha256:df948cfe71259abe50762f5b772103ce
MP-TEL-2023-0064,PHOTO,/evidence/MP-TEL-2023-0064/photo_5.jpg,Site progress photo,2023-12-11,Field Officer App,sha256:92cb98574867d014845cc8d73c41e816
MP-DEL-2023-0076,PHOTO,/evidence/MP-DEL-2023-0076/photo_73.jpg,Site progress photo,2024-04-23,Field Officer App,sha256:1ca5d34c86aa299bb063b58e366d0087
MP-NAG-2022-0047,PHOTO,/evidence/MP-NAG-2022-0047/photo_777.jpg,Site progress photo,2022-12-20,Field Officer App,sha256:15c9f582abc71b92cdae8dd71b2ca452
MP-TEL-2024-0076,PHOTO,/evidence/MP-TEL-2024-0076/photo_327.jpg,Site progress photo,2024-04-01,Field Officer App,sha256:a0ad2ab72c3fb2f3e3cb71fa7cf18881
MP-UP-2025-0052,PHOTO,/evidence/MP-UP-2025-0052/photo_8.jpg,Site progress photo,2025-10-29,Field Officer App,sha256:2e7c142f48f4da73eb76bd084f569583
MP-RAJ-2025-0052,PHOTO,/evidence/MP-RAJ-2025-0052/photo_737.jpg,Site progress photo,2025-08-26,Field Officer App,sha256:542f36e08d2b89a778410c733dafd381
MP-BHR-2023-0067,PHOTO,/evidence/MP-BHR-2023-0067/photo_676.jpg,Site progress photo,2023-07-18,Field Officer App,sha256:264f1f3f2cfe343ee381f0ee315f90b6
MP-MH-2022-0046,PHOTO,/evidence/MP-MH-2022-0046/photo_161.jpg,Site progress photo,2024-08-03,Field Officer App,sha256:74a08645db989b47fd0def80299ab02e
MP-ASM-2022-0029,PHOTO,/evidence/MP-ASM-2022-0029/photo_311.jpg,Site progress photo,2023-02-23,Field Officer App,sha256:afa0e9a43e352d980069ad0f6a457195
MP-KER-2024-0075,PHOTO,/evidence/MP-KER-2024-0075/photo_790.jpg,Site progress photo,2024-11-04,Field Officer App,sha256:649080ab31b69e9cd223eeaa774737b6
MP-TEL-2024-0077,PHOTO,/evidence/MP-TEL-2024-0077/photo_410.jpg,Site progress photo,2024-10-10,Field Officer App,sha256:bb914632414b7e959f44387a6eb07b17
MP-KER-2025-0053,PHOTO,/evidence/MP-KER-2025-0053/photo_505.jpg,Site progress photo,2026-02-06,Field Officer App,sha256:34a42ff6a6d6e99ef5f1986ba45a19e5
MP-KAR-2022-0040,PHOTO,/evidence/MP-KAR-2022-0040/photo_779.jpg,Site progress photo,2023-02-19,Field Officer App,sha256:e0d0ae584d0dbf759e298262956fff33
MP-WB-2022-0046,PHOTO,/evidence/MP-WB-2022-0046/photo_438.jpg,Site progress photo,2025-09-27,Field Officer App,sha256:f375d52a0e9a1fce52d86021701db197
MP-WB-2024-0074,PHOTO,/evidence/MP-WB-2024-0074/photo_19.jpg,Site progress photo,2024-07-05,Field Officer App,sha256:fabaab3cf629c6c71071c60581489e47
MP-KAR-2024-0096,PHOTO,/evidence/MP-KAR-2024-0096/photo_867.jpg,Site progress photo,2024-12-09,Field Officer App,sha256:cf91d6baa4ee71fb79ec2b3ab19fc0e2
MP-NAG-2024-0060,PHOTO,/evidence/MP-NAG-2024-0060/photo_924.jpg,Site progress photo,2025-03-10,Field Officer App,sha256:5ea79a14e094c22bd51ad45900c91ab0
MP-TN-2024-0080,PHOTO,/evidence/MP-TN-2024-0080/photo_392.jpg,Site progress photo,2025-04-03,Field Officer App,sha256:4c5fa980784ec5457aca289e2d2327e8
MP-MH-2023-0073,PHOTO,/evidence/MP-MH-2023-0073/photo_914.jpg,Site progress photo,2023-03-01,Field Officer App,sha256:7188505e65b148b33c9c14add85b49b3
MP-MP-2022-0047,PHOTO,/evidence/MP-MP-2022-0047/photo_344.jpg,Site progress photo,2022-10-24,Field Officer App,sha256:023e20e516d41973cf7e8a3d75a37480
MP-MH-2024-0062,PHOTO,/evidence/MP-MH-2024-0062/photo_76.jpg,Site progress photo,2024-05-29,Field Officer App,sha256:01006ae5b289c58d4e95fef0c2eda28a
MP-MP-2025-0062,PHOTO,/evidence/MP-MP-2025-0062/photo_493.jpg,Site progress photo,2025-09-05,Field Officer App,sha256:fe721a141a5616b0b0851e718d4df570
MP-MH-2024-0063,PHOTO,/evidence/MP-MH-2024-0063/photo_716.jpg,Site progress photo,2025-01-24,Field Officer App,sha256:bf01215b5b33e763f1be177aeb8d3aca
MP-TEL-2024-0079,PHOTO,/evidence/MP-TEL-2024-0079/photo_980.jpg,Site progress photo,2024-10-02,Field Officer App,sha256:197671e91cbc2fd5912cb35ad0509c28
MP-RAJ-2025-0054,PHOTO,/evidence/MP-RAJ-2025-0054/photo_518.jpg,Site progress photo,2026-02-18,Field Officer App,sha256:db2eccb6e761e22441585134e80b2410
MP-PUN-2025-0057,PHOTO,/evidence/MP-PUN-2025-0057/photo_161.jpg,Site progress photo,2025-03-31,Field Officer App,sha256:6a402c0743f1774da08e1f5b130a191a
MP-WB-2024-0076,PHOTO,/evidence/MP-WB-2024-0076/photo_143.jpg,Site progress photo,2024-04-26,Field Officer App,sha256:8a394871aad57c1fdf067f8448122ab0
MP-NAG-2024-0061,PHOTO,/evidence/MP-NAG-2024-0061/photo_938.jpg,Site progress photo,2025-04-17,Field Officer App,sha256:99b2d087d0f75e37cdf4bbf924d6840d
MP-MP-2024-0075,PHOTO,/evidence/MP-MP-2024-0075/photo_782.jpg,Site progress photo,2025-01-16,Field Officer App,sha256:3c4a3fab7df81763a165f3ed76a25a8e
MP-RAJ-2023-0063,PHOTO,/evidence/MP-RAJ-2023-0063/photo_221.jpg,Site progress photo,2023-02-12,Field Officer App,sha256:ec746b369d19e7d420549137e92fbf13
MP-WB-2023-0064,PHOTO,/evidence/MP-WB-2023-0064/photo_135.jpg,Site progress photo,2023-12-17,Field Officer App,sha256:44456e8853dcc8d7db01a23af8fdb904
MP-MH-2023-0075,PHOTO,/evidence/MP-MH-2023-0075/photo_749.jpg,Site progress photo,2024-01-06,Field Officer App,sha256:3bc1368fdb64724976cffa7e17e87012
MP-MH-2023-0076,PHOTO,/evidence/MP-MH-2023-0076/photo_902.jpg,Site progress photo,2024-05-05,Field Officer App,sha256:25638817371cdcab2f66fd3fd0ed704a
MP-UP-2024-0075,PHOTO,/evidence/MP-UP-2024-0075/photo_255.jpg,Site progress photo,2024-12-26,Field Officer App,sha256:b660565f2175eba7ff304cade831a49d
MP-TN-2025-0045,PHOTO,/evidence/MP-TN-2025-0045/photo_522.jpg,Site progress photo,2025-03-22,Field Officer App,sha256:7df2b8b0b2c0735a8f6cf1a67844de32
MP-TN-2022-0034,PHOTO,/evidence/MP-TN-2022-0034/photo_950.jpg,Site progress photo,2023-05-21,Field Officer App,sha256:1b224d5f51b017a660d6c0d963f03ec5
MP-UP-2024-0077,PHOTO,/evidence/MP-UP-2024-0077/photo_663.jpg,Site progress photo,2024-12-04,Field Officer App,sha256:8a6685bd4f180959898652450ed5b224
MP-BHR-2024-0088,PHOTO,/evidence/MP-BHR-2024-0088/photo_638.jpg,Site progress photo,2024-06-13,Field Officer App,sha256:3145d155a6bcac763876059ca1ce4b50
MP-MH-2024-0064,PHOTO,/evidence/MP-MH-2024-0064/photo_124.jpg,Site progress photo,2024-10-13,Field Officer App,sha256:f25f11525a9fa603220d9e8c8d4fd49b
MP-ODI-2023-0101,PHOTO,/evidence/MP-ODI-2023-0101/photo_183.jpg,Site progress photo,2024-04-18,Field Officer App,sha256:6261db515c10a24d2d1073d0e1e573c7
MP-DEL-2022-0039,PHOTO,/evidence/MP-DEL-2022-0039/photo_261.jpg,Site progress photo,2022-12-16,Field Officer App,sha256:455e6b36109bcd7735c97c5d87ecb0b2
MP-UP-2022-0043,PHOTO,/evidence/MP-UP-2022-0043/photo_747.jpg,Site progress photo,2022-09-05,Field Officer App,sha256:676c9d8430786dc95deac6c55383250a
MP-UP-2022-0044,PHOTO,/evidence/MP-UP-2022-0044/photo_761.jpg,Site progress photo,2022-12-25,Field Officer App,sha256:7756e3a0d7b910fe33f71caf469734b9
MP-MH-2023-0078,PHOTO,/evidence/MP-MH-2023-0078/photo_198.jpg,Site progress photo,2023-11-22,Field Officer App,sha256:283c0d835d2190b749a544f62f0ddf82
MP-GUJ-2024-0072,PHOTO,/evidence/MP-GUJ-2024-0072/photo_432.jpg,Site progress photo,2024-07-08,Field Officer App,sha256:3e28c3f3f835c68beed760fa71c2c256
MP-TEL-2023-0065,PHOTO,/evidence/MP-TEL-2023-0065/photo_56.jpg,Site progress photo,2023-11-08,Field Officer App,sha256:189c2fdbac9a4ff11bfd6ba1fa811f6f
MP-WB-2023-0065,PHOTO,/evidence/MP-WB-2023-0065/photo_432.jpg,Site progress photo,2023-04-03,Field Officer App,sha256:cd0c5e136faf9a78c1a976694d113fb2
MP-MH-2025-0062,PHOTO,/evidence/MP-MH-2025-0062/photo_762.jpg,Site progress photo,2025-05-11,Field Officer App,sha256:02bc771967f593d277d6585d4c9c48dd
MP-GUJ-2024-0073,PHOTO,/evidence/MP-GUJ-2024-0073/photo_184.jpg,Site progress photo,2024-08-23,Field Officer App,sha256:bb4245886b61a8d0ca07a778079d8e2e
MP-GUJ-2024-0074,PHOTO,/evidence/MP-GUJ-2024-0074/photo_39.jpg,Site progress photo,2024-06-18,Field Officer App,sha256:5b2be6ea8a2dd923f5248bb8d4cf7464
MP-TEL-2023-0066,PHOTO,/evidence/MP-TEL-2023-0066/photo_977.jpg,Site progress photo,2023-12-07,Field Officer App,sha256:1d05e8a9f20273cbb49f961651aabbc4
MP-GUJ-2023-0065,PHOTO,/evidence/MP-GUJ-2023-0065/photo_358.jpg,Site progress photo,2023-10-18,Field Officer App,sha256:90d9923a68ce793caa7bb1018bbf6265
MP-MH-2023-0079,PHOTO,/evidence/MP-MH-2023-0079/photo_775.jpg,Site progress photo,2023-08-19,Field Officer App,sha256:cfe926767d8b507fe7c6f9703a5a0e57
MP-UP-2023-0077,PHOTO,/evidence/MP-UP-2023-0077/photo_297.jpg,Site progress photo,2024-01-06,Field Officer App,sha256:d6681f6e946860b3e951fe7407bac742
MP-GUJ-2024-0075,PHOTO,/evidence/MP-GUJ-2024-0075/photo_806.jpg,Site progress photo,2025-03-20,Field Officer App,sha256:c12bfad2069becd90f83d0feaf2c2dd2
MP-UP-2024-0078,PHOTO,/evidence/MP-UP-2024-0078/photo_126.jpg,Site progress photo,2024-10-13,Field Officer App,sha256:55ff59a99b9782837cf0456e499dd342
MP-ASM-2023-0075,PHOTO,/evidence/MP-ASM-2023-0075/photo_603.jpg,Site progress photo,2023-05-26,Field Officer App,sha256:d01c68419dcd5822ffed8166fc67faf8
MP-DEL-2024-0078,PHOTO,/evidence/MP-DEL-2024-0078/photo_394.jpg,Site progress photo,2024-07-21,Field Officer App,sha256:bbc522b9f524c4bfce0af6dfe0fbe442
MP-KAR-2025-0063,PHOTO,/evidence/MP-KAR-2025-0063/photo_981.jpg,Site progress photo,2025-08-04,Field Officer App,sha256:1c48e65c2dde8ae7e49447e47a252721
MP-RAJ-2024-0073,PHOTO,/evidence/MP-RAJ-2024-0073/photo_135.jpg,Site progress photo,2025-02-06,Field Officer App,sha256:836ff32d5ad2b00c9b9ea6884678df63
MP-PUN-2023-0070,PHOTO,/evidence/MP-PUN-2023-0070/photo_75.jpg,Site progress photo,2024-03-09,Field Officer App,sha256:103c0da32c09d7becd951dce000e74c2
MP-DEL-2024-0079,PHOTO,/evidence/MP-DEL-2024-0079/photo_801.jpg,Site progress photo,2024-07-31,Field Officer App,sha256:c94cd7764448d431af0ba74eaaa47de0
MP-UP-2023-0078,PHOTO,/evidence/MP-UP-2023-0078/photo_989.jpg,Site progress photo,2024-03-15,Field Officer App,sha256:5bf3f2d6ccbd28a8d1b5e483abee6784
MP-MP-2023-0076,PHOTO,/evidence/MP-MP-2023-0076/photo_950.jpg,Site progress photo,2024-01-30,Field Officer App,sha256:e44c10833a13abc828c82e7294cc0a5e
MP-UP-2025-0054,PHOTO,/evidence/MP-UP-2025-0054/photo_866.jpg,Site progress photo,2025-11-29,Field Officer App,sha256:242f285c2dda8812323613fe8086f7a9
MP-MH-2024-0065,PHOTO,/evidence/MP-MH-2024-0065/photo_648.jpg,Site progress photo,2024-04-07,Field Officer App,sha256:9816065f340a0096e514f032903687fb
MP-WB-2025-0064,PHOTO,/evidence/MP-WB-2025-0064/photo_537.jpg,Site progress photo,2026-03-23,Field Officer App,sha256:5f0b657d09e2681d40e25d72b3577f0e
MP-DEL-2022-0040,PHOTO,/evidence/MP-DEL-2022-0040/photo_947.jpg,Site progress photo,2022-11-22,Field Officer App,sha256:ff8ab6991f1fcfe874a3e5d601c3572d
MP-BHR-2023-0069,PHOTO,/evidence/MP-BHR-2023-0069/photo_84.jpg,Site progress photo,2024-06-16,Field Officer App,sha256:bf1de5b6259fb7aa86a8c09ab89c84e1
MP-ASM-2023-0076,PHOTO,/evidence/MP-ASM-2023-0076/photo_790.jpg,Site progress photo,2023-12-20,Field Officer App,sha256:b1f49aee1a748266840ccede25a43c8d
MP-TN-2022-0035,PHOTO,/evidence/MP-TN-2022-0035/photo_181.jpg,Site progress photo,2023-04-22,Field Officer App,sha256:f6705bbe9a7336766a138cd858561308
MP-KAR-2022-0041,PHOTO,/evidence/MP-KAR-2022-0041/photo_56.jpg,Site progress photo,2023-05-01,Field Officer App,sha256:5b9b31a1ad9feb7c5731701fd1f8cd04
MP-WB-2024-0078,PHOTO,/evidence/MP-WB-2024-0078/photo_884.jpg,Site progress photo,2025-06-28,Field Officer App,sha256:310261215cf052c472d9f5f34929dc1b
MP-TEL-2024-0080,PHOTO,/evidence/MP-TEL-2024-0080/photo_877.jpg,Site progress photo,2024-09-05,Field Officer App,sha256:9591e6cf85f5ba9798003cdccfedb958
MP-UP-2024-0079,PHOTO,/evidence/MP-UP-2024-0079/photo_768.jpg,Site progress photo,2023-10-26,Field Officer App,sha256:9d237faa86398bc674688442d18110ea
MP-KAR-2024-0097,PHOTO,/evidence/MP-KAR-2024-0097/photo_152.jpg,Site progress photo,2024-10-04,Field Officer App,sha256:787e0bc2c44d2d2c84d6b85f369787f4
MP-ODI-2023-0103,PHOTO,/evidence/MP-ODI-2023-0103/photo_68.jpg,Site progress photo,2023-12-13,Field Officer App,sha256:7f1e82c51f7ad9f8710653d8c42a7e15
MP-PUN-2022-0040,PHOTO,/evidence/MP-PUN-2022-0040/photo_551.jpg,Site progress photo,2022-06-30,Field Officer App,sha256:d432500125689d155735517ce2742b85
MP-KER-2025-0054,PHOTO,/evidence/MP-KER-2025-0054/photo_483.jpg,Site progress photo,2026-01-20,Field Officer App,sha256:c32b6c139330f01549d6b6af0d140c79
MP-NAG-2023-0079,PHOTO,/evidence/MP-NAG-2023-0079/photo_519.jpg,Site progress photo,2024-06-06,Field Officer App,sha256:f976a7fb19eb4d12ac323bb0be1fa097
MP-NAG-2023-0080,PHOTO,/evidence/MP-NAG-2023-0080/photo_339.jpg,Site progress photo,2023-04-01,Field Officer App,sha256:e68acbfb06e73ceee171a2efb0e30c7e
MP-TN-2025-0046,PHOTO,/evidence/MP-TN-2025-0046/photo_478.jpg,Site progress photo,2025-06-24,Field Officer App,sha256:283425aa3cdf47f82f21547801ad095e
MP-ASM-2023-0078,PHOTO,/evidence/MP-ASM-2023-0078/photo_529.jpg,Site progress photo,2023-03-16,Field Officer App,sha256:5f7d636e4f8cd82a9375858d4f0929be
MP-KAR-2022-0042,PHOTO,/evidence/MP-KAR-2022-0042/photo_901.jpg,Site progress photo,2023-04-05,Field Officer App,sha256:09ea85d012216d5cbda0db3ff72f213b
MP-TEL-2022-0042,PHOTO,/evidence/MP-TEL-2022-0042/photo_61.jpg,Site progress photo,2023-03-23,Field Officer App,sha256:1e50602df2c27a9d17e76b36db0336a4
MP-KER-2023-0081,PHOTO,/evidence/MP-KER-2023-0081/photo_149.jpg,Site progress photo,2023-08-27,Field Officer App,sha256:3b1b26d163a6b05b13f6a126e1cbb9db
MP-KAR-2023-0088,PHOTO,/evidence/MP-KAR-2023-0088/photo_916.jpg,Site progress photo,2023-10-09,Field Officer App,sha256:60d1f0db8dfe89a99196a40e7f35d079
MP-WB-2024-0079,PHOTO,/evidence/MP-WB-2024-0079/photo_8.jpg,Site progress photo,2024-08-11,Field Officer App,sha256:361dbe6d1d96990718c01ee9badf177f
MP-ASM-2023-0079,PHOTO,/evidence/MP-ASM-2023-0079/photo_858.jpg,Site progress photo,2024-02-12,Field Officer App,sha256:a3bb663c29bbf75723461e3558c68dbf
MP-TEL-2024-0082,PHOTO,/evidence/MP-TEL-2024-0082/photo_643.jpg,Site progress photo,2025-03-28,Field Officer App,sha256:8e3140b73607cdca2c6c71ebe26255eb
MP-KAR-2025-0064,PHOTO,/evidence/MP-KAR-2025-0064/photo_580.jpg,Site progress photo,2025-11-04,Field Officer App,sha256:7a423774ca46429d05161cdce01f4ea7
MP-UP-2022-0045,PHOTO,/evidence/MP-UP-2022-0045/photo_434.jpg,Site progress photo,2022-11-03,Field Officer App,sha256:8dc1ce70ffbcdf22fae5f26e098166ed
MP-MP-2023-0077,PHOTO,/evidence/MP-MP-2023-0077/photo_477.jpg,Site progress photo,2023-05-29,Field Officer App,sha256:aa76f76f26b92597b275cca58b00283a
MP-ASM-2025-0051,PHOTO,/evidence/MP-ASM-2025-0051/photo_415.jpg,Site progress photo,2025-10-14,Field Officer App,sha256:8ff7001c3fc8481a32d27beb8f09523c
MP-TEL-2023-0068,PHOTO,/evidence/MP-TEL-2023-0068/photo_132.jpg,Site progress photo,2024-02-26,Field Officer App,sha256:c1c0f88ae13b18685025c31b941ca075
MP-TEL-2022-0043,PHOTO,/evidence/MP-TEL-2022-0043/photo_770.jpg,Site progress photo,2023-04-10,Field Officer App,sha256:abe4bc9780458665150f2fff56e9d58e
MP-KAR-2024-0098,PHOTO,/evidence/MP-KAR-2024-0098/photo_1.jpg,Site progress photo,2025-04-29,Field Officer App,sha256:ad3b4ffe80b38e7430f91a29abe9cce3
MP-KAR-2024-0099,PHOTO,/evidence/MP-KAR-2024-0099/photo_969.jpg,Site progress photo,2024-07-11,Field Officer App,sha256:57bf39f089190256479e2c25fdf8ebc4
MP-PUN-2023-0073,PHOTO,/evidence/MP-PUN-2023-0073/photo_245.jpg,Site progress photo,2024-01-01,Field Officer App,sha256:221e87c5da2f6a90271388974e2b4de2
MP-ODI-2023-0104,PHOTO,/evidence/MP-ODI-2023-0104/photo_614.jpg,Site progress photo,2024-01-21,Field Officer App,sha256:b64a1977af4d1575d463bcdab7ddc2e0
MP-BHR-2023-0073,PHOTO,/evidence/MP-BHR-2023-0073/photo_438.jpg,Site progress photo,2023-05-18,Field Officer App,sha256:4c3e0c7c0171523ee92c70f3f7a71738
MP-MH-2023-0080,PHOTO,/evidence/MP-MH-2023-0080/photo_509.jpg,Site progress photo,2023-09-14,Field Officer App,sha256:9f9e4ee96a6d921782aa02a53112181e
MP-RAJ-2023-0064,PHOTO,/evidence/MP-RAJ-2023-0064/photo_888.jpg,Site progress photo,2024-03-11,Field Officer App,sha256:c8fee4408fe55accc6f89e5014ee3358
MP-ASM-2023-0080,PHOTO,/evidence/MP-ASM-2023-0080/photo_405.jpg,Site progress photo,2023-09-11,Field Officer App,sha256:a8383b6b1ed75bfaf869b52d9580dced
MP-TN-2023-0083,PHOTO,/evidence/MP-TN-2023-0083/photo_185.jpg,Site progress photo,2024-06-11,Field Officer App,sha256:7fac3e211279a20005fee0ec06912aa4
MP-NAG-2022-0050,PHOTO,/evidence/MP-NAG-2022-0050/photo_830.jpg,Site progress photo,2022-11-17,Field Officer App,sha256:105cd5564fc2d1a52c300b8f8786d7b3
MP-KAR-2024-0100,PHOTO,/evidence/MP-KAR-2024-0100/photo_431.jpg,Site progress photo,2024-12-25,Field Officer App,sha256:82c4f062292e2219aff4ffc77ac82595
MP-DEL-2023-0080,PHOTO,/evidence/MP-DEL-2023-0080/photo_879.jpg,Site progress photo,2023-08-15,Field Officer App,sha256:a489ce8ecca0c0b444fc5def1a87b894
MP-WB-2023-0066,PHOTO,/evidence/MP-WB-2023-0066/photo_172.jpg,Site progress photo,2023-09-30,Field Officer App,sha256:ac708140d5b7925188c087e916279593
MP-ODI-2023-0105,PHOTO,/evidence/MP-ODI-2023-0105/photo_559.jpg,Site progress photo,2023-07-26,Field Officer App,sha256:175bed292ffe4cfd1eb3e6c865c81ca8
MP-KAR-2025-0065,PHOTO,/evidence/MP-KAR-2025-0065/photo_176.jpg,Site progress photo,2025-11-09,Field Officer App,sha256:3b95d758126552086dc52c049762291e
MP-BHR-2024-0090,PHOTO,/evidence/MP-BHR-2024-0090/photo_213.jpg,Site progress photo,2025-06-06,Field Officer App,sha256:0dc5dc6cba8e99c1c6e36daf126625ed
MP-PUN-2024-0078,PHOTO,/evidence/MP-PUN-2024-0078/photo_311.jpg,Site progress photo,2024-07-13,Field Officer App,sha256:e3c02ea552c3c403dc78b6867a552f68
MP-DEL-2023-0082,PHOTO,/evidence/MP-DEL-2023-0082/photo_28.jpg,Site progress photo,2023-06-12,Field Officer App,sha256:8d71a8ea875a19332fcfb6fc063b44fa
MP-TN-2023-0084,PHOTO,/evidence/MP-TN-2023-0084/photo_859.jpg,Site progress photo,2023-11-06,Field Officer App,sha256:7b62732a01f84e74d228412731f08aee
MP-KAR-2022-0043,PHOTO,/evidence/MP-KAR-2022-0043/photo_274.jpg,Site progress photo,2023-03-13,Field Officer App,sha256:5dd70ed46608e0162ac19c61e2960f04
MP-KAR-2024-0101,PHOTO,/evidence/MP-KAR-2024-0101/photo_781.jpg,Site progress photo,2024-07-03,Field Officer App,sha256:a5b0bf9f720bff0e0067203cefa52a56
MP-ODI-2025-0048,PHOTO,/evidence/MP-ODI-2025-0048/photo_257.jpg,Site progress photo,2025-08-31,Field Officer App,sha256:d9481471b00b2b7ddb529e44a0030432
MP-ODI-2022-0059,PHOTO,/evidence/MP-ODI-2022-0059/photo_520.jpg,Site progress photo,2022-12-13,Field Officer App,sha256:cf4af4f565ff5b04a3ca8a5d7a04c2ea
MP-ODI-2024-0073,PHOTO,/evidence/MP-ODI-2024-0073/photo_104.jpg,Site progress photo,2025-02-24,Field Officer App,sha256:808ef63559785d93ccfd95219f77d180
MP-MH-2023-0081,PHOTO,/evidence/MP-MH-2023-0081/photo_758.jpg,Site progress photo,2023-12-14,Field Officer App,sha256:7578896b29526911b709cd310ee39e29
MP-DEL-2024-0081,PHOTO,/evidence/MP-DEL-2024-0081/photo_776.jpg,Site progress photo,2025-05-04,Field Officer App,sha256:2bb0abfbf24ac947715093c777b2b1d3
MP-PUN-2025-0060,PHOTO,/evidence/MP-PUN-2025-0060/photo_915.jpg,Site progress photo,2025-08-01,Field Officer App,sha256:af3d2180f8faf5a6440a1e708798379b
MP-RAJ-2022-0040,PHOTO,/evidence/MP-RAJ-2022-0040/photo_101.jpg,Site progress photo,2022-10-27,Field Officer App,sha256:eaf9a2eaa7ac639db5f33b80e2490d85
MP-NAG-2024-0065,PHOTO,/evidence/MP-NAG-2024-0065/photo_595.jpg,Site progress photo,2025-03-20,Field Officer App,sha256:8a102ffb81ab995ffcc7444a51afa30c
MP-KER-2022-0053,PHOTO,/evidence/MP-KER-2022-0053/photo_995.jpg,Site progress photo,2022-12-26,Field Officer App,sha256:6e6eac9b72c5f9afc8b6f9d1fa0cc631
MP-TEL-2024-0085,PHOTO,/evidence/MP-TEL-2024-0085/photo_713.jpg,Site progress photo,2024-04-04,Field Officer App,sha256:e38baf147b75455cf42374a9f5b6ca09
MP-RAJ-2025-0055,PHOTO,/evidence/MP-RAJ-2025-0055/photo_555.jpg,Site progress photo,2025-09-17,Field Officer App,sha256:d8c297229504a4785e7331342a2488dc
MP-NAG-2024-0066,PHOTO,/evidence/MP-NAG-2024-0066/photo_979.jpg,Site progress photo,2024-06-04,Field Officer App,sha256:ca5f73b57df7f7877bedb2f36e23f1a6
MP-GUJ-2022-0053,PHOTO,/evidence/MP-GUJ-2022-0053/photo_274.jpg,Site progress photo,2022-08-05,Field Officer App,sha256:b164e25af04e83ce6f1cd3d23ab7f34d
MP-MP-2025-0065,PHOTO,/evidence/MP-MP-2025-0065/photo_590.jpg,Site progress photo,2025-09-04,Field Officer App,sha256:2fd5fa3c39a514f356558d549a0cdfcb
MP-TN-2024-0084,PHOTO,/evidence/MP-TN-2024-0084/photo_217.jpg,Site progress photo,2024-06-04,Field Officer App,sha256:20bc39cda6de127c3aaa7ffb8827cba6
MP-NAG-2025-0056,PHOTO,/evidence/MP-NAG-2025-0056/photo_151.jpg,Site progress photo,2025-06-24,Field Officer App,sha256:9ab5b8c4d47f66284b4602dd01d487a7
MP-MH-2025-0065,PHOTO,/evidence/MP-MH-2025-0065/photo_870.jpg,Site progress photo,2025-12-21,Field Officer App,sha256:89f6536d3baba326da3f59f7c4bf25f1
MP-BHR-2025-0056,PHOTO,/evidence/MP-BHR-2025-0056/photo_551.jpg,Site progress photo,2025-07-08,Field Officer App,sha256:d00c1b9e4a9cad15e2e42a5689ed2b05
MP-ASM-2025-0052,PHOTO,/evidence/MP-ASM-2025-0052/photo_560.jpg,Site progress photo,2025-07-18,Field Officer App,sha256:3a4eaa9ceb9484ef595249388cf3750b
MP-TEL-2025-0060,PHOTO,/evidence/MP-TEL-2025-0060/photo_460.jpg,Site progress photo,2025-05-19,Field Officer App,sha256:fc5a75310aab8a8f9de9cac0d62d146b
MP-RAJ-2022-0041,PHOTO,/evidence/MP-RAJ-2022-0041/photo_671.jpg,Site progress photo,2022-11-01,Field Officer App,sha256:fbd694af4ef80ec6f8979ed0d5cfd168
MP-ASM-2023-0082,PHOTO,/evidence/MP-ASM-2023-0082/photo_24.jpg,Site progress photo,2024-02-02,Field Officer App,sha256:277dd6ea3b0d7055374dfea0bc6c7d25
MP-KAR-2023-0089,PHOTO,/evidence/MP-KAR-2023-0089/photo_817.jpg,Site progress photo,2024-01-24,Field Officer App,sha256:9f9a070baf426bd43a694042e4b55eec
MP-KER-2024-0084,PHOTO,/evidence/MP-KER-2024-0084/photo_225.jpg,Site progress photo,2025-04-11,Field Officer App,sha256:8910680386e7a8435433088de7193fe9
MP-ASM-2023-0083,PHOTO,/evidence/MP-ASM-2023-0083/photo_502.jpg,Site progress photo,2024-06-10,Field Officer App,sha256:43b8c4c374a061ad99d2b9c2fa3512cf
MP-BHR-2022-0053,PHOTO,/evidence/MP-BHR-2022-0053/photo_209.jpg,Site progress photo,2022-12-25,Field Officer App,sha256:23eeedb3d4540a86d29b02b20dabda7a
MP-UP-2023-0081,PHOTO,/evidence/MP-UP-2023-0081/photo_963.jpg,Site progress photo,2023-10-16,Field Officer App,sha256:8d21727666a78bddb1daa690cb2ab3ed
MP-TN-2022-0036,PHOTO,/evidence/MP-TN-2022-0036/photo_712.jpg,Site progress photo,2022-12-08,Field Officer App,sha256:b5806c4b89adafd7870836fedb7288fb
MP-TN-2023-0085,PHOTO,/evidence/MP-TN-2023-0085/photo_606.jpg,Site progress photo,2023-05-25,Field Officer App,sha256:6986468328727136f84f4ce0d628fd11
MP-MP-2024-0081,PHOTO,/evidence/MP-MP-2024-0081/photo_417.jpg,Site progress photo,2025-01-30,Field Officer App,sha256:d8f012551e2e4271b0562d910c9d4054
MP-MH-2025-0067,PHOTO,/evidence/MP-MH-2025-0067/photo_545.jpg,Site progress photo,2025-03-11,Field Officer App,sha256:44a498e73d7b7bc04d683049fdd6c4bc
MP-KER-2023-0084,PHOTO,/evidence/MP-KER-2023-0084/photo_432.jpg,Site progress photo,2024-05-09,Field Officer App,sha256:f7c9075826b3d843fc7783fe972b953e
MP-TEL-2023-0070,PHOTO,/evidence/MP-TEL-2023-0070/photo_906.jpg,Site progress photo,2024-01-12,Field Officer App,sha256:5939fb3aff71d66e3b91c128668f5658
MP-RAJ-2025-0056,PHOTO,/evidence/MP-RAJ-2025-0056/photo_143.jpg,Site progress photo,2025-10-08,Field Officer App,sha256:3a090da476a9cf02580b25d53dacf7a9
MP-ODI-2024-0077,PHOTO,/evidence/MP-ODI-2024-0077/photo_589.jpg,Site progress photo,2024-09-24,Field Officer App,sha256:a6c9c4647831c803139296db341c9845
MP-BHR-2022-0054,PHOTO,/evidence/MP-BHR-2022-0054/photo_74.jpg,Site progress photo,2022-12-12,Field Officer App,sha256:4c5a064ab89b97475c262c7681772d4d
MP-WB-2022-0049,PHOTO,/evidence/MP-WB-2022-0049/photo_944.jpg,Site progress photo,2022-08-02,Field Officer App,sha256:f659fea79a32819dfd723a3018f845b7
MP-UP-2023-0084,PHOTO,/evidence/MP-UP-2023-0084/photo_784.jpg,Site progress photo,2023-10-23,Field Officer App,sha256:69bae2a05a5897592b5bfe4946b94d5e
MP-GUJ-2024-0080,PHOTO,/evidence/MP-GUJ-2024-0080/photo_661.jpg,Site progress photo,2024-07-31,Field Officer App,sha256:8f10629b1f4d0eb689e44b2e512bdad1
MP-UP-2025-0056,PHOTO,/evidence/MP-UP-2025-0056/photo_170.jpg,Site progress photo,2025-09-14,Field Officer App,sha256:c335a9c92a2e816d473ad4e9a682d0a8
MP-ASM-2024-0103,PHOTO,/evidence/MP-ASM-2024-0103/photo_92.jpg,Site progress photo,2024-05-28,Field Officer App,sha256:62b022c05f9d9b70daacac35f8ed256b
MP-KAR-2025-0067,PHOTO,/evidence/MP-KAR-2025-0067/photo_764.jpg,Site progress photo,2025-10-02,Field Officer App,sha256:899324dcbc0b4136b106718f77f548b1
MP-GUJ-2023-0066,PHOTO,/evidence/MP-GUJ-2023-0066/photo_687.jpg,Site progress photo,2023-10-18,Field Officer App,sha256:878ff6ad4f78261257a1f7808017d005
MP-MP-2024-0083,PHOTO,/evidence/MP-MP-2024-0083/photo_944.jpg,Site progress photo,2024-11-07,Field Officer App,sha256:4fd6f2fba9c69ef46f260985318ca4d5
MP-KAR-2025-0068,PHOTO,/evidence/MP-KAR-2025-0068/photo_577.jpg,Site progress photo,2025-03-28,Field Officer App,sha256:b6f54f4bd354965ddde0c0095252255a
MP-WB-2023-0067,PHOTO,/evidence/MP-WB-2023-0067/photo_183.jpg,Site progress photo,2023-07-16,Field Officer App,sha256:ca9525fa03b6d71d0c604071bb0566bd
MP-KER-2025-0056,PHOTO,/evidence/MP-KER-2025-0056/photo_562.jpg,Site progress photo,2025-08-08,Field Officer App,sha256:5aaf49dfff666ee1aa963cb3ea42f0a8
MP-UP-2024-0081,PHOTO,/evidence/MP-UP-2024-0081/photo_227.jpg,Site progress photo,2024-10-13,Field Officer App,sha256:71c114584388fe26e7efbd2589be03cf
MP-WB-2023-0068,PHOTO,/evidence/MP-WB-2023-0068/photo_263.jpg,Site progress photo,2023-11-18,Field Officer App,sha256:aa43140a0c65c6adf46b27ec07243b80
MP-ASM-2024-0104,PHOTO,/evidence/MP-ASM-2024-0104/photo_700.jpg,Site progress photo,2025-05-11,Field Officer App,sha256:7f9062d222615f93885f7d7fe3950dbe
MP-BHR-2023-0076,PHOTO,/evidence/MP-BHR-2023-0076/photo_497.jpg,Site progress photo,2023-08-26,Field Officer App,sha256:1fdf57a47110c98e35e0cfd0a16b3408
MP-PUN-2025-0063,PHOTO,/evidence/MP-PUN-2025-0063/photo_802.jpg,Site progress photo,2026-03-28,Field Officer App,sha256:cd0e79b65aa5367decbb5af0d3a5e221
MP-TN-2024-0085,PHOTO,/evidence/MP-TN-2024-0085/photo_542.jpg,Site progress photo,2024-09-21,Field Officer App,sha256:e944b505627911965647ca63ec4174eb
MP-DEL-2022-0044,PHOTO,/evidence/MP-DEL-2022-0044/photo_238.jpg,Site progress photo,2023-01-24,Field Officer App,sha256:bb343504bef01217b4a187ad905d0a30
MP-GUJ-2024-0081,PHOTO,/evidence/MP-GUJ-2024-0081/photo_147.jpg,Site progress photo,2024-06-19,Field Officer App,sha256:ac5faee41638a8b342ff90f4e80be9e9
MP-KAR-2023-0090,PHOTO,/evidence/MP-KAR-2023-0090/photo_669.jpg,Site progress photo,2023-09-17,Field Officer App,sha256:ee82d88a9da2e78df620ab05e4e73889
MP-WB-2023-0070,PHOTO,/evidence/MP-WB-2023-0070/photo_462.jpg,Site progress photo,2023-11-08,Field Officer App,sha256:58c917a325b2cafe17346439e05dd8ca
MP-ODI-2024-0079,PHOTO,/evidence/MP-ODI-2024-0079/photo_79.jpg,Site progress photo,2024-11-15,Field Officer App,sha256:a108fbd9ca7754572237d625b0141261
MP-TEL-2024-0086,PHOTO,/evidence/MP-TEL-2024-0086/photo_918.jpg,Site progress photo,2024-03-31,Field Officer App,sha256:e6b3ae3ed0020af7b9a8708f5fa2e2d7
MP-BHR-2022-0056,PHOTO,/evidence/MP-BHR-2022-0056/photo_3.jpg,Site progress photo,2022-12-03,Field Officer App,sha256:b4bc86119387489170803d00929dc11e
MP-KER-2023-0085,PHOTO,/evidence/MP-KER-2023-0085/photo_908.jpg,Site progress photo,2023-12-20,Field Officer App,sha256:c437b4be19c9758545b7337c1f728603
MP-ODI-2023-0106,PHOTO,/evidence/MP-ODI-2023-0106/photo_673.jpg,Site progress photo,2023-08-31,Field Officer App,sha256:c7bef70ee9940d037cb6bad7b0dc65d2
MP-NAG-2022-0052,PHOTO,/evidence/MP-NAG-2022-0052/photo_397.jpg,Site progress photo,2023-01-22,Field Officer App,sha256:4e98e17e5ae1c6e0f2aa127a4c9a2b5c
MP-ODI-2023-0107,PHOTO,/evidence/MP-ODI-2023-0107/photo_317.jpg,Site progress photo,2024-02-16,Field Officer App,sha256:f730ddc6a49318fa906f269fd8ec8605
MP-TN-2023-0086,PHOTO,/evidence/MP-TN-2023-0086/photo_483.jpg,Site progress photo,2023-10-19,Field Officer App,sha256:1eae860967ca1abdcaecb6b206c322ff
MP-WB-2022-0051,PHOTO,/evidence/MP-WB-2022-0051/photo_927.jpg,Site progress photo,2023-01-22,Field Officer App,sha256:bcc023cc38820cdbe45fd410181dad5a
MP-TN-2023-0087,PHOTO,/evidence/MP-TN-2023-0087/photo_195.jpg,Site progress photo,2024-01-14,Field Officer App,sha256:8ba8c483caaac41bfaa5250fb368b26c
MP-KER-2024-0087,PHOTO,/evidence/MP-KER-2024-0087/photo_312.jpg,Site progress photo,2024-09-14,Field Officer App,sha256:eee197376502ebf3d8376a45b437a031
MP-MH-2025-0069,PHOTO,/evidence/MP-MH-2025-0069/photo_484.jpg,Site progress photo,2026-01-26,Field Officer App,sha256:5ba2d1db7a8ea91bfc64685783d43ec5
MP-TEL-2024-0087,PHOTO,/evidence/MP-TEL-2024-0087/photo_149.jpg,Site progress photo,2024-05-01,Field Officer App,sha256:180b100b93e80294894ed0cb3467f91a
MP-NAG-2023-0082,PHOTO,/evidence/MP-NAG-2023-0082/photo_871.jpg,Site progress photo,2023-12-05,Field Officer App,sha256:6f3ee0c6eeb13788a534757c37400ad0
MP-ASM-2024-0105,PHOTO,/evidence/MP-ASM-2024-0105/photo_452.jpg,Site progress photo,2024-08-11,Field Officer App,sha256:a172b95f34394fb0bf4131eb9870c0f4
MP-RAJ-2023-0066,PHOTO,/evidence/MP-RAJ-2023-0066/photo_778.jpg,Site progress photo,2023-12-16,Field Officer App,sha256:9ce12f43b1a8fee83c56fa801b2ab205
MP-UP-2023-0087,PHOTO,/evidence/MP-UP-2023-0087/photo_911.jpg,Site progress photo,2023-03-02,Field Officer App,sha256:558c8a956e7d90be08adeb2c659bc9a9
MP-KER-2024-0088,PHOTO,/evidence/MP-KER-2024-0088/photo_353.jpg,Site progress photo,2025-03-29,Field Officer App,sha256:6376ddd4e64ad37bae3c409f44263348
MP-ASM-2024-0106,PHOTO,/evidence/MP-ASM-2024-0106/photo_517.jpg,Site progress photo,2024-04-07,Field Officer App,sha256:8936335ea180f0874ed6b65da4506250
MP-KAR-2024-0102,PHOTO,/evidence/MP-KAR-2024-0102/photo_42.jpg,Site progress photo,2024-08-18,Field Officer App,sha256:117bfa9df2ef387967bb2fac1bd59e91
MP-UP-2023-0088,PHOTO,/evidence/MP-UP-2023-0088/photo_906.jpg,Site progress photo,2023-07-27,Field Officer App,sha256:3c5e3ff86422f6e2763d9d75715b25af
MP-DEL-2023-0086,PHOTO,/evidence/MP-DEL-2023-0086/photo_622.jpg,Site progress photo,2023-06-10,Field Officer App,sha256:a33c87124ff2251c44790c86ef2ae05c
MP-PUN-2022-0042,PHOTO,/evidence/MP-PUN-2022-0042/photo_655.jpg,Site progress photo,2023-05-15,Field Officer App,sha256:7b650dc9a8275dbcda85db11ae6ab277
MP-DEL-2025-0072,PHOTO,/evidence/MP-DEL-2025-0072/photo_893.jpg,Site progress photo,2025-08-12,Field Officer App,sha256:3a644abd35cccdf121ee36b2c05219ca
MP-GUJ-2025-0069,PHOTO,/evidence/MP-GUJ-2025-0069/photo_736.jpg,Site progress photo,2025-05-27,Field Officer App,sha256:4b4a7cbcd97b45f984b86071dd4f7805
MP-NAG-2024-0069,PHOTO,/evidence/MP-NAG-2024-0069/photo_474.jpg,Site progress photo,2024-11-11,Field Officer App,sha256:5794f4c8358c1223086502c4b94380d4
MP-PUN-2023-0075,PHOTO,/evidence/MP-PUN-2023-0075/photo_78.jpg,Site progress photo,2023-10-05,Field Officer App,sha256:48e9cfd6e385a414ce0102f1bbb3d090
MP-TEL-2025-0061,PHOTO,/evidence/MP-TEL-2025-0061/photo_589.jpg,Site progress photo,2025-10-21,Field Officer App,sha256:b66bb8406b1ee5d0ecf4a3800e23e16b
MP-MP-2022-0052,PHOTO,/evidence/MP-MP-2022-0052/photo_737.jpg,Site progress photo,2023-02-18,Field Officer App,sha256:ee895084ad43306def487786b4cb446d
MP-MP-2023-0081,PHOTO,/evidence/MP-MP-2023-0081/photo_550.jpg,Site progress photo,2023-10-07,Field Officer App,sha256:7a2015adc195bc011d608b13f2da11b5
MP-RAJ-2024-0081,PHOTO,/evidence/MP-RAJ-2024-0081/photo_43.jpg,Site progress photo,2024-12-16,Field Officer App,sha256:f706fb91d015999f971570241c1e9620
MP-KER-2025-0057,PHOTO,/evidence/MP-KER-2025-0057/photo_542.jpg,Site progress photo,2025-09-11,Field Officer App,sha256:b0282a89c90941f04fe16d8e8b257957
MP-KAR-2024-0104,PHOTO,/evidence/MP-KAR-2024-0104/photo_394.jpg,Site progress photo,2024-05-26,Field Officer App,sha256:83df752034532d2737487dc96bdc1a74
MP-MP-2022-0053,PHOTO,/evidence/MP-MP-2022-0053/photo_150.jpg,Site progress photo,2023-02-17,Field Officer App,sha256:d5b5be73df0f2b2c8b49aa9514212c42
MP-GUJ-2023-0069,PHOTO,/evidence/MP-GUJ-2023-0069/photo_79.jpg,Site progress photo,2023-11-11,Field Officer App,sha256:d38c8762ebf954cc3bc6894323577ee9
MP-BHR-2025-0057,PHOTO,/evidence/MP-BHR-2025-0057/photo_361.jpg,Site progress photo,2025-02-23,Field Officer App,sha256:fcbe64c1baecd3be2af9aa4acc7ea900
MP-GUJ-2023-0070,PHOTO,/evidence/MP-GUJ-2023-0070/photo_730.jpg,Site progress photo,2023-05-16,Field Officer App,sha256:a8785e45e8336dbc2799e297afbff10e
MP-KER-2025-0058,PHOTO,/evidence/MP-KER-2025-0058/photo_899.jpg,Site progress photo,2025-11-16,Field Officer App,sha256:aac8229475aaaa82e5edb78aee10f0bb
MP-ASM-2022-0030,PHOTO,/evidence/MP-ASM-2022-0030/photo_706.jpg,Site progress photo,2022-07-29,Field Officer App,sha256:6b01c0acc9ce3a380ca29611016fd84c
MP-NAG-2024-0070,PHOTO,/evidence/MP-NAG-2024-0070/photo_521.jpg,Site progress photo,2025-03-24,Field Officer App,sha256:11e1b1b2011b58bf33582acb54cc0f5e
MP-PUN-2023-0076,PHOTO,/evidence/MP-PUN-2023-0076/photo_4.jpg,Site progress photo,2024-04-03,Field Officer App,sha256:17a617ae1cb8cd2acdcdedb2774ee5b8
MP-ASM-2024-0107,PHOTO,/evidence/MP-ASM-2024-0107/photo_404.jpg,Site progress photo,2024-07-17,Field Officer App,sha256:6bab76667bb5ca363b8b02106f072f05
MP-PUN-2023-0077,PHOTO,/evidence/MP-PUN-2023-0077/photo_243.jpg,Site progress photo,2023-12-11,Field Officer App,sha256:0b468bf1d7603773a5329c1df62d7ea5
MP-DEL-2023-0087,PHOTO,/evidence/MP-DEL-2023-0087/photo_694.jpg,Site progress photo,2023-09-10,Field Officer App,sha256:9b49d4feef3a896c06a7b31e89deb054
MP-PUN-2023-0078,PHOTO,/evidence/MP-PUN-2023-0078/photo_308.jpg,Site progress photo,2023-04-18,Field Officer App,sha256:bb1f86862d79a685b12b3f12125b1f91
MP-GUJ-2024-0083,PHOTO,/evidence/MP-GUJ-2024-0083/photo_203.jpg,Site progress photo,2024-05-29,Field Officer App,sha256:8f84bf5ae8345695e5437bfb551db92e
MP-KER-2025-0059,PHOTO,/evidence/MP-KER-2025-0059/photo_314.jpg,Site progress photo,2025-08-29,Field Officer App,sha256:59e96215db56e8af1ef47613574cd4f5
MP-MH-2024-0068,PHOTO,/evidence/MP-MH-2024-0068/photo_519.jpg,Site progress photo,2024-05-04,Field Officer App,sha256:5444c58bba003f7d60f03037be536e85
MP-KER-2022-0057,PHOTO,/evidence/MP-KER-2022-0057/photo_112.jpg,Site progress photo,2023-02-01,Field Officer App,sha256:fed0bb71bc1a72b2c14d73c8704f1d2e
MP-TN-2023-0088,PHOTO,/evidence/MP-TN-2023-0088/photo_812.jpg,Site progress photo,2024-03-16,Field Officer App,sha256:d5bf52949ac52c82254d33b798004b8d
MP-NAG-2023-0084,PHOTO,/evidence/MP-NAG-2023-0084/photo_656.jpg,Site progress photo,2023-02-04,Field Officer App,sha256:ba09a8a9cb92c55a9f00fc1ed7fabeed
MP-ODI-2024-0080,PHOTO,/evidence/MP-ODI-2024-0080/photo_104.jpg,Site progress photo,2024-04-22,Field Officer App,sha256:423fbc8c1fd6582d5c011c01d70998df
MP-KER-2023-0086,PHOTO,/evidence/MP-KER-2023-0086/photo_207.jpg,Site progress photo,2023-11-22,Field Officer App,sha256:4d3ebf77702f883fd4e915670017bd43
MP-TEL-2022-0045,PHOTO,/evidence/MP-TEL-2022-0045/photo_879.jpg,Site progress photo,2023-03-12,Field Officer App,sha256:5083a1112aa60f07f40ad87aa7674cae
MP-KER-2024-0090,PHOTO,/evidence/MP-KER-2024-0090/photo_690.jpg,Site progress photo,2025-02-25,Field Officer App,sha256:49814cb65eb15f42644d1d36b93dd0ee
MP-PUN-2022-0044,PHOTO,/evidence/MP-PUN-2022-0044/photo_436.jpg,Site progress photo,2022-08-25,Field Officer App,sha256:ed16ed9d9e79076a80c16c105b7175c4
MP-DEL-2024-0084,PHOTO,/evidence/MP-DEL-2024-0084/photo_750.jpg,Site progress photo,2025-06-24,Field Officer App,sha256:5374d77f42de6ea3e28bb13d0fd99470
MP-GUJ-2023-0072,PHOTO,/evidence/MP-GUJ-2023-0072/photo_881.jpg,Site progress photo,2024-02-20,Field Officer App,sha256:e4a762e0de6350f0a4ecf83db5990787
MP-WB-2023-0072,PHOTO,/evidence/MP-WB-2023-0072/photo_150.jpg,Site progress photo,2023-10-11,Field Officer App,sha256:12cfb1037e8314b52562b9ea464f0f62
MP-ASM-2023-0084,PHOTO,/evidence/MP-ASM-2023-0084/photo_266.jpg,Site progress photo,2024-02-28,Field Officer App,sha256:71cd6679f69651b63649e0901dee9985
MP-RAJ-2022-0042,PHOTO,/evidence/MP-RAJ-2022-0042/photo_439.jpg,Site progress photo,2022-08-25,Field Officer App,sha256:99883da96be49c507f7dd38af4993057
MP-NAG-2022-0054,PHOTO,/evidence/MP-NAG-2022-0054/photo_771.jpg,Site progress photo,2023-01-19,Field Officer App,sha256:5479e4184d3a5272175b58fdc0bacad6
MP-KER-2023-0087,PHOTO,/evidence/MP-KER-2023-0087/photo_635.jpg,Site progress photo,2024-02-11,Field Officer App,sha256:2f500b049bd74c4201574ae49a5e7937
MP-WB-2024-0084,PHOTO,/evidence/MP-WB-2024-0084/photo_672.jpg,Site progress photo,2025-02-13,Field Officer App,sha256:e6eba0975fbb8a810230726cc360a62c
MP-KAR-2023-0091,PHOTO,/evidence/MP-KAR-2023-0091/photo_775.jpg,Site progress photo,2023-10-03,Field Officer App,sha256:61eb9e5f36560ed456b103203acc0d9a
MP-PUN-2022-0045,PHOTO,/evidence/MP-PUN-2022-0045/photo_322.jpg,Site progress photo,2022-12-09,Field Officer App,sha256:5328114d627fef71288cfc72c1286a71
MP-KER-2025-0060,PHOTO,/evidence/MP-KER-2025-0060/photo_643.jpg,Site progress photo,2025-09-01,Field Officer App,sha256:1f26050627c823d7d5211c6cc5aa0320
MP-ASM-2024-0108,PHOTO,/evidence/MP-ASM-2024-0108/photo_247.jpg,Site progress photo,2025-05-08,Field Officer App,sha256:c6ab16071fa9154e358190f70fdaaad5
MP-RAJ-2024-0083,PHOTO,/evidence/MP-RAJ-2024-0083/photo_719.jpg,Site progress photo,2024-06-13,Field Officer App,sha256:f1da47574a8c5cf3e0270e391c1f2342
MP-TEL-2023-0073,PHOTO,/evidence/MP-TEL-2023-0073/photo_8.jpg,Site progress photo,2024-02-15,Field Officer App,sha256:050de6067d6bf71e9b752c763baad6b6
MP-DEL-2024-0085,PHOTO,/evidence/MP-DEL-2024-0085/photo_555.jpg,Site progress photo,2024-04-19,Field Officer App,sha256:5b2e21649f2ccc576d125821c443ece5
MP-MP-2025-0069,PHOTO,/evidence/MP-MP-2025-0069/photo_321.jpg,Site progress photo,2025-12-19,Field Officer App,sha256:fca1c8607e1ff57c602e15a778c4c957
MP-WB-2024-0085,PHOTO,/evidence/MP-WB-2024-0085/photo_182.jpg,Site progress photo,2024-10-31,Field Officer App,sha256:e73e02ff7eeb2d63ae6071f1fa94aa5d
MP-ASM-2023-0085,PHOTO,/evidence/MP-ASM-2023-0085/photo_63.jpg,Site progress photo,2024-03-30,Field Officer App,sha256:63cb8fde30cffcacba3c3a46744adf7e
MP-MP-2025-0070,PHOTO,/evidence/MP-MP-2025-0070/photo_679.jpg,Site progress photo,2025-08-07,Field Officer App,sha256:12e6195cbbbe3f6e7225ad1bfdcdccc7
MP-WB-2025-0067,PHOTO,/evidence/MP-WB-2025-0067/photo_162.jpg,Site progress photo,2025-11-24,Field Officer App,sha256:fc07c9f37abafe6ee4be81e55c8c228b
MP-MH-2024-0069,PHOTO,/evidence/MP-MH-2024-0069/photo_346.jpg,Site progress photo,2025-01-27,Field Officer App,sha256:8cdfd60907b442ff547507a8e0d13e49
MP-DEL-2023-0088,PHOTO,/evidence/MP-DEL-2023-0088/photo_172.jpg,Site progress photo,2024-02-03,Field Officer App,sha256:45d95fe026e64396d593b9c76aa5fb06
MP-UP-2024-0082,PHOTO,/evidence/MP-UP-2024-0082/photo_55.jpg,Site progress photo,2024-06-03,Field Officer App,sha256:1cddf1addbd2f323c1542f4f83efdb8f
MP-BHR-2023-0078,PHOTO,/evidence/MP-BHR-2023-0078/photo_905.jpg,Site progress photo,2023-07-19,Field Officer App,sha256:4b9221fc3ee18ca86c60211d100cd5b4
MP-TEL-2025-0062,PHOTO,/evidence/MP-TEL-2025-0062/photo_593.jpg,Site progress photo,2025-11-02,Field Officer App,sha256:229c63e4badb701765d3b9982b860662
MP-KER-2024-0091,PHOTO,/evidence/MP-KER-2024-0091/photo_436.jpg,Site progress photo,2025-04-18,Field Officer App,sha256:64594ffa3522b583e5cc3339861f9955
MP-ODI-2022-0061,PHOTO,/evidence/MP-ODI-2022-0061/photo_761.jpg,Site progress photo,2023-03-20,Field Officer App,sha256:d2fe1e4562eed7247e4c22d6da96c7d6
MP-DEL-2023-0089,PHOTO,/evidence/MP-DEL-2023-0089/photo_163.jpg,Site progress photo,2023-02-12,Field Officer App,sha256:86c6cdb4b9e24d09fad15cf009e9d4bc
MP-TEL-2022-0046,PHOTO,/evidence/MP-TEL-2022-0046/photo_248.jpg,Site progress photo,2023-01-14,Field Officer App,sha256:7dd30f7e0a50b0871232593a0940031c
MP-BHR-2024-0095,PHOTO,/evidence/MP-BHR-2024-0095/photo_434.jpg,Site progress photo,2024-03-26,Field Officer App,sha256:a16230d3bdf1c4e4a35e8826f7e3f51a
MP-GUJ-2025-0070,PHOTO,/evidence/MP-GUJ-2025-0070/photo_237.jpg,Site progress photo,2025-05-04,Field Officer App,sha256:c4340e4b7c2435c6c25f57e1161dd829
MP-ODI-2024-0081,PHOTO,/evidence/MP-ODI-2024-0081/photo_77.jpg,Site progress photo,2024-07-30,Field Officer App,sha256:16fd9fde0031a9104daac2aa4095b8b7
MP-BHR-2022-0057,PHOTO,/evidence/MP-BHR-2022-0057/photo_672.jpg,Site progress photo,2022-11-14,Field Officer App,sha256:10dfe0e4c19a65bdcbc04f6b25dcd4c9
MP-KAR-2024-0109,PHOTO,/evidence/MP-KAR-2024-0109/photo_123.jpg,Site progress photo,2024-08-27,Field Officer App,sha256:5e0815382fb5f4aa32ed6dc8cc8dd8c7
MP-MH-2025-0072,PHOTO,/evidence/MP-MH-2025-0072/photo_292.jpg,Site progress photo,2025-07-14,Field Officer App,sha256:4b615ad38ab978d8746bc0b6d938ef31
MP-MP-2024-0086,PHOTO,/evidence/MP-MP-2024-0086/photo_65.jpg,Site progress photo,2025-03-21,Field Officer App,sha256:6ce5839f6ffe0017fde1b25d209f8d80
MP-KAR-2023-0092,PHOTO,/evidence/MP-KAR-2023-0092/photo_121.jpg,Site progress photo,2024-06-01,Field Officer App,sha256:cd58a0427f3d0d8f4301cfcc9b4e90c9
MP-BHR-2022-0058,PHOTO,/evidence/MP-BHR-2022-0058/photo_11.jpg,Site progress photo,2022-09-28,Field Officer App,sha256:1acba4e58e70f258421ffb1cab01c70a
MP-ASM-2023-0087,PHOTO,/evidence/MP-ASM-2023-0087/photo_69.jpg,Site progress photo,2023-07-23,Field Officer App,sha256:e4be4f2703e249a744879372e26164c4
MP-TN-2024-0089,PHOTO,/evidence/MP-TN-2024-0089/photo_866.jpg,Site progress photo,2025-01-12,Field Officer App,sha256:204b5f5058bf8806c85ac25a90734738
MP-ASM-2022-0032,PHOTO,/evidence/MP-ASM-2022-0032/photo_346.jpg,Site progress photo,2022-09-10,Field Officer App,sha256:f60e53ee689da4f76765bbd7dc02097a
MP-KER-2025-0062,PHOTO,/evidence/MP-KER-2025-0062/photo_51.jpg,Site progress photo,2026-02-09,Field Officer App,sha256:b4ae0a12c8c136f9cfa60599e28ca043
MP-KAR-2023-0093,PHOTO,/evidence/MP-KAR-2023-0093/photo_628.jpg,Site progress photo,2023-11-03,Field Officer App,sha256:77aba482c8f0ca91f06689b6ec8df2ae
MP-ASM-2024-0110,PHOTO,/evidence/MP-ASM-2024-0110/photo_832.jpg,Site progress photo,2024-10-09,Field Officer App,sha256:bd68b1b0fa27d2e1074de5e8197fa794
MP-NAG-2023-0085,PHOTO,/evidence/MP-NAG-2023-0085/photo_386.jpg,Site progress photo,2023-12-25,Field Officer App,sha256:747272aeb3f856910756ccef67fae573
MP-RAJ-2023-0069,PHOTO,/evidence/MP-RAJ-2023-0069/photo_245.jpg,Site progress photo,2023-09-26,Field Officer App,sha256:ebfa97b4ae6e8e6242730b3012f5d312
MP-BHR-2023-0080,PHOTO,/evidence/MP-BHR-2023-0080/photo_680.jpg,Site progress photo,2023-08-30,Field Officer App,sha256:ed48f5adc492d4a34564a013e4a7e893
MP-TN-2025-0054,PHOTO,/evidence/MP-TN-2025-0054/photo_437.jpg,Site progress photo,2025-10-06,Field Officer App,sha256:482e893621e6620613505ea827656dce
MP-ODI-2024-0082,PHOTO,/evidence/MP-ODI-2024-0082/photo_539.jpg,Site progress photo,2024-03-13,Field Officer App,sha256:62abf5025692e8380e60fdf9b5f98330
MP-UP-2025-0057,PHOTO,/evidence/MP-UP-2025-0057/photo_618.jpg,Site progress photo,2025-09-25,Field Officer App,sha256:65c27d36d3babb0071df2ddebf8b7599
MP-UP-2025-0058,PHOTO,/evidence/MP-UP-2025-0058/photo_707.jpg,Site progress photo,2025-09-06,Field Officer App,sha256:a04b0dd5ed0674bb168e7833add62ac6
MP-ODI-2024-0083,PHOTO,/evidence/MP-ODI-2024-0083/photo_346.jpg,Site progress photo,2024-10-16,Field Officer App,sha256:9445d4b707a335503773fabcadd0aa4e
MP-MP-2024-0087,PHOTO,/evidence/MP-MP-2024-0087/photo_193.jpg,Site progress photo,2024-10-05,Field Officer App,sha256:f83915b53438851ec1d0ac3c428cf6b9
MP-MP-2023-0084,PHOTO,/evidence/MP-MP-2023-0084/photo_241.jpg,Site progress photo,2023-04-03,Field Officer App,sha256:1b0b1ac8bf93c522a7e7c87d0a2f47c7
MP-NAG-2023-0087,PHOTO,/evidence/MP-NAG-2023-0087/photo_514.jpg,Site progress photo,2023-06-27,Field Officer App,sha256:845065d20077faa52e3bffd1e9a6bcae
MP-MH-2024-0070,PHOTO,/evidence/MP-MH-2024-0070/photo_718.jpg,Site progress photo,2024-08-23,Field Officer App,sha256:28caa471d2a61ca5eab65138fafbecab
MP-KER-2024-0093,PHOTO,/evidence/MP-KER-2024-0093/photo_479.jpg,Site progress photo,2024-09-29,Field Officer App,sha256:785c9b577c83f5458b174eaf5f144a2e
MP-BHR-2025-0058,PHOTO,/evidence/MP-BHR-2025-0058/photo_338.jpg,Site progress photo,2025-09-22,Field Officer App,sha256:ae63dd991f94602f76d5320bf95d9ac5
MP-ODI-2024-0084,PHOTO,/evidence/MP-ODI-2024-0084/photo_411.jpg,Site progress photo,2024-12-09,Field Officer App,sha256:5984ef5314b0dc3a0945a4a42bc80369
MP-TN-2022-0037,PHOTO,/evidence/MP-TN-2022-0037/photo_224.jpg,Site progress photo,2023-04-15,Field Officer App,sha256:c0a07e89f7e572ddeaaf78c0629038a5
MP-ASM-2023-0088,PHOTO,/evidence/MP-ASM-2023-0088/photo_902.jpg,Site progress photo,2023-09-28,Field Officer App,sha256:f86f2b3eb74484f9db86516c393dc64b
MP-NAG-2023-0089,PHOTO,/evidence/MP-NAG-2023-0089/photo_322.jpg,Site progress photo,2023-12-09,Field Officer App,sha256:52d79b648d49250b12fd714d5ec23075
MP-KAR-2022-0045,PHOTO,/evidence/MP-KAR-2022-0045/photo_800.jpg,Site progress photo,2022-10-15,Field Officer App,sha256:ec15473563ec435ae3341ff1602ee426
MP-RAJ-2023-0070,PHOTO,/evidence/MP-RAJ-2023-0070/photo_337.jpg,Site progress photo,2023-11-12,Field Officer App,sha256:0a6aff605e056c598d3d2d3555a87573
MP-UP-2024-0083,PHOTO,/evidence/MP-UP-2024-0083/photo_60.jpg,Site progress photo,2024-12-11,Field Officer App,sha256:06772fa541fba59701304b6a5c0700d1
MP-ASM-2025-0055,PHOTO,/evidence/MP-ASM-2025-0055/photo_225.jpg,Site progress photo,2025-10-28,Field Officer App,sha256:db822289a31f44cc9a28ce68d1b1dcd3
MP-ODI-2023-0112,PHOTO,/evidence/MP-ODI-2023-0112/photo_857.jpg,Site progress photo,2024-04-14,Field Officer App,sha256:6b502e753bfbf82e057f8dd965deb20a
MP-MH-2023-0087,PHOTO,/evidence/MP-MH-2023-0087/photo_763.jpg,Site progress photo,2023-08-22,Field Officer App,sha256:11b19ca502fc753b55e982c7f37711ca
MP-MP-2023-0085,PHOTO,/evidence/MP-MP-2023-0085/photo_818.jpg,Site progress photo,2023-09-11,Field Officer App,sha256:5b3c87f9aae9e48d0e41d89e594e4c75
MP-UP-2023-0092,PHOTO,/evidence/MP-UP-2023-0092/photo_944.jpg,Site progress photo,2023-11-16,Field Officer App,sha256:8ea35b33db661121561d3bf0445fca27
MP-ASM-2023-0090,PHOTO,/evidence/MP-ASM-2023-0090/photo_560.jpg,Site progress photo,2023-12-01,Field Officer App,sha256:4461b455736a62d63df03f063892e0c2
MP-MP-2023-0086,PHOTO,/evidence/MP-MP-2023-0086/photo_814.jpg,Site progress photo,2023-06-19,Field Officer App,sha256:2b0815b8d84214379a06dd73492bf289
MP-ODI-2025-0054,PHOTO,/evidence/MP-ODI-2025-0054/photo_377.jpg,Site progress photo,2025-10-28,Field Officer App,sha256:df99414646ade7a57731df33146f98fa
MP-WB-2023-0075,PHOTO,/evidence/MP-WB-2023-0075/photo_170.jpg,Site progress photo,2023-08-20,Field Officer App,sha256:655303993351a0a75af6cc852a6dceed
MP-BHR-2023-0081,PHOTO,/evidence/MP-BHR-2023-0081/photo_823.jpg,Site progress photo,2023-11-20,Field Officer App,sha256:62d48b47a41356e3dca4bd448961cfb6
MP-RAJ-2023-0071,PHOTO,/evidence/MP-RAJ-2023-0071/photo_773.jpg,Site progress photo,2024-05-14,Field Officer App,sha256:5690b4066ffc239d3eddd31841470a26
MP-ODI-2024-0085,PHOTO,/evidence/MP-ODI-2024-0085/photo_828.jpg,Site progress photo,2024-09-02,Field Officer App,sha256:ac93691e44d3c0f334ba642229ef0d99
MP-TEL-2025-0063,PHOTO,/evidence/MP-TEL-2025-0063/photo_38.jpg,Site progress photo,2025-04-23,Field Officer App,sha256:4a8f4c99bfda0ac182b133654b9dfa70
MP-MP-2023-0087,PHOTO,/evidence/MP-MP-2023-0087/photo_850.jpg,Site progress photo,2024-03-13,Field Officer App,sha256:f5f5cd080ae6f4d0a838bf87a4766cc8
MP-PUN-2023-0079,PHOTO,/evidence/MP-PUN-2023-0079/photo_325.jpg,Site progress photo,2023-09-30,Field Officer App,sha256:d5236f663ded5a5b1b1cf16746d18424
MP-PUN-2025-0067,PHOTO,/evidence/MP-PUN-2025-0067/photo_291.jpg,Site progress photo,2025-08-23,Field Officer App,sha256:b37878fb05eadaf2546036d98446c4e7
MP-MH-2024-0071,PHOTO,/evidence/MP-MH-2024-0071/photo_323.jpg,Site progress photo,2024-02-27,Field Officer App,sha256:4eb3b5cba6588164a341e3ae2f000944
MP-UP-2024-0085,PHOTO,/evidence/MP-UP-2024-0085/photo_949.jpg,Site progress photo,2024-08-05,Field Officer App,sha256:404e55763295a0c9ba8d8d08cf1d0436
MP-GUJ-2025-0072,PHOTO,/evidence/MP-GUJ-2025-0072/photo_396.jpg,Site progress photo,2025-07-23,Field Officer App,sha256:950c037cabf7b85784c1dc92c0715f77
MP-ODI-2024-0087,PHOTO,/evidence/MP-ODI-2024-0087/photo_657.jpg,Site progress photo,2024-09-24,Field Officer App,sha256:7f29fe0911d7e40a35eef460a9f216e1
MP-WB-2025-0068,PHOTO,/evidence/MP-WB-2025-0068/photo_249.jpg,Site progress photo,2026-03-08,Field Officer App,sha256:3b5aa7ecdc39b638434ec622235d722f
MP-TN-2024-0090,PHOTO,/evidence/MP-TN-2024-0090/photo_972.jpg,Site progress photo,2024-07-14,Field Officer App,sha256:8c689ac6b85335ebc88cb9494139ace9
MP-WB-2022-0053,PHOTO,/evidence/MP-WB-2022-0053/photo_341.jpg,Site progress photo,2023-01-22,Field Officer App,sha256:2c023ddf52d707e7c7913ad09c56f103
MP-BHR-2022-0059,PHOTO,/evidence/MP-BHR-2022-0059/photo_135.jpg,Site progress photo,2023-02-12,Field Officer App,sha256:e2fd7ac087e2726678ce4ceec47a2c63
MP-KAR-2023-0097,PHOTO,/evidence/MP-KAR-2023-0097/photo_701.jpg,Site progress photo,2023-10-06,Field Officer App,sha256:58b1481929507ee90c58205930fb9a09
MP-NAG-2024-0072,PHOTO,/evidence/MP-NAG-2024-0072/photo_400.jpg,Site progress photo,2024-06-28,Field Officer App,sha256:8da1235d3c484087112d9b6a70b84ba9
MP-MH-2024-0073,PHOTO,/evidence/MP-MH-2024-0073/photo_198.jpg,Site progress photo,2024-06-29,Field Officer App,sha256:6f332545ebb23f972848df30ce87a981
MP-KER-2022-0059,PHOTO,/evidence/MP-KER-2022-0059/photo_54.jpg,Site progress photo,2022-11-02,Field Officer App,sha256:e4667da4be0827c13cc4c952c6b79f34
MP-BHR-2025-0059,PHOTO,/evidence/MP-BHR-2025-0059/photo_286.jpg,Site progress photo,2025-10-24,Field Officer App,sha256:8f0519feaee07ce7e6b205604af0d40e
MP-MH-2023-0089,PHOTO,/evidence/MP-MH-2023-0089/photo_123.jpg,Site progress photo,2023-11-15,Field Officer App,sha256:f474539579c50cf9d0e32d12dc341e72
MP-MH-2024-0075,PHOTO,/evidence/MP-MH-2024-0075/photo_441.jpg,Site progress photo,2025-04-26,Field Officer App,sha256:aa7b8b8fd591060db6b27e153c989541
MP-TN-2025-0056,PHOTO,/evidence/MP-TN-2025-0056/photo_957.jpg,Site progress photo,2025-12-31,Field Officer App,sha256:5df6885c6f7dba7e3373bd9aeca96bc4
MP-DEL-2024-0087,PHOTO,/evidence/MP-DEL-2024-0087/photo_802.jpg,Site progress photo,2024-11-05,Field Officer App,sha256:02b83691a7c22d8538a00bf1c039342a
MP-DEL-2024-0088,PHOTO,/evidence/MP-DEL-2024-0088/photo_354.jpg,Site progress photo,2024-08-18,Field Officer App,sha256:01b8f9615f2aa9a2056dc5810177e9c5
MP-WB-2024-0088,PHOTO,/evidence/MP-WB-2024-0088/photo_752.jpg,Site progress photo,2024-06-03,Field Officer App,sha256:f4d9c96f4d9f9c612c32f20c92632100
MP-UP-2024-0089,PHOTO,/evidence/MP-UP-2024-0089/photo_404.jpg,Site progress photo,2025-02-06,Field Officer App,sha256:136f68bf652df25e684448a39bbfa2ff
MP-WB-2024-0089,PHOTO,/evidence/MP-WB-2024-0089/photo_670.jpg,Site progress photo,2024-04-09,Field Officer App,sha256:db47e5ad9ba3029fc3f25d75d0163554
MP-KAR-2025-0072,PHOTO,/evidence/MP-KAR-2025-0072/photo_857.jpg,Site progress photo,2025-09-16,Field Officer App,sha256:00bac6dcf29f3b5526f5539b0c907cd1
MP-TEL-2025-0065,PHOTO,/evidence/MP-TEL-2025-0065/photo_775.jpg,Site progress photo,2025-03-15,Field Officer App,sha256:6b0a233bdf45107c317873a755e9eb27
MP-MP-2024-0089,PHOTO,/evidence/MP-MP-2024-0089/photo_870.jpg,Site progress photo,2025-05-31,Field Officer App,sha256:26ecc0fab162c167c36ddb5dfe04c664
MP-GUJ-2024-0087,PHOTO,/evidence/MP-GUJ-2024-0087/photo_462.jpg,Site progress photo,2024-07-18,Field Officer App,sha256:5fd19f8a99e5b05ff494d0eeb752c6f7
MP-WB-2022-0054,PHOTO,/evidence/MP-WB-2022-0054/photo_102.jpg,Site progress photo,2022-11-13,Field Officer App,sha256:8097bd5022cdf4d079883d917a905646
MP-KER-2024-0096,PHOTO,/evidence/MP-KER-2024-0096/photo_27.jpg,Site progress photo,2024-06-27,Field Officer App,sha256:0a0676ae7c4b469208dbbe90067898a2
MP-TEL-2023-0077,PHOTO,/evidence/MP-TEL-2023-0077/photo_76.jpg,Site progress photo,2023-06-16,Field Officer App,sha256:b837e38f17bdcb920bc1e3f085c9bdf9
MP-ASM-2023-0091,PHOTO,/evidence/MP-ASM-2023-0091/photo_841.jpg,Site progress photo,2023-10-11,Field Officer App,sha256:6a98e43d8315f7fee7cc0a5136b0eb6b
MP-ASM-2024-0113,PHOTO,/evidence/MP-ASM-2024-0113/photo_893.jpg,Site progress photo,2025-02-07,Field Officer App,sha256:4b13c3b4bfab5052edf212294b476e41
MP-BHR-2023-0082,PHOTO,/evidence/MP-BHR-2023-0082/photo_469.jpg,Site progress photo,2023-09-23,Field Officer App,sha256:a60f888a2c36802def3d68c974101f10
MP-RAJ-2022-0045,PHOTO,/evidence/MP-RAJ-2022-0045/photo_454.jpg,Site progress photo,2022-07-14,Field Officer App,sha256:f4b424ebf449b1865d5f74e75536f08e
MP-UP-2025-0059,PHOTO,/evidence/MP-UP-2025-0059/photo_435.jpg,Site progress photo,2025-09-03,Field Officer App,sha256:b9f95687fb44b1d663743ae93e02f801
MP-NAG-2025-0059,PHOTO,/evidence/MP-NAG-2025-0059/photo_247.jpg,Site progress photo,2025-11-01,Field Officer App,sha256:6afdc230fe724d79db65e14157037ed1
MP-RAJ-2024-0088,PHOTO,/evidence/MP-RAJ-2024-0088/photo_585.jpg,Site progress photo,2024-11-17,Field Officer App,sha256:6f2329d9051c7b1833e8926fa3688019
MP-UP-2023-0094,PHOTO,/evidence/MP-UP-2023-0094/photo_424.jpg,Site progress photo,2023-09-21,Field Officer App,sha256:8c188d0dcbfc009781a75a2a5eaa576b
MP-RAJ-2024-0089,PHOTO,/evidence/MP-RAJ-2024-0089/photo_972.jpg,Site progress photo,2025-06-16,Field Officer App,sha256:79986e0eab53806c11c1cb81d8dbf3b1
MP-PUN-2024-0080,PHOTO,/evidence/MP-PUN-2024-0080/photo_197.jpg,Site progress photo,2025-05-21,Field Officer App,sha256:37c8e33ed33186598a3aacf31fd5091d
MP-TN-2024-0094,PHOTO,/evidence/MP-TN-2024-0094/photo_861.jpg,Site progress photo,2025-01-30,Field Officer App,sha256:39779134c1426274c9658f27c51f0569
MP-RAJ-2022-0046,PHOTO,/evidence/MP-RAJ-2022-0046/photo_417.jpg,Site progress photo,2023-03-23,Field Officer App,sha256:97a5f4fde1390e52de7c4bcb472898a2
MP-UP-2022-0050,PHOTO,/evidence/MP-UP-2022-0050/photo_747.jpg,Site progress photo,2022-12-14,Field Officer App,sha256:9f9e8e53409d00981288d241cec905d5
MP-PUN-2023-0080,PHOTO,/evidence/MP-PUN-2023-0080/photo_380.jpg,Site progress photo,2023-07-22,Field Officer App,sha256:33a067ee0d477e725bdb1c1b0ed9fef8
MP-NAG-2024-0074,PHOTO,/evidence/MP-NAG-2024-0074/photo_493.jpg,Site progress photo,2025-05-13,Field Officer App,sha256:e0ff36d4bb446114ccf4490c8123a5af
MP-PUN-2022-0047,PHOTO,/evidence/MP-PUN-2022-0047/photo_13.jpg,Site progress photo,2022-08-24,Field Officer App,sha256:dfb48dbf1264411951f43ca80c15f54e
MP-GUJ-2023-0076,PHOTO,/evidence/MP-GUJ-2023-0076/photo_127.jpg,Site progress photo,2023-12-30,Field Officer App,sha256:edef219f9bea345ce7d5d41e12e2be1b
MP-ASM-2023-0092,PHOTO,/evidence/MP-ASM-2023-0092/photo_570.jpg,Site progress photo,2024-04-16,Field Officer App,sha256:0aab1580d68849d3670bbe1bcfe78840
MP-KAR-2025-0074,PHOTO,/evidence/MP-KAR-2025-0074/photo_268.jpg,Site progress photo,2025-12-16,Field Officer App,sha256:bd7f0d1b00c738b17908d94e5c155baa
MP-BHR-2024-0099,PHOTO,/evidence/MP-BHR-2024-0099/photo_888.jpg,Site progress photo,2024-09-18,Field Officer App,sha256:487503b9f27b334b53d2efe6964b0df8
MP-KER-2024-0097,PHOTO,/evidence/MP-KER-2024-0097/photo_619.jpg,Site progress photo,2024-08-27,Field Officer App,sha256:c8d145663b6e62ca79b5db7f8f403536
MP-TEL-2023-0080,PHOTO,/evidence/MP-TEL-2023-0080/photo_869.jpg,Site progress photo,2023-04-28,Field Officer App,sha256:86df655dadc81650a3e0113c064f1410
MP-DEL-2024-0090,PHOTO,/evidence/MP-DEL-2024-0090/photo_672.jpg,Site progress photo,2024-12-06,Field Officer App,sha256:9e9e9b7ed218e0009bb161f1bef44286
MP-DEL-2023-0093,PHOTO,/evidence/MP-DEL-2023-0093/photo_206.jpg,Site progress photo,2024-03-27,Field Officer App,sha256:1013f616b1256713218c6bb30df6a420
MP-NAG-2024-0076,PHOTO,/evidence/MP-NAG-2024-0076/photo_24.jpg,Site progress photo,2024-04-25,Field Officer App,sha256:9f17f84f34d71f13b59cb44ce2038329
MP-MH-2024-0077,PHOTO,/evidence/MP-MH-2024-0077/photo_172.jpg,Site progress photo,2024-12-26,Field Officer App,sha256:de694cac57bf5d7f32666650b488bcc7
MP-NAG-2024-0077,PHOTO,/evidence/MP-NAG-2024-0077/photo_595.jpg,Site progress photo,2025-02-14,Field Officer App,sha256:4524d59b1ef1fc77526d6ba68ea587fe
MP-DEL-2023-0094,PHOTO,/evidence/MP-DEL-2023-0094/photo_410.jpg,Site progress photo,2023-09-03,Field Officer App,sha256:b5198d324fcb081cd092196b238cfb07
MP-BHR-2023-0084,PHOTO,/evidence/MP-BHR-2023-0084/photo_776.jpg,Site progress photo,2024-04-14,Field Officer App,sha256:c3a5fa33264b2b016e22c9f214520ef1
MP-KAR-2025-0076,PHOTO,/evidence/MP-KAR-2025-0076/photo_621.jpg,Site progress photo,2026-01-21,Field Officer App,sha256:e7c6cdddd3b689853e82f262f9e7a2fa
MP-WB-2024-0091,PHOTO,/evidence/MP-WB-2024-0091/photo_403.jpg,Site progress photo,2025-04-24,Field Officer App,sha256:952c2b66eaac5cd5023fed1401bef596
MP-UP-2023-0095,PHOTO,/evidence/MP-UP-2023-0095/photo_226.jpg,Site progress photo,2023-12-28,Field Officer App,sha256:1f24fbd23f56e320340867bedab0af8b
MP-MH-2024-0078,PHOTO,/evidence/MP-MH-2024-0078/photo_511.jpg,Site progress photo,2025-02-27,Field Officer App,sha256:165d40a518d3923b6dfdf60298a1f683
MP-GUJ-2024-0088,PHOTO,/evidence/MP-GUJ-2024-0088/photo_544.jpg,Site progress photo,2024-06-30,Field Officer App,sha256:6cb413e340ef266786720f9d5605e4ce
MP-ODI-2023-0116,PHOTO,/evidence/MP-ODI-2023-0116/photo_901.jpg,Site progress photo,2023-09-14,Field Officer App,sha256:76c986de1ad6addb5805fad5cea4e95f
MP-KAR-2025-0077,PHOTO,/evidence/MP-KAR-2025-0077/photo_834.jpg,Site progress photo,2025-06-19,Field Officer App,sha256:98e5c7861b9a1fd28ff055297c0ed9e2
MP-DEL-2025-0075,PHOTO,/evidence/MP-DEL-2025-0075/photo_836.jpg,Site progress photo,2025-07-04,Field Officer App,sha256:9d29905b05cbca380a575f7a7f86de1e
MP-TN-2025-0057,PHOTO,/evidence/MP-TN-2025-0057/photo_498.jpg,Site progress photo,2025-04-17,Field Officer App,sha256:7bacc09ce49ad414f6a2259f8493d637
MP-NAG-2024-0078,PHOTO,/evidence/MP-NAG-2024-0078/photo_444.jpg,Site progress photo,2024-10-09,Field Officer App,sha256:a81dba0f87635a3d8929e985fca2ee03
MP-ODI-2022-0063,PHOTO,/evidence/MP-ODI-2022-0063/photo_759.jpg,Site progress photo,2022-11-04,Field Officer App,sha256:92efe5cc7ddaecf787afaaa856787f7f
MP-KAR-2024-0113,PHOTO,/evidence/MP-KAR-2024-0113/photo_251.jpg,Site progress photo,2024-04-19,Field Officer App,sha256:476f61dc72a99b95ca2672f0bc8e28ed
MP-MH-2023-0090,PHOTO,/evidence/MP-MH-2023-0090/photo_331.jpg,Site progress photo,2023-10-04,Field Officer App,sha256:f55541d08d50fcf3cb6eacbcfb420860
MP-KAR-2025-0078,PHOTO,/evidence/MP-KAR-2025-0078/photo_400.jpg,Site progress photo,2025-07-22,Field Officer App,sha256:1a0fdef0fa83979838f1ff04fff93df6
MP-NAG-2023-0092,PHOTO,/evidence/MP-NAG-2023-0092/photo_740.jpg,Site progress photo,2023-08-16,Field Officer App,sha256:9f9b055ceb905abb3d269b090e92a6f8
MP-KER-2022-0062,PHOTO,/evidence/MP-KER-2022-0062/photo_505.jpg,Site progress photo,2022-11-17,Field Officer App,sha256:0c32565e4571c07e5bfd952ebe73ac05
MP-ASM-2023-0094,PHOTO,/evidence/MP-ASM-2023-0094/photo_504.jpg,Site progress photo,2023-04-26,Field Officer App,sha256:14d3ea8a1c6f55dbde39a69cafca77f4
MP-BHR-2023-0085,PHOTO,/evidence/MP-BHR-2023-0085/photo_812.jpg,Site progress photo,2023-08-12,Field Officer App,sha256:388531bfe85be8fc254c65840e5f47f5
MP-RAJ-2022-0047,PHOTO,/evidence/MP-RAJ-2022-0047/photo_370.jpg,Site progress photo,2022-12-20,Field Officer App,sha256:df7693f32040014ad31d8f473db4cab5
MP-ODI-2022-0064,PHOTO,/evidence/MP-ODI-2022-0064/photo_792.jpg,Site progress photo,2023-02-18,Field Officer App,sha256:812803f1e807c3ea832a039cb2bba10a
MP-KAR-2023-0102,PHOTO,/evidence/MP-KAR-2023-0102/photo_226.jpg,Site progress photo,2023-11-25,Field Officer App,sha256:e4d89438cea6be8c8eb981000e5171aa
MP-PUN-2025-0069,PHOTO,/evidence/MP-PUN-2025-0069/photo_132.jpg,Site progress photo,2025-05-03,Field Officer App,sha256:57fbb992bca7575190057ca6b8b1da52
MP-ODI-2024-0088,PHOTO,/evidence/MP-ODI-2024-0088/photo_545.jpg,Site progress photo,2024-11-03,Field Officer App,sha256:b233db967657c85244ec3fa1c7bb4a5c
MP-ODI-2022-0065,PHOTO,/evidence/MP-ODI-2022-0065/photo_871.jpg,Site progress photo,2022-07-30,Field Officer App,sha256:2e8f44d21118adb61d5fcf72c40371b6
MP-UP-2023-0096,PHOTO,/evidence/MP-UP-2023-0096/photo_982.jpg,Site progress photo,2024-05-10,Field Officer App,sha256:673732c7e15449a62061951df56c3ec2
MP-KAR-2024-0115,PHOTO,/evidence/MP-KAR-2024-0115/photo_199.jpg,Site progress photo,2024-08-28,Field Officer App,sha256:15c420584792634df83ce896b4525dee
MP-PUN-2022-0048,PHOTO,/evidence/MP-PUN-2022-0048/photo_833.jpg,Site progress photo,2023-04-15,Field Officer App,sha256:ed248dcc7f7ed971a16216c36311fbcf
MP-MH-2025-0077,PHOTO,/evidence/MP-MH-2025-0077/photo_283.jpg,Site progress photo,2025-09-25,Field Officer App,sha256:27eb5083e4d59fd23bcd09bb8b24f71f
MP-GUJ-2022-0057,PHOTO,/evidence/MP-GUJ-2022-0057/photo_647.jpg,Site progress photo,2023-03-08,Field Officer App,sha256:0ec449d20b5260dca7f6e5395edfceb9
MP-KAR-2022-0049,PHOTO,/evidence/MP-KAR-2022-0049/photo_38.jpg,Site progress photo,2023-05-22,Field Officer App,sha256:96204a019c04cc3129567f022f03a020
MP-NAG-2023-0093,PHOTO,/evidence/MP-NAG-2023-0093/photo_451.jpg,Site progress photo,2023-07-19,Field Officer App,sha256:f388ca6fbc56e78739930ef05f636334
MP-GUJ-2022-0058,PHOTO,/evidence/MP-GUJ-2022-0058/photo_628.jpg,Site progress photo,2022-11-25,Field Officer App,sha256:f3edad0334bf9e641a3f6e98da38e304
MP-KAR-2023-0103,PHOTO,/evidence/MP-KAR-2023-0103/photo_285.jpg,Site progress photo,2023-02-28,Field Officer App,sha256:4de6b0adcaf92a62e31f81842a990067
MP-UP-2023-0097,PHOTO,/evidence/MP-UP-2023-0097/photo_553.jpg,Site progress photo,2023-11-08,Field Officer App,sha256:1f30ce7664acb5b340fd2f39aad916fd
MP-DEL-2025-0076,PHOTO,/evidence/MP-DEL-2025-0076/photo_621.jpg,Site progress photo,2025-11-14,Field Officer App,sha256:ac38c5242c9a21f755bb280b77e8ecbe
MP-WB-2024-0092,PHOTO,/evidence/MP-WB-2024-0092/photo_887.jpg,Site progress photo,2024-09-01,Field Officer App,sha256:8b61b952aed5a999908940d8f099e0cc
MP-ASM-2025-0059,PHOTO,/evidence/MP-ASM-2025-0059/photo_435.jpg,Site progress photo,2025-08-03,Field Officer App,sha256:ab338acf251486e32ca2111c0ae1d620
MP-PUN-2024-0083,PHOTO,/evidence/MP-PUN-2024-0083/photo_30.jpg,Site progress photo,2024-08-04,Field Officer App,sha256:fded1a56c10e004a538abce0e4638236
MP-KER-2024-0098,PHOTO,/evidence/MP-KER-2024-0098/photo_831.jpg,Site progress photo,2025-03-29,Field Officer App,sha256:902160d017cf6fcf87a2eb53b6f85313
MP-DEL-2024-0096,PHOTO,/evidence/MP-DEL-2024-0096/photo_443.jpg,Site progress photo,2024-09-05,Field Officer App,sha256:b4292c33ff7a3c8e9c45ea3a0c1947e8
MP-RAJ-2023-0074,PHOTO,/evidence/MP-RAJ-2023-0074/photo_298.jpg,Site progress photo,2023-09-03,Field Officer App,sha256:90d4fa65de0f54e431dee345433e1fdc
MP-WB-2023-0077,PHOTO,/evidence/MP-WB-2023-0077/photo_114.jpg,Site progress photo,2023-10-02,Field Officer App,sha256:1b2d95b10ae4e90c4180f979331bccbe
MP-PUN-2023-0081,PHOTO,/evidence/MP-PUN-2023-0081/photo_105.jpg,Site progress photo,2023-07-27,Field Officer App,sha256:3807d9743abea6fa05c2f2f941f7c5ed
MP-UP-2025-0060,PHOTO,/evidence/MP-UP-2025-0060/photo_424.jpg,Site progress photo,2025-06-15,Field Officer App,sha256:54e7cae44d9ac9edd5204657417b81d6
MP-WB-2024-0093,PHOTO,/evidence/MP-WB-2024-0093/photo_676.jpg,Site progress photo,2025-04-22,Field Officer App,sha256:20acdcbea6411c265e8326ce5213671c
MP-WB-2022-0055,PHOTO,/evidence/MP-WB-2022-0055/photo_177.jpg,Site progress photo,2022-09-10,Field Officer App,sha256:56e8911d92f12e5e71df9f069eac2703
MP-MH-2024-0080,PHOTO,/evidence/MP-MH-2024-0080/photo_835.jpg,Site progress photo,2024-04-28,Field Officer App,sha256:8fe9f0f0cc45437e3542eed89e105958
MP-UP-2024-0091,PHOTO,/evidence/MP-UP-2024-0091/photo_624.jpg,Site progress photo,2024-12-16,Field Officer App,sha256:3f23e282c451c20876890c6399ba7fae
MP-TEL-2022-0048,PHOTO,/evidence/MP-TEL-2022-0048/photo_554.jpg,Site progress photo,2022-12-26,Field Officer App,sha256:4918dca5ee4edaa38cff0ae1e66e2e33
MP-PUN-2023-0082,PHOTO,/evidence/MP-PUN-2023-0082/photo_121.jpg,Site progress photo,2023-05-29,Field Officer App,sha256:f36d00807a20f1a6ccdfa0f2d12463db
MP-TN-2024-0096,PHOTO,/evidence/MP-TN-2024-0096/photo_426.jpg,Site progress photo,2025-02-18,Field Officer App,sha256:c1fc2d102483456fc8f63186a338fb60
MP-KER-2024-0099,PHOTO,/evidence/MP-KER-2024-0099/photo_164.jpg,Site progress photo,2024-10-12,Field Officer App,sha256:11a895eac22fdb06c6d890e9ea2de911
MP-MH-2022-0052,PHOTO,/evidence/MP-MH-2022-0052/photo_633.jpg,Site progress photo,2022-11-27,Field Officer App,sha256:e5a8364478ac24583d7fc148c6a4ea3a
MP-DEL-2024-0097,PHOTO,/evidence/MP-DEL-2024-0097/photo_897.jpg,Site progress photo,2024-09-04,Field Officer App,sha256:838be43e01ee632cbcfbd8f30299755b
MP-GUJ-2022-0059,PHOTO,/evidence/MP-GUJ-2022-0059/photo_23.jpg,Site progress photo,2023-02-03,Field Officer App,sha256:e634484c6355b602f0dd95057d14acdc
MP-PUN-2025-0070,PHOTO,/evidence/MP-PUN-2025-0070/photo_314.jpg,Site progress photo,2025-12-18,Field Officer App,sha256:5b06b09b6fce4a206babdd40cf1ed2a5
MP-PUN-2024-0084,PHOTO,/evidence/MP-PUN-2024-0084/photo_856.jpg,Site progress photo,2024-12-22,Field Officer App,sha256:5293b3802b7e88b42af9d0743acab39f
MP-ODI-2023-0119,PHOTO,/evidence/MP-ODI-2023-0119/photo_793.jpg,Site progress photo,2023-08-30,Field Officer App,sha256:c3c0d7aa49b363a31d930d01fb448511
MP-ASM-2023-0095,PHOTO,/evidence/MP-ASM-2023-0095/photo_464.jpg,Site progress photo,2023-11-19,Field Officer App,sha256:a35fbe148ea0a3d3911298601b325729
MP-ASM-2024-0115,PHOTO,/evidence/MP-ASM-2024-0115/photo_129.jpg,Site progress photo,2024-07-20,Field Officer App,sha256:b6540f814aff787cec7251d76ba2e443
MP-PUN-2025-0071,PHOTO,/evidence/MP-PUN-2025-0071/photo_924.jpg,Site progress photo,2025-08-09,Field Officer App,sha256:3b46ed451a4f25395ef322e4b6dad9ff
MP-NAG-2025-0064,PHOTO,/evidence/MP-NAG-2025-0064/photo_569.jpg,Site progress photo,2025-04-12,Field Officer App,sha256:114885f004c1fe2ec6d4a0e75c2390dc
MP-DEL-2023-0095,PHOTO,/evidence/MP-DEL-2023-0095/photo_531.jpg,Site progress photo,2023-05-15,Field Officer App,sha256:bec240e1a148feda9064b1233d42cda4
MP-TEL-2023-0082,PHOTO,/evidence/MP-TEL-2023-0082/photo_456.jpg,Site progress photo,2023-08-15,Field Officer App,sha256:d28e40919bd6f63a61ea0c6d26551ddc
MP-NAG-2022-0056,PHOTO,/evidence/MP-NAG-2022-0056/photo_479.jpg,Site progress photo,2023-06-10,Field Officer App,sha256:adb91fb5fcd8ded295cf4d0d79fa9158
MP-KAR-2022-0050,PHOTO,/evidence/MP-KAR-2022-0050/photo_579.jpg,Site progress photo,2023-06-29,Field Officer App,sha256:a5009388457dbc6c913e89a037fd97fa
MP-DEL-2022-0048,PHOTO,/evidence/MP-DEL-2022-0048/photo_501.jpg,Site progress photo,2022-09-26,Field Officer App,sha256:14bf0b4f1ca808644e7966462f7d82d6
MP-RAJ-2022-0049,PHOTO,/evidence/MP-RAJ-2022-0049/photo_46.jpg,Site progress photo,2023-04-27,Field Officer App,sha256:f205e733caa111e26a4ebfa6c0c37109
MP-UP-2023-0098,PHOTO,/evidence/MP-UP-2023-0098/photo_494.jpg,Site progress photo,2023-12-15,Field Officer App,sha256:b1770a5d6b826afe804dc8a2ec5c3f82
MP-BHR-2022-0060,PHOTO,/evidence/MP-BHR-2022-0060/photo_782.jpg,Site progress photo,2022-08-20,Field Officer App,sha256:71fa3e54c76b658b36f109522983135d
MP-PUN-2025-0072,PHOTO,/evidence/MP-PUN-2025-0072/photo_302.jpg,Site progress photo,2025-09-28,Field Officer App,sha256:1dc78747d23d9e6c76e2060543736d23
MP-BHR-2023-0086,PHOTO,/evidence/MP-BHR-2023-0086/photo_969.jpg,Site progress photo,2023-08-12,Field Officer App,sha256:ff6219bd0821f58aef9fc857cdfbd41f
MP-KER-2025-0065,PHOTO,/evidence/MP-KER-2025-0065/photo_187.jpg,Site progress photo,2025-12-10,Field Officer App,sha256:1df921e5debd9b8a897718ae082f8428
MP-WB-2023-0080,PHOTO,/evidence/MP-WB-2023-0080/photo_763.jpg,Site progress photo,2023-07-01,Field Officer App,sha256:518f46fe192b57d732b97b5a4e30ed69
MP-KER-2024-0100,PHOTO,/evidence/MP-KER-2024-0100/photo_300.jpg,Site progress photo,2024-08-13,Field Officer App,sha256:17d7476c0049cf4be637311641b16354
MP-TN-2024-0097,PHOTO,/evidence/MP-TN-2024-0097/photo_733.jpg,Site progress photo,2024-04-07,Field Officer App,sha256:16f44a1e13a58f0402f37bea699283db
MP-UP-2022-0051,PHOTO,/evidence/MP-UP-2022-0051/photo_924.jpg,Site progress photo,2023-05-25,Field Officer App,sha256:78f5e934bee2101320b011435fea7a63
MP-TEL-2022-0049,PHOTO,/evidence/MP-TEL-2022-0049/photo_526.jpg,Site progress photo,2023-01-17,Field Officer App,sha256:15a897ce7e5c3762ac8ebd05ece30edc
MP-WB-2023-0081,PHOTO,/evidence/MP-WB-2023-0081/photo_22.jpg,Site progress photo,2023-09-15,Field Officer App,sha256:94fab6c8fba84291122348f3d28bf900
MP-BHR-2023-0087,PHOTO,/evidence/MP-BHR-2023-0087/photo_476.jpg,Site progress photo,2023-12-01,Field Officer App,sha256:c0f031b23d3417c67f5f7254c10e6722
MP-WB-2022-0056,PHOTO,/evidence/MP-WB-2022-0056/photo_244.jpg,Site progress photo,2023-02-20,Field Officer App,sha256:9a2a9b26922da65b6c67b910a0dbd7f4
MP-BHR-2023-0088,PHOTO,/evidence/MP-BHR-2023-0088/photo_316.jpg,Site progress photo,2023-08-03,Field Officer App,sha256:27f83ecff1bdbeb3006c3506e73d82c9
MP-KER-2024-0102,PHOTO,/evidence/MP-KER-2024-0102/photo_162.jpg,Site progress photo,2025-03-22,Field Officer App,sha256:ef92cfab2a86f0e283d34225a6c9a2d2
MP-TEL-2022-0050,PHOTO,/evidence/MP-TEL-2022-0050/photo_565.jpg,Site progress photo,2022-10-20,Field Officer App,sha256:28872b40e50e9097f9551822dc4566fe
MP-PUN-2024-0086,PHOTO,/evidence/MP-PUN-2024-0086/photo_306.jpg,Site progress photo,2024-11-18,Field Officer App,sha256:d594632f2a74630cfa380239445875f2
MP-KER-2025-0066,PHOTO,/evidence/MP-KER-2025-0066/photo_540.jpg,Site progress photo,2025-07-13,Field Officer App,sha256:2f5a6a0f505a451d63c4fceb215601e3
MP-PUN-2023-0083,PHOTO,/evidence/MP-PUN-2023-0083/photo_199.jpg,Site progress photo,2024-02-07,Field Officer App,sha256:4de6cc8a8ce9b01cfe41f541e3891661
MP-KAR-2023-0105,PHOTO,/evidence/MP-KAR-2023-0105/photo_484.jpg,Site progress photo,2024-04-26,Field Officer App,sha256:c9029eed940bc69dff1705764f663720
MP-KER-2023-0090,PHOTO,/evidence/MP-KER-2023-0090/photo_293.jpg,Site progress photo,2023-12-03,Field Officer App,sha256:42d8b102b8db98fcdaa5e39fbadbecf9
MP-TN-2023-0090,PHOTO,/evidence/MP-TN-2023-0090/photo_501.jpg,Site progress photo,2023-12-12,Field Officer App,sha256:24959bd927ba15dc159d7c1d5e97cc3c
MP-DEL-2023-0097,PHOTO,/evidence/MP-DEL-2023-0097/photo_781.jpg,Site progress photo,2023-10-14,Field Officer App,sha256:06084505e920ece863f0f9ba5bf16319
MP-ASM-2024-0117,PHOTO,/evidence/MP-ASM-2024-0117/photo_291.jpg,Site progress photo,2024-04-28,Field Officer App,sha256:ab3915868c0dc4fac51514b30201cb71
MP-TN-2024-0098,PHOTO,/evidence/MP-TN-2024-0098/photo_620.jpg,Site progress photo,2024-09-26,Field Officer App,sha256:5fe815c939765f762a7a9067ecaa5a22
MP-WB-2023-0082,PHOTO,/evidence/MP-WB-2023-0082/photo_424.jpg,Site progress photo,2024-01-18,Field Officer App,sha256:91104e8e6b599952bc9553f8e215a3d5
MP-DEL-2022-0049,PHOTO,/evidence/MP-DEL-2022-0049/photo_524.jpg,Site progress photo,2022-07-09,Field Officer App,sha256:fc355b1ea7f213a82b804e60affe8170
MP-BHR-2023-0089,PHOTO,/evidence/MP-BHR-2023-0089/photo_759.jpg,Site progress photo,2023-05-15,Field Officer App,sha256:dcc561d11130bd0352c936e67e8796f2
MP-UP-2022-0052,PHOTO,/evidence/MP-UP-2022-0052/photo_358.jpg,Site progress photo,2022-11-19,Field Officer App,sha256:ad86a4c57b5826a5a9e20bd9f75bc7c2
MP-BHR-2025-0063,PHOTO,/evidence/MP-BHR-2025-0063/photo_468.jpg,Site progress photo,2025-11-11,Field Officer App,sha256:f9d7a1ddaad64804ddfe24585cb0863c
MP-DEL-2022-0050,PHOTO,/evidence/MP-DEL-2022-0050/photo_115.jpg,Site progress photo,2023-02-27,Field Officer App,sha256:e57ee5aa0c04aae6eec9d97326b87c56
MP-DEL-2022-0051,PHOTO,/evidence/MP-DEL-2022-0051/photo_906.jpg,Site progress photo,2022-12-25,Field Officer App,sha256:d5651436fb9bf8ba302ea6b2e7df919b
MP-PUN-2023-0085,PHOTO,/evidence/MP-PUN-2023-0085/photo_825.jpg,Site progress photo,2024-02-04,Field Officer App,sha256:2a1364a558715f7a04596116e94fc067
MP-ODI-2022-0066,PHOTO,/evidence/MP-ODI-2022-0066/photo_638.jpg,Site progress photo,2023-01-15,Field Officer App,sha256:41930d2f0b1458c392b88d5676d704c6
MP-MH-2023-0093,PHOTO,/evidence/MP-MH-2023-0093/photo_69.jpg,Site progress photo,2024-01-27,Field Officer App,sha256:4c86c49bcdb30681b8332bd786b4b1a4
MP-RAJ-2025-0065,PHOTO,/evidence/MP-RAJ-2025-0065/photo_506.jpg,Site progress photo,2025-01-27,Field Officer App,sha256:de028e1ba42f983f9f41f3bf3cf89d03
MP-MP-2024-0093,PHOTO,/evidence/MP-MP-2024-0093/photo_665.jpg,Site progress photo,2025-04-03,Field Officer App,sha256:05d0033fefb18d1cb8ea2cd74c4d2797
MP-KAR-2023-0106,PHOTO,/evidence/MP-KAR-2023-0106/photo_432.jpg,Site progress photo,2024-05-29,Field Officer App,sha256:77d7a53498c53bbb46b3ff344a0c83c2
MP-WB-2023-0084,PHOTO,/evidence/MP-WB-2023-0084/photo_180.jpg,Site progress photo,2024-02-25,Field Officer App,sha256:0912baa1aa4daa69f91c5fb2072e8087
MP-BHR-2025-0065,PHOTO,/evidence/MP-BHR-2025-0065/photo_456.jpg,Site progress photo,2025-09-27,Field Officer App,sha256:bffcd972b1215a5aafab7f6177be2e08
MP-WB-2023-0085,PHOTO,/evidence/MP-WB-2023-0085/photo_358.jpg,Site progress photo,2023-03-08,Field Officer App,sha256:89ff9210bdda509aec704ace7c8ed8bc
MP-RAJ-2024-0091,PHOTO,/evidence/MP-RAJ-2024-0091/photo_889.jpg,Site progress photo,2025-01-28,Field Officer App,sha256:4ee70ec92ec4aa3c41bc14479b05216b
MP-GUJ-2023-0078,PHOTO,/evidence/MP-GUJ-2023-0078/photo_631.jpg,Site progress photo,2023-06-15,Field Officer App,sha256:07ab6cf489a084082d51b726e103d356
MP-KAR-2025-0082,PHOTO,/evidence/MP-KAR-2025-0082/photo_798.jpg,Site progress photo,2025-11-10,Field Officer App,sha256:d2e21e2559f9707675b968d8f1e7c13b
MP-NAG-2023-0098,PHOTO,/evidence/MP-NAG-2023-0098/photo_856.jpg,Site progress photo,2024-04-26,Field Officer App,sha256:4d6beec6d642f973dc18cf8998744982
MP-GUJ-2024-0092,PHOTO,/evidence/MP-GUJ-2024-0092/photo_299.jpg,Site progress photo,2024-11-07,Field Officer App,sha256:7e753eb46f70a8a96bdb2d853fbd7149
MP-ODI-2025-0060,PHOTO,/evidence/MP-ODI-2025-0060/photo_66.jpg,Site progress photo,2026-02-06,Field Officer App,sha256:b87bbe6a110614737c22893a2db07f99
MP-NAG-2023-0100,PHOTO,/evidence/MP-NAG-2023-0100/photo_729.jpg,Site progress photo,2023-11-08,Field Officer App,sha256:b2b2aa47a21a3bbdb2d6b3228b9860a0
MP-ASM-2022-0035,PHOTO,/evidence/MP-ASM-2022-0035/photo_416.jpg,Site progress photo,2023-09-22,Field Officer App,sha256:e1196122c312132a47afc422c180ea3b
MP-UP-2024-0094,PHOTO,/evidence/MP-UP-2024-0094/photo_603.jpg,Site progress photo,2025-01-09,Field Officer App,sha256:e47eb2b6fb00928f6ef782a02a76e792
MP-ASM-2024-0118,PHOTO,/evidence/MP-ASM-2024-0118/photo_132.jpg,Site progress photo,2024-04-22,Field Officer App,sha256:35156744ecc4c57fc037781d3ce64db7
MP-MH-2023-0094,PHOTO,/evidence/MP-MH-2023-0094/photo_987.jpg,Site progress photo,2023-07-26,Field Officer App,sha256:17baa2d9e4eca4783497612ee2f47adf
MP-KER-2023-0091,PHOTO,/evidence/MP-KER-2023-0091/photo_169.jpg,Site progress photo,2024-02-05,Field Officer App,sha256:32abfe191fc3e39a2dfb8b82d592fc7f
MP-ASM-2025-0061,PHOTO,/evidence/MP-ASM-2025-0061/photo_597.jpg,Site progress photo,2025-05-05,Field Officer App,sha256:31b6c0ac6064a0367d42eebd3ea254f5
MP-KER-2022-0063,PHOTO,/evidence/MP-KER-2022-0063/photo_137.jpg,Site progress photo,2023-04-07,Field Officer App,sha256:d7e643f27c7606f129ff237e83a04326
MP-NAG-2024-0081,PHOTO,/evidence/MP-NAG-2024-0081/photo_898.jpg,Site progress photo,2024-08-30,Field Officer App,sha256:59ab13354241cc504352be339e887f1a
MP-RAJ-2024-0093,PHOTO,/evidence/MP-RAJ-2024-0093/photo_391.jpg,Site progress photo,2024-05-07,Field Officer App,sha256:44109bc664c2226e82907b3eb76fba05
MP-BHR-2024-0103,PHOTO,/evidence/MP-BHR-2024-0103/photo_658.jpg,Site progress photo,2025-03-11,Field Officer App,sha256:fbb260c776a6d17d4493a768f9f16c94
MP-TN-2025-0060,PHOTO,/evidence/MP-TN-2025-0060/photo_655.jpg,Site progress photo,2025-06-10,Field Officer App,sha256:fa3cfe36134fbc494fc1374488243ebc
MP-NAG-2025-0065,PHOTO,/evidence/MP-NAG-2025-0065/photo_413.jpg,Site progress photo,2025-11-08,Field Officer App,sha256:8da0db30747e86b1db0881f2f5fd1418
MP-UP-2023-0102,PHOTO,/evidence/MP-UP-2023-0102/photo_619.jpg,Site progress photo,2024-05-27,Field Officer App,sha256:a27b00943cc61c087b0a371950a39c88
MP-NAG-2024-0082,PHOTO,/evidence/MP-NAG-2024-0082/photo_741.jpg,Site progress photo,2024-08-13,Field Officer App,sha256:f761cfcad2c170e01a76e7395361b87d
MP-ASM-2024-0119,PHOTO,/evidence/MP-ASM-2024-0119/photo_630.jpg,Site progress photo,2025-01-28,Field Officer App,sha256:9f501c0458a703be00481285d06043ce
MP-ODI-2022-0067,PHOTO,/evidence/MP-ODI-2022-0067/photo_767.jpg,Site progress photo,2022-10-02,Field Officer App,sha256:61ed2ecc142de5b185c129c441f81fea
MP-GUJ-2024-0093,PHOTO,/evidence/MP-GUJ-2024-0093/photo_632.jpg,Site progress photo,2024-08-31,Field Officer App,sha256:7974dcb7319c457e85a135727e40f849
MP-NAG-2025-0066,PHOTO,/evidence/MP-NAG-2025-0066/photo_474.jpg,Site progress photo,2025-10-26,Field Officer App,sha256:88e09dbed0d676114527b6c908f64391
MP-MH-2022-0053,PHOTO,/evidence/MP-MH-2022-0053/photo_525.jpg,Site progress photo,2023-06-02,Field Officer App,sha256:f48992ddd855b37bdb86095ab2627819
MP-MH-2025-0081,PHOTO,/evidence/MP-MH-2025-0081/photo_288.jpg,Site progress photo,2025-05-10,Field Officer App,sha256:74f378ae40bc0c0c6e12cdafcc137432
MP-WB-2024-0096,PHOTO,/evidence/MP-WB-2024-0096/photo_522.jpg,Site progress photo,2024-08-19,Field Officer App,sha256:5ff0a6356a8fc6acacf267e55cc5b95c
MP-MP-2024-0094,PHOTO,/evidence/MP-MP-2024-0094/photo_996.jpg,Site progress photo,2024-12-26,Field Officer App,sha256:8402cc766d6187de2021dc548834bf27
MP-KER-2024-0106,PHOTO,/evidence/MP-KER-2024-0106/photo_933.jpg,Site progress photo,2024-09-07,Field Officer App,sha256:78030b531aba11bf65530ac36426daf3
MP-DEL-2024-0099,PHOTO,/evidence/MP-DEL-2024-0099/photo_240.jpg,Site progress photo,2025-01-03,Field Officer App,sha256:a0d2b819074e6ea2915f44192610cc66
MP-DEL-2024-0100,PHOTO,/evidence/MP-DEL-2024-0100/photo_449.jpg,Site progress photo,2025-02-22,Field Officer App,sha256:2d99032921a7c6c026f4e27f33d4a083
MP-KAR-2023-0107,PHOTO,/evidence/MP-KAR-2023-0107/photo_893.jpg,Site progress photo,2023-10-05,Field Officer App,sha256:d256691550e5242361517c41dc5a2e5f
MP-TN-2023-0092,PHOTO,/evidence/MP-TN-2023-0092/photo_683.jpg,Site progress photo,2023-07-14,Field Officer App,sha256:6a8501d19e98af4bf80957d26e44bf7c
MP-MP-2023-0091,PHOTO,/evidence/MP-MP-2023-0091/photo_362.jpg,Site progress photo,2023-07-27,Field Officer App,sha256:7d1c2d884841739f0d654317f2bd1be2
MP-KAR-2023-0108,PHOTO,/evidence/MP-KAR-2023-0108/photo_825.jpg,Site progress photo,2023-05-25,Field Officer App,sha256:1de34062936c0f767687db1a7b008fcf
MP-PUN-2023-0087,PHOTO,/evidence/MP-PUN-2023-0087/photo_368.jpg,Site progress photo,2023-06-19,Field Officer App,sha256:5a6d33490e6c813b6fcf97d8a7e81f27
MP-RAJ-2022-0050,PHOTO,/evidence/MP-RAJ-2022-0050/photo_941.jpg,Site progress photo,2022-10-02,Field Officer App,sha256:6ba614c4faf14e32f1a79b92a0758e8c
MP-MP-2025-0079,PHOTO,/evidence/MP-MP-2025-0079/photo_853.jpg,Site progress photo,2025-08-19,Field Officer App,sha256:ee09bcceab30fbfcfb9f173f9f0ec8e2
MP-NAG-2025-0068,PHOTO,/evidence/MP-NAG-2025-0068/photo_814.jpg,Site progress photo,2025-07-30,Field Officer App,sha256:7934bb60db45772a810e6ec62f601801
MP-ODI-2022-0069,PHOTO,/evidence/MP-ODI-2022-0069/photo_108.jpg,Site progress photo,2023-03-06,Field Officer App,sha256:15e036dfe3bc2323f34ab7d7baf7f0f8
MP-WB-2023-0086,PHOTO,/evidence/MP-WB-2023-0086/photo_932.jpg,Site progress photo,2023-08-05,Field Officer App,sha256:ac733524d43ff1e667aadc8156cb6c90
MP-NAG-2024-0083,PHOTO,/evidence/MP-NAG-2024-0083/photo_475.jpg,Site progress photo,2024-09-22,Field Officer App,sha256:b112f622a9f750ee3c26afb7341d0ef0
MP-KAR-2025-0083,PHOTO,/evidence/MP-KAR-2025-0083/photo_472.jpg,Site progress photo,2025-12-01,Field Officer App,sha256:cc354c1d4683d4af6c5c5ae27317ace7
MP-NAG-2023-0101,PHOTO,/evidence/MP-NAG-2023-0101/photo_866.jpg,Site progress photo,2023-06-09,Field Officer App,sha256:3b2897d2fa4e3b7db0ea45106a852d7a
MP-MP-2024-0095,PHOTO,/evidence/MP-MP-2024-0095/photo_417.jpg,Site progress photo,2025-02-19,Field Officer App,sha256:d1882626e148ae3f77b41161c2f78656
MP-GUJ-2023-0081,PHOTO,/evidence/MP-GUJ-2023-0081/photo_719.jpg,Site progress photo,2023-10-18,Field Officer App,sha256:f6b0729bbe098f929327fce5ad006ece
MP-WB-2024-0097,PHOTO,/evidence/MP-WB-2024-0097/photo_564.jpg,Site progress photo,2025-02-10,Field Officer App,sha256:41579a1ec1d92949ff173d20f6dca6c5
MP-ODI-2023-0120,PHOTO,/evidence/MP-ODI-2023-0120/photo_264.jpg,Site progress photo,2023-12-24,Field Officer App,sha256:22f862efeed652d55644f03e7f1a8d29
MP-BHR-2023-0091,PHOTO,/evidence/MP-BHR-2023-0091/photo_287.jpg,Site progress photo,2023-09-30,Field Officer App,sha256:ec34fa0de8df6c5089e559c72fcb913b
MP-NAG-2025-0069,PHOTO,/evidence/MP-NAG-2025-0069/photo_926.jpg,Site progress photo,2025-07-15,Field Officer App,sha256:588eada9851982c482bd41a5d2661f32
MP-GUJ-2024-0095,PHOTO,/evidence/MP-GUJ-2024-0095/photo_168.jpg,Site progress photo,2024-09-27,Field Officer App,sha256:a0fd13646e461189c234e7b298d3d802
MP-TEL-2023-0083,PHOTO,/evidence/MP-TEL-2023-0083/photo_266.jpg,Site progress photo,2023-05-29,Field Officer App,sha256:4bdc7b78536195bde7ac462225a24198
MP-NAG-2024-0084,PHOTO,/evidence/MP-NAG-2024-0084/photo_954.jpg,Site progress photo,2024-06-15,Field Officer App,sha256:c3c790c427c44b3552f64b6d3c6c2a6d
MP-TEL-2023-0084,PHOTO,/evidence/MP-TEL-2023-0084/photo_971.jpg,Site progress photo,2023-09-02,Field Officer App,sha256:dff4880015b11c8cc65bd02370e72d39
MP-GUJ-2023-0082,PHOTO,/evidence/MP-GUJ-2023-0082/photo_358.jpg,Site progress photo,2023-12-05,Field Officer App,sha256:cfa4a0503dfc4c6cd40c049d21cc4f2c
MP-DEL-2023-0103,PHOTO,/evidence/MP-DEL-2023-0103/photo_267.jpg,Site progress photo,2023-08-20,Field Officer App,sha256:9443796066961a9b1c230ab573b4fa42
MP-TEL-2024-0094,PHOTO,/evidence/MP-TEL-2024-0094/photo_761.jpg,Site progress photo,2024-12-12,Field Officer App,sha256:21603d6acc09efb72ebf0afbf0c86744
MP-MP-2022-0057,PHOTO,/evidence/MP-MP-2022-0057/photo_444.jpg,Site progress photo,2022-10-03,Field Officer App,sha256:49a179b36f5831e0a3709f1d58168d67
MP-KER-2024-0108,PHOTO,/evidence/MP-KER-2024-0108/photo_927.jpg,Site progress photo,2024-08-01,Field Officer App,sha256:6b24c34a7102ce086fe52d6b9d112ad6
MP-WB-2025-0075,PHOTO,/evidence/MP-WB-2025-0075/photo_124.jpg,Site progress photo,2025-11-02,Field Officer App,sha256:f76064c44f870c3b438f6ede6eb74210
MP-BHR-2023-0092,PHOTO,/evidence/MP-BHR-2023-0092/photo_863.jpg,Site progress photo,2023-04-13,Field Officer App,sha256:73e6437c4a99d03c8347931875e47ad4
MP-GUJ-2022-0061,PHOTO,/evidence/MP-GUJ-2022-0061/photo_542.jpg,Site progress photo,2023-03-22,Field Officer App,sha256:45079aade2383f1d78182cfcdb85f4a5
MP-TN-2023-0093,PHOTO,/evidence/MP-TN-2023-0093/photo_256.jpg,Site progress photo,2023-12-07,Field Officer App,sha256:3e4b5e1b39ddd53443a883c67335f35c
MP-KAR-2022-0052,PHOTO,/evidence/MP-KAR-2022-0052/photo_205.jpg,Site progress photo,2022-08-25,Field Officer App,sha256:7cb979e1c42fd9cd83749399decbaf42
MP-KAR-2025-0085,PHOTO,/evidence/MP-KAR-2025-0085/photo_640.jpg,Site progress photo,2025-11-07,Field Officer App,sha256:96b9ac796246c55be586621bd148b793
MP-PUN-2023-0090,PHOTO,/evidence/MP-PUN-2023-0090/photo_10.jpg,Site progress photo,2023-06-24,Field Officer App,sha256:8dbdc356df1e7c58144eefb8b12d7b72
MP-WB-2022-0058,PHOTO,/evidence/MP-WB-2022-0058/photo_108.jpg,Site progress photo,2022-08-05,Field Officer App,sha256:0e64c957cb09b229bbc04be22647f6bb
MP-UP-2024-0096,PHOTO,/evidence/MP-UP-2024-0096/photo_811.jpg,Site progress photo,2024-12-12,Field Officer App,sha256:377d4e85234eb503e089790916641132
MP-RAJ-2025-0066,PHOTO,/evidence/MP-RAJ-2025-0066/photo_132.jpg,Site progress photo,2025-11-22,Field Officer App,sha256:6c4a171ef4233179afbcd7bf3f5cb1b6
MP-WB-2023-0087,PHOTO,/evidence/MP-WB-2023-0087/photo_865.jpg,Site progress photo,2023-06-13,Field Officer App,sha256:c14a9f8ac16ccb176737c6c15d41f694
MP-MP-2025-0080,PHOTO,/evidence/MP-MP-2025-0080/photo_394.jpg,Site progress photo,2026-02-10,Field Officer App,sha256:bfa0c95efcda000bd62213bcf2c64379
MP-KAR-2023-0111,PHOTO,/evidence/MP-KAR-2023-0111/photo_846.jpg,Site progress photo,2024-01-13,Field Officer App,sha256:79f263e1a3e421b08fe01e0182427ad8
MP-BHR-2023-0093,PHOTO,/evidence/MP-BHR-2023-0093/photo_908.jpg,Site progress photo,2024-04-09,Field Officer App,sha256:5eeb5a89588f0c2bedc1517f34b624c7
MP-UP-2024-0097,PHOTO,/evidence/MP-UP-2024-0097/photo_793.jpg,Site progress photo,2025-01-12,Field Officer App,sha256:880995cb956716b791cad4fa8a621ee0
MP-BHR-2023-0094,PHOTO,/evidence/MP-BHR-2023-0094/photo_243.jpg,Site progress photo,2023-12-31,Field Officer App,sha256:a4b06baf76efa5932465439327bb227d
MP-PUN-2023-0091,PHOTO,/evidence/MP-PUN-2023-0091/photo_404.jpg,Site progress photo,2024-02-06,Field Officer App,sha256:ccf1ab35334ab2efd229c8c37ca6f8e4
MP-NAG-2022-0057,PHOTO,/evidence/MP-NAG-2022-0057/photo_947.jpg,Site progress photo,2022-08-12,Field Officer App,sha256:0334cedf6dcba086d89d9da526fa16ff
MP-PUN-2025-0074,PHOTO,/evidence/MP-PUN-2025-0074/photo_674.jpg,Site progress photo,2026-04-07,Field Officer App,sha256:d8617ad3ae06da58d00fe791d3217045
MP-MH-2024-0086,PHOTO,/evidence/MP-MH-2024-0086/photo_178.jpg,Site progress photo,2025-05-13,Field Officer App,sha256:efc8dad5d9ab158af78a986481a9d389
MP-ASM-2023-0100,PHOTO,/evidence/MP-ASM-2023-0100/photo_894.jpg,Site progress photo,2023-07-08,Field Officer App,sha256:78e47969a86810f2f77bca1045cbb305
MP-ODI-2025-0063,PHOTO,/evidence/MP-ODI-2025-0063/photo_474.jpg,Site progress photo,2026-03-16,Field Officer App,sha256:06c98636fce031f85d6c8c794b0ed975
MP-RAJ-2025-0067,PHOTO,/evidence/MP-RAJ-2025-0067/photo_231.jpg,Site progress photo,2025-07-05,Field Officer App,sha256:4c4fc93e9192248d264f5685c01bc0b6
MP-RAJ-2025-0068,PHOTO,/evidence/MP-RAJ-2025-0068/photo_989.jpg,Site progress photo,2026-01-15,Field Officer App,sha256:a050a4b3e0212de969addf8ee54e4d7a
MP-MP-2025-0081,PHOTO,/evidence/MP-MP-2025-0081/photo_993.jpg,Site progress photo,2026-01-17,Field Officer App,sha256:6b4363dda4c1522d422d015afffc9d9c
MP-TN-2025-0063,PHOTO,/evidence/MP-TN-2025-0063/photo_538.jpg,Site progress photo,2025-12-08,Field Officer App,sha256:4b6454a10207c425a0c137575bc2f45e
MP-UP-2022-0054,PHOTO,/evidence/MP-UP-2022-0054/photo_579.jpg,Site progress photo,2023-06-01,Field Officer App,sha256:923256093d9a85c161a453406664be3a
MP-NAG-2024-0086,PHOTO,/evidence/MP-NAG-2024-0086/photo_281.jpg,Site progress photo,2024-09-10,Field Officer App,sha256:86942ab165f0a185ddebb853e0757c77
MP-KAR-2023-0114,PHOTO,/evidence/MP-KAR-2023-0114/photo_483.jpg,Site progress photo,2023-07-27,Field Officer App,sha256:35d8aba8f4fcb5724416cc26cbf82b10
MP-KER-2023-0093,PHOTO,/evidence/MP-KER-2023-0093/photo_694.jpg,Site progress photo,2023-08-01,Field Officer App,sha256:57f4e850b6587e1787b5774b6a87e954
MP-PUN-2024-0089,PHOTO,/evidence/MP-PUN-2024-0089/photo_443.jpg,Site progress photo,2025-01-06,Field Officer App,sha256:2c2f490beda1235645833e4256cda242
MP-PUN-2023-0092,PHOTO,/evidence/MP-PUN-2023-0092/photo_226.jpg,Site progress photo,2024-03-07,Field Officer App,sha256:a2e36d708a8eb998c7946418a305af1e
MP-TEL-2024-0095,PHOTO,/evidence/MP-TEL-2024-0095/photo_448.jpg,Site progress photo,2025-01-06,Field Officer App,sha256:2c922c83d84e0db7688b5b510f0527f8
MP-WB-2025-0076,PHOTO,/evidence/MP-WB-2025-0076/photo_995.jpg,Site progress photo,2025-12-31,Field Officer App,sha256:9b1c3db4e25e7a4dd7167da21cf15500
MP-DEL-2023-0106,PHOTO,/evidence/MP-DEL-2023-0106/photo_887.jpg,Site progress photo,2024-04-05,Field Officer App,sha256:cecc6b82df95e844969b414d564e9559
MP-TEL-2023-0086,PHOTO,/evidence/MP-TEL-2023-0086/photo_204.jpg,Site progress photo,2023-12-11,Field Officer App,sha256:e782e73eac738ea3bdd49e7be7a451f6
MP-MP-2023-0093,PHOTO,/evidence/MP-MP-2023-0093/photo_727.jpg,Site progress photo,2023-05-09,Field Officer App,sha256:9c3f84422540e68baf9711efd5a3da2e
MP-ASM-2023-0101,PHOTO,/evidence/MP-ASM-2023-0101/photo_961.jpg,Site progress photo,2024-04-01,Field Officer App,sha256:8014c4ea07cb4e447f6ee8b9a5f08ee9
MP-WB-2023-0088,PHOTO,/evidence/MP-WB-2023-0088/photo_960.jpg,Site progress photo,2023-12-17,Field Officer App,sha256:ff86b2908d3b1d3a26897b2f55879e78
MP-RAJ-2022-0051,PHOTO,/evidence/MP-RAJ-2022-0051/photo_666.jpg,Site progress photo,2022-09-30,Field Officer App,sha256:9cde9fed4f41a213b5139633848e0d94
MP-KAR-2024-0121,PHOTO,/evidence/MP-KAR-2024-0121/photo_164.jpg,Site progress photo,2024-12-07,Field Officer App,sha256:6cfee76d4cefe16da369807d888bed41
MP-KER-2024-0109,PHOTO,/evidence/MP-KER-2024-0109/photo_939.jpg,Site progress photo,2024-12-22,Field Officer App,sha256:216b4df73b5dad2fe459d11a8053d1dc
MP-ODI-2023-0124,PHOTO,/evidence/MP-ODI-2023-0124/photo_714.jpg,Site progress photo,2024-03-03,Field Officer App,sha256:237c4bd04a922de86d94e6ccd1c2b8f7
MP-KAR-2023-0118,PHOTO,/evidence/MP-KAR-2023-0118/photo_563.jpg,Site progress photo,2023-08-27,Field Officer App,sha256:b1439b6590ac27e68a3fdda4ec8af92d
MP-WB-2022-0060,PHOTO,/evidence/MP-WB-2022-0060/photo_769.jpg,Site progress photo,2023-05-08,Field Officer App,sha256:9b39bcdd80146d80b35e2b87b795bbe6
MP-ODI-2025-0065,PHOTO,/evidence/MP-ODI-2025-0065/photo_316.jpg,Site progress photo,2026-03-23,Field Officer App,sha256:08d0bbc6dc7485bf596f79af5fea7163
MP-ODI-2025-0066,PHOTO,/evidence/MP-ODI-2025-0066/photo_825.jpg,Site progress photo,2025-07-25,Field Officer App,sha256:996096f3760e0d07b069abc44a58c895
MP-WB-2024-0099,PHOTO,/evidence/MP-WB-2024-0099/photo_940.jpg,Site progress photo,2024-11-09,Field Officer App,sha256:55e2d08389eb27a345b74f2cacbe6788
MP-KAR-2024-0122,PHOTO,/evidence/MP-KAR-2024-0122/photo_174.jpg,Site progress photo,2024-12-12,Field Officer App,sha256:816440c900d748de864eab496fdb6b3a
MP-ODI-2023-0125,PHOTO,/evidence/MP-ODI-2023-0125/photo_434.jpg,Site progress photo,2023-06-14,Field Officer App,sha256:6dfe154a0c66e86c43f985da95871e43
MP-ODI-2024-0095,PHOTO,/evidence/MP-ODI-2024-0095/photo_41.jpg,Site progress photo,2024-07-02,Field Officer App,sha256:9806a9f389be4f7f5b35e54c489d5c2e
MP-UP-2024-0100,PHOTO,/evidence/MP-UP-2024-0100/photo_648.jpg,Site progress photo,2024-11-05,Field Officer App,sha256:113af77fb6492ba90626028f619401ea
MP-PUN-2023-0093,PHOTO,/evidence/MP-PUN-2023-0093/photo_386.jpg,Site progress photo,2023-11-30,Field Officer App,sha256:1ed945e03ca9ae974d50bf7f36983f3a
MP-RAJ-2023-0083,PHOTO,/evidence/MP-RAJ-2023-0083/photo_877.jpg,Site progress photo,2023-07-17,Field Officer App,sha256:2c2247e2434b59bd415622799f1b95c0
MP-TEL-2024-0096,PHOTO,/evidence/MP-TEL-2024-0096/photo_721.jpg,Site progress photo,2024-11-23,Field Officer App,sha256:3615f7bf1e69c925f8e3f9e5b6edfc0d
MP-ASM-2023-0102,PHOTO,/evidence/MP-ASM-2023-0102/photo_570.jpg,Site progress photo,2023-08-14,Field Officer App,sha256:55cc7ac362b2f99bef38a96c9013c6ba
MP-ODI-2024-0096,PHOTO,/evidence/MP-ODI-2024-0096/photo_710.jpg,Site progress photo,2024-11-15,Field Officer App,sha256:b21309541b349392d9771f38b90852ad
MP-ASM-2024-0120,PHOTO,/evidence/MP-ASM-2024-0120/photo_131.jpg,Site progress photo,2024-02-14,Field Officer App,sha256:c4b9ffa399fc38d989473f9daae977b7
MP-ODI-2023-0126,PHOTO,/evidence/MP-ODI-2023-0126/photo_125.jpg,Site progress photo,2023-11-21,Field Officer App,sha256:f504ddefc93875b4ca3d509d80030f89
MP-MH-2023-0098,PHOTO,/evidence/MP-MH-2023-0098/photo_545.jpg,Site progress photo,2023-10-22,Field Officer App,sha256:122dc071fdc44c6d12a299724920b549
MP-NAG-2023-0104,PHOTO,/evidence/MP-NAG-2023-0104/photo_201.jpg,Site progress photo,2023-09-02,Field Officer App,sha256:ac947cd629dd481edb202446bc5c59a6
MP-KER-2023-0094,PHOTO,/evidence/MP-KER-2023-0094/photo_834.jpg,Site progress photo,2023-06-02,Field Officer App,sha256:fcab6bf8ecf693c57abf1b68af0983c0
MP-BHR-2025-0066,PHOTO,/evidence/MP-BHR-2025-0066/photo_632.jpg,Site progress photo,2025-12-02,Field Officer App,sha256:c5e87a2fefd116f71006bb31a4cd90da
MP-KER-2025-0071,PHOTO,/evidence/MP-KER-2025-0071/photo_530.jpg,Site progress photo,2025-10-22,Field Officer App,sha256:06147baab1a51f8a5d05c747e8daed5a
MP-MH-2025-0085,PHOTO,/evidence/MP-MH-2025-0085/photo_429.jpg,Site progress photo,2025-10-21,Field Officer App,sha256:0f38eb512fb21a51d164675cd655721a
MP-ODI-2023-0127,PHOTO,/evidence/MP-ODI-2023-0127/photo_383.jpg,Site progress photo,2023-04-16,Field Officer App,sha256:db50ba9866a4a391aa29c4c48a5c4325
MP-DEL-2025-0078,PHOTO,/evidence/MP-DEL-2025-0078/photo_58.jpg,Site progress photo,2025-11-15,Field Officer App,sha256:e90f5e418a4e2f23a118918da1bc6fc4
MP-TEL-2023-0087,PHOTO,/evidence/MP-TEL-2023-0087/photo_875.jpg,Site progress photo,2023-06-16,Field Officer App,sha256:04fba8f4b233b3376c5aed28986d5152
MP-WB-2024-0101,PHOTO,/evidence/MP-WB-2024-0101/photo_347.jpg,Site progress photo,2024-08-17,Field Officer App,sha256:8f4559da13e639333730f52a2b5bd0f6
MP-GUJ-2023-0083,PHOTO,/evidence/MP-GUJ-2023-0083/photo_723.jpg,Site progress photo,2023-08-03,Field Officer App,sha256:9ea95010e40b018eeaef30688d798cbb
MP-PUN-2024-0090,PHOTO,/evidence/MP-PUN-2024-0090/photo_468.jpg,Site progress photo,2024-04-04,Field Officer App,sha256:10a357e27747eead803252eb520123e8
MP-KAR-2023-0119,PHOTO,/evidence/MP-KAR-2023-0119/photo_32.jpg,Site progress photo,2023-12-15,Field Officer App,sha256:7cb2f050e5daadb61f8ded821e7a0afd
MP-MH-2022-0055,PHOTO,/evidence/MP-MH-2022-0055/photo_326.jpg,Site progress photo,2022-09-18,Field Officer App,sha256:c3b7de47c3f0aa73ebf1309f63f32332
MP-MP-2023-0094,PHOTO,/evidence/MP-MP-2023-0094/photo_252.jpg,Site progress photo,2023-09-06,Field Officer App,sha256:daec03e61b09b4cda53c0b33271a308f
MP-DEL-2025-0079,PHOTO,/evidence/MP-DEL-2025-0079/photo_731.jpg,Site progress photo,2026-01-28,Field Officer App,sha256:c57981d29239233d490dcd725b4ac2a8
MP-MP-2022-0058,PHOTO,/evidence/MP-MP-2022-0058/photo_148.jpg,Site progress photo,2023-01-02,Field Officer App,sha256:92ecb8636b16874e91689f3f2e82cb51
MP-UP-2023-0105,PHOTO,/evidence/MP-UP-2023-0105/photo_856.jpg,Site progress photo,2023-09-02,Field Officer App,sha256:b886668b487196492bffda0f97ea9935
MP-TEL-2023-0088,PHOTO,/evidence/MP-TEL-2023-0088/photo_955.jpg,Site progress photo,2024-04-02,Field Officer App,sha256:ed029721cccc00651980209cc54eb15d
MP-BHR-2023-0096,PHOTO,/evidence/MP-BHR-2023-0096/photo_855.jpg,Site progress photo,2024-04-28,Field Officer App,sha256:0190b2234617972b1e9bb9e70499fc12
MP-TEL-2023-0089,PHOTO,/evidence/MP-TEL-2023-0089/photo_1.jpg,Site progress photo,2023-07-10,Field Officer App,sha256:a3d531af2ecc8d703fb15a722714792c
MP-BHR-2024-0108,PHOTO,/evidence/MP-BHR-2024-0108/photo_715.jpg,Site progress photo,2024-12-29,Field Officer App,sha256:5562ae5f61b6095f65af58fde14b48dd
MP-BHR-2022-0062,PHOTO,/evidence/MP-BHR-2022-0062/photo_717.jpg,Site progress photo,2022-10-12,Field Officer App,sha256:f4a200678b91048a22f59988964e2eae
MP-UP-2024-0102,PHOTO,/evidence/MP-UP-2024-0102/photo_664.jpg,Site progress photo,2024-12-13,Field Officer App,sha256:9d092d430b76598e4b797ec94f9b8370
MP-TEL-2023-0090,PHOTO,/evidence/MP-TEL-2023-0090/photo_852.jpg,Site progress photo,2024-01-01,Field Officer App,sha256:eed8c333aa425d30fc0b9086a0998c08
MP-WB-2023-0090,PHOTO,/evidence/MP-WB-2023-0090/photo_548.jpg,Site progress photo,2024-03-21,Field Officer App,sha256:972e9f9d46044224869aa1e78e63bafb
MP-RAJ-2024-0097,PHOTO,/evidence/MP-RAJ-2024-0097/photo_179.jpg,Site progress photo,2025-01-05,Field Officer App,sha256:fd182657a6efced784fa00314eb7422f
MP-NAG-2023-0105,PHOTO,/evidence/MP-NAG-2023-0105/photo_393.jpg,Site progress photo,2024-03-15,Field Officer App,sha256:1f2b5dd8bf68fa3e1919a12e2d2a0a54
MP-TN-2025-0065,PHOTO,/evidence/MP-TN-2025-0065/photo_914.jpg,Site progress photo,2025-09-11,Field Officer App,sha256:9d9a6e0cf762874ae7babbf1dd446c3b
MP-WB-2024-0102,PHOTO,/evidence/MP-WB-2024-0102/photo_836.jpg,Site progress photo,2024-04-23,Field Officer App,sha256:c449457283da6b895bcb2b7cbdde11da
MP-NAG-2024-0087,PHOTO,/evidence/MP-NAG-2024-0087/photo_993.jpg,Site progress photo,2024-07-14,Field Officer App,sha256:73dd45f0501d2327c3b4efc448cb5142
MP-DEL-2024-0104,PHOTO,/evidence/MP-DEL-2024-0104/photo_296.jpg,Site progress photo,2024-11-16,Field Officer App,sha256:e1acd4161b1326a0530e4fc2345e35db
MP-BHR-2024-0109,PHOTO,/evidence/MP-BHR-2024-0109/photo_97.jpg,Site progress photo,2024-10-06,Field Officer App,sha256:b55ef473da5c3b6372647fe6e4ed5eb3
MP-TEL-2023-0092,PHOTO,/evidence/MP-TEL-2023-0092/photo_150.jpg,Site progress photo,2023-11-19,Field Officer App,sha256:0a73339160015c20d675f8df8a5edcc5
MP-WB-2024-0103,PHOTO,/evidence/MP-WB-2024-0103/photo_554.jpg,Site progress photo,2024-11-06,Field Officer App,sha256:b2987adce84de78a5b213cf8bc5dedab
MP-DEL-2023-0110,PHOTO,/evidence/MP-DEL-2023-0110/photo_497.jpg,Site progress photo,2023-08-26,Field Officer App,sha256:bc4309791a411336326230c4e8eb3b0c
MP-KAR-2024-0123,PHOTO,/evidence/MP-KAR-2024-0123/photo_956.jpg,Site progress photo,2025-01-13,Field Officer App,sha256:bab276e0a9d9b54c645b5e1814f8e83d
MP-TN-2022-0042,PHOTO,/evidence/MP-TN-2022-0042/photo_609.jpg,Site progress photo,2022-12-01,Field Officer App,sha256:7ee5f3e1444f9ca25a1ad6db1b0987a1
MP-WB-2024-0104,PHOTO,/evidence/MP-WB-2024-0104/photo_714.jpg,Site progress photo,2024-08-16,Field Officer App,sha256:655ed184c707a66956c1c91a7f06fd20
MP-TEL-2023-0093,PHOTO,/evidence/MP-TEL-2023-0093/photo_387.jpg,Site progress photo,2023-06-03,Field Officer App,sha256:2ef05c7faca84725b83d7c41e0359edc
MP-PUN-2025-0075,PHOTO,/evidence/MP-PUN-2025-0075/photo_983.jpg,Site progress photo,2025-11-04,Field Officer App,sha256:a04712467c12ee7c3875680843e49a6d
MP-MP-2024-0096,PHOTO,/evidence/MP-MP-2024-0096/photo_701.jpg,Site progress photo,2024-11-03,Field Officer App,sha256:1e316e52cd886e6bc7f0991938efeba9
MP-DEL-2025-0080,PHOTO,/evidence/MP-DEL-2025-0080/photo_284.jpg,Site progress photo,2026-03-03,Field Officer App,sha256:358d6f53f73cf5eab03720c5fecdf52e
MP-BHR-2023-0097,PHOTO,/evidence/MP-BHR-2023-0097/photo_312.jpg,Site progress photo,2023-12-30,Field Officer App,sha256:12f21345b2a4614f14d295c0d032bf2e
MP-KAR-2022-0054,PHOTO,/evidence/MP-KAR-2022-0054/photo_626.jpg,Site progress photo,2022-08-18,Field Officer App,sha256:30a814bd099d64f35c19994546c76bf9
MP-NAG-2023-0106,PHOTO,/evidence/MP-NAG-2023-0106/photo_436.jpg,Site progress photo,2023-09-20,Field Officer App,sha256:21890657f2d81514a79d676f7c111ae5
MP-NAG-2022-0059,PHOTO,/evidence/MP-NAG-2022-0059/photo_148.jpg,Site progress photo,2023-02-22,Field Officer App,sha256:14e257f0f4290060fb900685164c1000
MP-NAG-2023-0107,PHOTO,/evidence/MP-NAG-2023-0107/photo_182.jpg,Site progress photo,2023-09-11,Field Officer App,sha256:73327e54d366d0b0381bea1eb5ad2a83
MP-ASM-2024-0121,PHOTO,/evidence/MP-ASM-2024-0121/photo_422.jpg,Site progress photo,2024-12-02,Field Officer App,sha256:671fc3b8cc4029cc2c7724a4cad2c46e
MP-TN-2025-0066,PHOTO,/evidence/MP-TN-2025-0066/photo_656.jpg,Site progress photo,2025-06-22,Field Officer App,sha256:100bd7613334a7bd01e0591da0dd07a7
MP-RAJ-2022-0052,PHOTO,/evidence/MP-RAJ-2022-0052/photo_96.jpg,Site progress photo,2023-04-10,Field Officer App,sha256:0120510462c938667e73c92549a50cc4
MP-WB-2023-0091,PHOTO,/evidence/MP-WB-2023-0091/photo_929.jpg,Site progress photo,2024-04-01,Field Officer App,sha256:ed7302f1a97485c964b2af03080d3d4d
MP-MH-2024-0089,PHOTO,/evidence/MP-MH-2024-0089/photo_941.jpg,Site progress photo,2024-09-19,Field Officer App,sha256:fdf52f3b713a36a2578f6266bf8bfbfd
MP-MP-2022-0059,PHOTO,/evidence/MP-MP-2022-0059/photo_871.jpg,Site progress photo,2023-01-26,Field Officer App,sha256:cf0a30fb92d544cd110f9cbcc7d2ba14
MP-ASM-2025-0064,PHOTO,/evidence/MP-ASM-2025-0064/photo_292.jpg,Site progress photo,2025-12-27,Field Officer App,sha256:9d9601ee2adc4e59d7b80b94de2baa9f
MP-BHR-2023-0098,PHOTO,/evidence/MP-BHR-2023-0098/photo_959.jpg,Site progress photo,2024-05-01,Field Officer App,sha256:99d3d9b2f77b077db115092dc3ee1465
MP-KAR-2025-0086,PHOTO,/evidence/MP-KAR-2025-0086/photo_768.jpg,Site progress photo,2025-08-09,Field Officer App,sha256:5d662242807e4c6c78ae760e1ca8fde8
MP-MH-2023-0100,PHOTO,/evidence/MP-MH-2023-0100/photo_451.jpg,Site progress photo,2023-08-15,Field Officer App,sha256:2af812789c45d5a2da91542279bb44df
MP-UP-2022-0056,PHOTO,/evidence/MP-UP-2022-0056/photo_742.jpg,Site progress photo,2022-12-02,Field Officer App,sha256:9ce7ea0ed4e87aa2532c6fbc1c7c3f71
MP-PUN-2025-0077,PHOTO,/evidence/MP-PUN-2025-0077/photo_877.jpg,Site progress photo,2026-03-30,Field Officer App,sha256:6a195f070b5654d911143c108d99b338
MP-RAJ-2023-0087,PHOTO,/evidence/MP-RAJ-2023-0087/photo_965.jpg,Site progress photo,2024-02-12,Field Officer App,sha256:8fb718f1fac2804cc9be578ae98a5eae
MP-NAG-2023-0108,PHOTO,/evidence/MP-NAG-2023-0108/photo_440.jpg,Site progress photo,2023-04-01,Field Officer App,sha256:47ebfef1607610da40722792161d5780
MP-ASM-2022-0038,PHOTO,/evidence/MP-ASM-2022-0038/photo_643.jpg,Site progress photo,2022-10-31,Field Officer App,sha256:fb10dc48d0bb1df6342baf05e5f273d5
MP-BHR-2024-0110,PHOTO,/evidence/MP-BHR-2024-0110/photo_665.jpg,Site progress photo,2024-08-20,Field Officer App,sha256:16e5aab74f989f30e9b3361cc8cae409
MP-DEL-2023-0111,PHOTO,/evidence/MP-DEL-2023-0111/photo_21.jpg,Site progress photo,2023-04-17,Field Officer App,sha256:fd2511ce1d8629c78672ec49f2fc035d
MP-KER-2022-0066,PHOTO,/evidence/MP-KER-2022-0066/photo_213.jpg,Site progress photo,2023-02-24,Field Officer App,sha256:a22b7b6364ae239c3b477a032346b262
MP-DEL-2024-0105,PHOTO,/evidence/MP-DEL-2024-0105/photo_753.jpg,Site progress photo,2025-01-15,Field Officer App,sha256:c3d0674501a70603803a1f0cdfe96212
MP-UP-2025-0065,PHOTO,/evidence/MP-UP-2025-0065/photo_810.jpg,Site progress photo,2025-04-21,Field Officer App,sha256:844e2024c4995f26b35d49b923969ba8
MP-KAR-2025-0087,PHOTO,/evidence/MP-KAR-2025-0087/photo_423.jpg,Site progress photo,2025-10-10,Field Officer App,sha256:97212f9a904c80c63ae35fc517dc77b4
MP-ASM-2022-0039,PHOTO,/evidence/MP-ASM-2022-0039/photo_76.jpg,Site progress photo,2023-02-14,Field Officer App,sha256:8ae4a32e9a974a0a6f2b67c0bdf7bd27
MP-PUN-2024-0095,PHOTO,/evidence/MP-PUN-2024-0095/photo_591.jpg,Site progress photo,2024-08-11,Field Officer App,sha256:2ff4d579769dd8a3d6eb17aae656fcb9
MP-DEL-2025-0083,PHOTO,/evidence/MP-DEL-2025-0083/photo_275.jpg,Site progress photo,2025-09-05,Field Officer App,sha256:fa14daddf3345891324752049f92876a
MP-TN-2023-0094,PHOTO,/evidence/MP-TN-2023-0094/photo_540.jpg,Site progress photo,2023-10-27,Field Officer App,sha256:d1a1bf5fdafda2f2947fe589071e2e17
MP-MH-2024-0091,PHOTO,/evidence/MP-MH-2024-0091/photo_66.jpg,Site progress photo,2024-10-04,Field Officer App,sha256:e8967020e95c7e98d4fc3916a1b5888d
MP-ODI-2024-0100,PHOTO,/evidence/MP-ODI-2024-0100/photo_638.jpg,Site progress photo,2024-05-16,Field Officer App,sha256:31d3a1f40e0c08ea3194a282902cd4ad
MP-BHR-2025-0069,PHOTO,/evidence/MP-BHR-2025-0069/photo_512.jpg,Site progress photo,2026-02-27,Field Officer App,sha256:bfa8753da882376a2c1c2dc7700e1a71
MP-KER-2022-0068,PHOTO,/evidence/MP-KER-2022-0068/photo_298.jpg,Site progress photo,2022-09-14,Field Officer App,sha256:75404a0fa29f12b049dbd9d2c0eaf06f
MP-ODI-2025-0068,PHOTO,/evidence/MP-ODI-2025-0068/photo_37.jpg,Site progress photo,2025-07-23,Field Officer App,sha256:d311a542055193e33af51fc41fd4a568
MP-UP-2022-0057,PHOTO,/evidence/MP-UP-2022-0057/photo_310.jpg,Site progress photo,2023-04-01,Field Officer App,sha256:e5fa0aaa29e48dee0803d40d64d48362
MP-TN-2023-0095,PHOTO,/evidence/MP-TN-2023-0095/photo_995.jpg,Site progress photo,2023-05-08,Field Officer App,sha256:977b98ca679f7a7b40ac0c8e408ed88d
MP-MH-2023-0102,PHOTO,/evidence/MP-MH-2023-0102/photo_865.jpg,Site progress photo,2023-03-31,Field Officer App,sha256:7d9f85d0b40b06fc1fce0e6c7f8529e1
MP-UP-2024-0103,PHOTO,/evidence/MP-UP-2024-0103/photo_921.jpg,Site progress photo,2025-03-12,Field Officer App,sha256:6153a33dceaca5a314457417f9a19181
MP-BHR-2023-0100,PHOTO,/evidence/MP-BHR-2023-0100/photo_496.jpg,Site progress photo,2023-09-02,Field Officer App,sha256:2c72f276bfeedb81526e724a6b0ff9ce
MP-WB-2022-0063,PHOTO,/evidence/MP-WB-2022-0063/photo_677.jpg,Site progress photo,2023-04-05,Field Officer App,sha256:1e01dedaffc9959837396874a6b999cd
MP-ASM-2022-0040,PHOTO,/evidence/MP-ASM-2022-0040/photo_847.jpg,Site progress photo,2022-07-17,Field Officer App,sha256:92f7738ca79a0dafe3311ae7ba7bb422
MP-UP-2023-0107,PHOTO,/evidence/MP-UP-2023-0107/photo_686.jpg,Site progress photo,2023-11-08,Field Officer App,sha256:c0b7fb533fb3b4c98b83bc0d0a040d79
MP-MP-2024-0097,PHOTO,/evidence/MP-MP-2024-0097/photo_496.jpg,Site progress photo,2025-05-19,Field Officer App,sha256:f21e75835625294ff4bbb6e98e6c811d
MP-BHR-2024-0113,PHOTO,/evidence/MP-BHR-2024-0113/photo_608.jpg,Site progress photo,2024-07-06,Field Officer App,sha256:0ed14401d2ce13b1a6d825c74a878dde
MP-GUJ-2024-0098,PHOTO,/evidence/MP-GUJ-2024-0098/photo_139.jpg,Site progress photo,2024-07-11,Field Officer App,sha256:f65216da9a2eaebaac0ee30982f97d68
MP-RAJ-2025-0071,PHOTO,/evidence/MP-RAJ-2025-0071/photo_751.jpg,Site progress photo,2025-12-16,Field Officer App,sha256:9d0b218a7a0404101e3ae584f1ad3d9c
MP-NAG-2025-0070,PHOTO,/evidence/MP-NAG-2025-0070/photo_630.jpg,Site progress photo,2025-10-05,Field Officer App,sha256:800600c19377176f5e89979bc000d736
MP-KAR-2024-0125,PHOTO,/evidence/MP-KAR-2024-0125/photo_580.jpg,Site progress photo,2024-01-21,Field Officer App,sha256:fa675485d4acf32c3f3ac9816f80998f
MP-MH-2024-0092,PHOTO,/evidence/MP-MH-2024-0092/photo_410.jpg,Site progress photo,2024-06-08,Field Officer App,sha256:52c9d5464564cc7fe1f1c6c1c7498e69
MP-PUN-2024-0096,PHOTO,/evidence/MP-PUN-2024-0096/photo_968.jpg,Site progress photo,2024-10-09,Field Officer App,sha256:1278e88933f8805eccde69d9f743a71f
MP-ODI-2025-0070,PHOTO,/evidence/MP-ODI-2025-0070/photo_365.jpg,Site progress photo,2025-05-06,Field Officer App,sha256:cbd0dd3845a83876e9b24aa45a58759d
MP-KAR-2024-0127,PHOTO,/evidence/MP-KAR-2024-0127/photo_160.jpg,Site progress photo,2025-01-17,Field Officer App,sha256:fb563597dc367e7ccf00c32ebe88a70b
MP-KAR-2024-0128,PHOTO,/evidence/MP-KAR-2024-0128/photo_78.jpg,Site progress photo,2024-08-18,Field Officer App,sha256:bcf73926d0329728edae8b3f4f810ffb
MP-KER-2025-0073,PHOTO,/evidence/MP-KER-2025-0073/photo_136.jpg,Site progress photo,2026-02-04,Field Officer App,sha256:f9f85fa0acdb4d6b25df069e6989b229
MP-MH-2023-0103,PHOTO,/evidence/MP-MH-2023-0103/photo_480.jpg,Site progress photo,2023-12-25,Field Officer App,sha256:b6167c7c50ad1133e4d2783116957be9
MP-RAJ-2024-0099,PHOTO,/evidence/MP-RAJ-2024-0099/photo_753.jpg,Site progress photo,2024-09-14,Field Officer App,sha256:1ee5c470cea82e7e95dca065025f82cf
MP-TEL-2024-0099,PHOTO,/evidence/MP-TEL-2024-0099/photo_725.jpg,Site progress photo,2024-05-23,Field Officer App,sha256:0352c829d78ad4b31d21dde29e286a21
MP-MP-2025-0085,PHOTO,/evidence/MP-MP-2025-0085/photo_664.jpg,Site progress photo,2026-01-24,Field Officer App,sha256:a8577ddf1181277feee02f4461178548
MP-ASM-2025-0066,PHOTO,/evidence/MP-ASM-2025-0066/photo_97.jpg,Site progress photo,2025-12-11,Field Officer App,sha256:3b8a43fdee2403b6080110fe8a3a059b
MP-WB-2023-0092,PHOTO,/evidence/MP-WB-2023-0092/photo_857.jpg,Site progress photo,2024-04-28,Field Officer App,sha256:7a348f854ce9b30f44b6396fb41bc048
MP-BHR-2025-0070,PHOTO,/evidence/MP-BHR-2025-0070/photo_101.jpg,Site progress photo,2025-11-25,Field Officer App,sha256:69a89fcf2756881e3263a954851eba80
MP-NAG-2023-0109,PHOTO,/evidence/MP-NAG-2023-0109/photo_595.jpg,Site progress photo,2024-03-22,Field Officer App,sha256:66802a40257e364ab657ecafd85608ef
MP-NAG-2023-0110,PHOTO,/evidence/MP-NAG-2023-0110/photo_250.jpg,Site progress photo,2023-06-14,Field Officer App,sha256:d4b19343093ac8f525404d769ff7a7d4
MP-KER-2024-0110,PHOTO,/evidence/MP-KER-2024-0110/photo_630.jpg,Site progress photo,2025-05-09,Field Officer App,sha256:43cd72f61553aa5f879e5aacaca835f4
MP-PUN-2023-0095,PHOTO,/evidence/MP-PUN-2023-0095/photo_8.jpg,Site progress photo,2023-12-12,Field Officer App,sha256:d395358ec7bbc1a25f9f79abc0f9d89a
MP-KAR-2025-0088,PHOTO,/evidence/MP-KAR-2025-0088/photo_903.jpg,Site progress photo,2025-08-20,Field Officer App,sha256:c9d2378bc4133d6a8db6ca63bb29228b
MP-GUJ-2025-0076,PHOTO,/evidence/MP-GUJ-2025-0076/photo_900.jpg,Site progress photo,2025-04-16,Field Officer App,sha256:d5cb36da3b3e3ef321da39f22c91860d
MP-TN-2022-0043,PHOTO,/evidence/MP-TN-2022-0043/photo_692.jpg,Site progress photo,2022-10-19,Field Officer App,sha256:112db65b37547e6d65800248e2ba7964
MP-MH-2024-0094,PHOTO,/evidence/MP-MH-2024-0094/photo_273.jpg,Site progress photo,2024-09-21,Field Officer App,sha256:319a5b9f8231d49a91d26ae9afcc145f
MP-PUN-2025-0080,PHOTO,/evidence/MP-PUN-2025-0080/photo_414.jpg,Site progress photo,2025-06-21,Field Officer App,sha256:5c94891cafd11f2abad6fd24aabbee0e
MP-GUJ-2024-0099,PHOTO,/evidence/MP-GUJ-2024-0099/photo_403.jpg,Site progress photo,2025-02-04,Field Officer App,sha256:d9caaaba69450ac44ad6c56be6b72595
MP-TEL-2025-0070,PHOTO,/evidence/MP-TEL-2025-0070/photo_12.jpg,Site progress photo,2025-08-17,Field Officer App,sha256:39e070d0a07307926194ec465d62ee61
MP-BHR-2025-0071,PHOTO,/evidence/MP-BHR-2025-0071/photo_535.jpg,Site progress photo,2025-10-01,Field Officer App,sha256:28547681897a8f58009f51ddb848806c
MP-NAG-2024-0089,PHOTO,/evidence/MP-NAG-2024-0089/photo_146.jpg,Site progress photo,2024-06-27,Field Officer App,sha256:ab2738c54d1e8f00eae2cfec1042e257
MP-MP-2023-0099,PHOTO,/evidence/MP-MP-2023-0099/photo_649.jpg,Site progress photo,2023-08-03,Field Officer App,sha256:4bcc82042375e5a96ac464fc6a8d86f2
MP-GUJ-2024-0100,PHOTO,/evidence/MP-GUJ-2024-0100/photo_702.jpg,Site progress photo,2025-01-01,Field Officer App,sha256:4cbc7961fc7237b0341ef892d4f4bc47
MP-DEL-2023-0113,PHOTO,/evidence/MP-DEL-2023-0113/photo_305.jpg,Site progress photo,2023-10-31,Field Officer App,sha256:0051f13cfa8fc5574aa90c786ef9e649
MP-WB-2024-0105,PHOTO,/evidence/MP-WB-2024-0105/photo_395.jpg,Site progress photo,2025-04-08,Field Officer App,sha256:6e3c6cd27503dd251b88ce25d5231147
MP-TEL-2023-0098,PHOTO,/evidence/MP-TEL-2023-0098/photo_841.jpg,Site progress photo,2023-08-24,Field Officer App,sha256:4eccabed6369521e9f960926b5e9df1a
MP-ASM-2024-0122,PHOTO,/evidence/MP-ASM-2024-0122/photo_158.jpg,Site progress photo,2024-11-03,Field Officer App,sha256:1ca90c9ff3745de9c9b9311daa4887a0
MP-MH-2023-0104,PHOTO,/evidence/MP-MH-2023-0104/photo_951.jpg,Site progress photo,2023-11-12,Field Officer App,sha256:9bc4146adaca3525f24d2afeacbd2793
MP-RAJ-2025-0072,PHOTO,/evidence/MP-RAJ-2025-0072/photo_804.jpg,Site progress photo,2025-10-25,Field Officer App,sha256:fff970d18ac037ecb2682d45302c1896
MP-UP-2022-0058,PHOTO,/evidence/MP-UP-2022-0058/photo_145.jpg,Site progress photo,2023-01-05,Field Officer App,sha256:594d3b7b47415e62ca15019f38783067
MP-RAJ-2024-0101,PHOTO,/evidence/MP-RAJ-2024-0101/photo_613.jpg,Site progress photo,2025-01-02,Field Officer App,sha256:0fa8c82ac9207cbd875ff614eacc9700
MP-MP-2023-0100,PHOTO,/evidence/MP-MP-2023-0100/photo_566.jpg,Site progress photo,2023-06-10,Field Officer App,sha256:8c20e70bd68eedde8deef09d3d2b9cca
MP-MP-2024-0098,PHOTO,/evidence/MP-MP-2024-0098/photo_950.jpg,Site progress photo,2024-10-27,Field Officer App,sha256:54876121dd8b3eb3e5dc5b571d77c4bf
MP-ASM-2024-0123,PHOTO,/evidence/MP-ASM-2024-0123/photo_569.jpg,Site progress photo,2024-11-25,Field Officer App,sha256:be6c07a75a7b4a9221a18fa81b742727
MP-WB-2022-0064,PHOTO,/evidence/MP-WB-2022-0064/photo_271.jpg,Site progress photo,2022-09-02,Field Officer App,sha256:b31214894ef930e8e3d9e4e81ba155fd
MP-UP-2025-0067,PHOTO,/evidence/MP-UP-2025-0067/photo_690.jpg,Site progress photo,2025-10-04,Field Officer App,sha256:5383bfa910b355922c2c769218c5a884
MP-TN-2023-0097,PHOTO,/evidence/MP-TN-2023-0097/photo_333.jpg,Site progress photo,2023-11-24,Field Officer App,sha256:c135a66be8665fe24dd584ea7bc62d98
MP-PUN-2023-0096,PHOTO,/evidence/MP-PUN-2023-0096/photo_239.jpg,Site progress photo,2024-02-24,Field Officer App,sha256:d978cf5220324f86239f41880702df42
MP-UP-2025-0068,PHOTO,/evidence/MP-UP-2025-0068/photo_139.jpg,Site progress photo,2025-12-29,Field Officer App,sha256:56790212d300d83b1dba06a7b8142bfd
MP-UP-2024-0106,PHOTO,/evidence/MP-UP-2024-0106/photo_912.jpg,Site progress photo,2024-06-20,Field Officer App,sha256:a10d1a629add57e7f0fc5c812dadc649
MP-GUJ-2025-0077,PHOTO,/evidence/MP-GUJ-2025-0077/photo_889.jpg,Site progress photo,2025-09-18,Field Officer App,sha256:3a5bd35175e9b4ae61f2c468244a9708
MP-PUN-2025-0082,PHOTO,/evidence/MP-PUN-2025-0082/photo_324.jpg,Site progress photo,2026-02-15,Field Officer App,sha256:e1aec63a9728beebe92b10f7f9eea942
MP-KER-2022-0070,PHOTO,/evidence/MP-KER-2022-0070/photo_416.jpg,Site progress photo,2022-07-09,Field Officer App,sha256:40d9b689e0b73b32197e9022a5dfdbea
MP-UP-2023-0109,PHOTO,/evidence/MP-UP-2023-0109/photo_830.jpg,Site progress photo,2024-01-07,Field Officer App,sha256:467765b3ec2fe1b696dfb15cb89cd0d8
MP-TEL-2023-0099,PHOTO,/evidence/MP-TEL-2023-0099/photo_382.jpg,Site progress photo,2023-09-16,Field Officer App,sha256:f382fe9e51587bd99b284ab3e3b1d7d8
MP-TEL-2023-0100,PHOTO,/evidence/MP-TEL-2023-0100/photo_775.jpg,Site progress photo,2023-09-02,Field Officer App,sha256:54d06121024503d88b369cb6d81b2731
MP-KAR-2025-0092,PHOTO,/evidence/MP-KAR-2025-0092/photo_471.jpg,Site progress photo,2025-12-01,Field Officer App,sha256:f00639735f4438caab80cb0a984c2a67
MP-NAG-2024-0090,PHOTO,/evidence/MP-NAG-2024-0090/photo_478.jpg,Site progress photo,2024-07-10,Field Officer App,sha256:142a51a578cc62ff738c97b4aef7bcf1
MP-MP-2022-0062,PHOTO,/evidence/MP-MP-2022-0062/photo_294.jpg,Site progress photo,2022-12-19,Field Officer App,sha256:d45669fbd26c104fd83d50fb5ccb0fd0
MP-BHR-2022-0063,PHOTO,/evidence/MP-BHR-2022-0063/photo_96.jpg,Site progress photo,2023-05-13,Field Officer App,sha256:99de848ce371998929bd57f9b8a7bcdc
MP-TEL-2024-0101,PHOTO,/evidence/MP-TEL-2024-0101/photo_197.jpg,Site progress photo,2024-05-10,Field Officer App,sha256:19ff7fa81b635c663bc30bb32cbfd59c
MP-RAJ-2023-0088,PHOTO,/evidence/MP-RAJ-2023-0088/photo_875.jpg,Site progress photo,2023-07-12,Field Officer App,sha256:8196aacb7299011fc079d5f4e3d57eda
MP-UP-2024-0107,PHOTO,/evidence/MP-UP-2024-0107/photo_685.jpg,Site progress photo,2024-04-16,Field Officer App,sha256:e55e87b95e7735db9d6e5bbdc059695c
MP-NAG-2025-0071,PHOTO,/evidence/MP-NAG-2025-0071/photo_154.jpg,Site progress photo,2025-10-27,Field Officer App,sha256:272417077319a17877b438f421bc577f
MP-TEL-2022-0051,PHOTO,/evidence/MP-TEL-2022-0051/photo_685.jpg,Site progress photo,2022-11-03,Field Officer App,sha256:c7d00d2ddc6fd75f9867ccac9ec66374
MP-RAJ-2025-0073,PHOTO,/evidence/MP-RAJ-2025-0073/photo_260.jpg,Site progress photo,2026-01-28,Field Officer App,sha256:5c27e71620376601cbc686a44a4124b8
MP-MP-2024-0099,PHOTO,/evidence/MP-MP-2024-0099/photo_641.jpg,Site progress photo,2024-10-21,Field Officer App,sha256:e973ace04f49f9bbcbbb0e2e28bf3721
MP-DEL-2024-0108,PHOTO,/evidence/MP-DEL-2024-0108/photo_412.jpg,Site progress photo,2025-04-26,Field Officer App,sha256:f8d70009b5fd1cd7a86cef54baa2f1aa
MP-KER-2024-0115,PHOTO,/evidence/MP-KER-2024-0115/photo_267.jpg,Site progress photo,2024-06-26,Field Officer App,sha256:61c4bd9c4bb0265d91c2974049714c2f
MP-DEL-2024-0110,PHOTO,/evidence/MP-DEL-2024-0110/photo_512.jpg,Site progress photo,2025-02-01,Field Officer App,sha256:2477770fa8f89dba81b8c79532b1d9a2
MP-KER-2025-0075,PHOTO,/evidence/MP-KER-2025-0075/photo_252.jpg,Site progress photo,2025-08-08,Field Officer App,sha256:89d9c87117491623613e7e154e534af0
MP-MH-2023-0107,PHOTO,/evidence/MP-MH-2023-0107/photo_669.jpg,Site progress photo,2023-11-17,Field Officer App,sha256:f971c3d28934ae1b8fe2ce80ec9e3a6d
MP-TEL-2023-0101,PHOTO,/evidence/MP-TEL-2023-0101/photo_203.jpg,Site progress photo,2023-07-15,Field Officer App,sha256:bb6a06978d5ebdcbb6ecd37b1ae6506e
MP-DEL-2023-0115,PHOTO,/evidence/MP-DEL-2023-0115/photo_91.jpg,Site progress photo,2023-10-24,Field Officer App,sha256:eeb884d42ee4926b1fa2ffb08d3a81b5
MP-MP-2023-0101,PHOTO,/evidence/MP-MP-2023-0101/photo_204.jpg,Site progress photo,2023-12-11,Field Officer App,sha256:bbbf10334ee4d15c04085114fa181605
MP-KER-2024-0116,PHOTO,/evidence/MP-KER-2024-0116/photo_785.jpg,Site progress photo,2025-02-24,Field Officer App,sha256:01416aab6bd7320d255fc444d34a8f9e
MP-PUN-2025-0084,PHOTO,/evidence/MP-PUN-2025-0084/photo_40.jpg,Site progress photo,2025-06-07,Field Officer App,sha256:0d0ef983276541d5c56b731400b96cd1
MP-NAG-2022-0060,PHOTO,/evidence/MP-NAG-2022-0060/photo_454.jpg,Site progress photo,2023-02-03,Field Officer App,sha256:fdfc1cf810cf949bf366a712579c9ac4
MP-NAG-2023-0112,PHOTO,/evidence/MP-NAG-2023-0112/photo_38.jpg,Site progress photo,2023-10-26,Field Officer App,sha256:d4dde48d6b39e755aeada684ba80413b
MP-ODI-2023-0128,PHOTO,/evidence/MP-ODI-2023-0128/photo_244.jpg,Site progress photo,2024-01-02,Field Officer App,sha256:f6655463aed3fb700630fd184ba8f4d5
MP-MH-2025-0089,PHOTO,/evidence/MP-MH-2025-0089/photo_775.jpg,Site progress photo,2025-07-17,Field Officer App,sha256:b64fbb1043113818e5e3448fa62de116
MP-GUJ-2023-0087,PHOTO,/evidence/MP-GUJ-2023-0087/photo_397.jpg,Site progress photo,2024-02-16,Field Officer App,sha256:1cf9af6d6a28ae7657151c3e0ba87c45
MP-MH-2025-0090,PHOTO,/evidence/MP-MH-2025-0090/photo_630.jpg,Site progress photo,2025-05-15,Field Officer App,sha256:0cf9a915ca447cb87d55b44e07d62670
MP-NAG-2024-0092,PHOTO,/evidence/MP-NAG-2024-0092/photo_679.jpg,Site progress photo,2025-01-09,Field Officer App,sha256:e0427fc4369c8465e83b749dbf233268
MP-PUN-2022-0051,PHOTO,/evidence/MP-PUN-2022-0051/photo_169.jpg,Site progress photo,2022-08-12,Field Officer App,sha256:d881bfb70ea912ceb12c7424eeaff7cf
MP-GUJ-2024-0103,PHOTO,/evidence/MP-GUJ-2024-0103/photo_285.jpg,Site progress photo,2024-06-18,Field Officer App,sha256:db1c038e351384ad0c5be83cf4cd312a
MP-ODI-2023-0129,PHOTO,/evidence/MP-ODI-2023-0129/photo_913.jpg,Site progress photo,2023-10-28,Field Officer App,sha256:a9bc92be669e2a06d52cfb2bece7461b
MP-WB-2023-0095,PHOTO,/evidence/MP-WB-2023-0095/photo_759.jpg,Site progress photo,2023-07-09,Field Officer App,sha256:b95839e8e8aa3cb3b1108bf7eca5a2c4
MP-MP-2025-0087,PHOTO,/evidence/MP-MP-2025-0087/photo_917.jpg,Site progress photo,2025-05-27,Field Officer App,sha256:8df8a139042e2aeb9c2603f5d9afc70b
MP-NAG-2024-0093,PHOTO,/evidence/MP-NAG-2024-0093/photo_812.jpg,Site progress photo,2025-02-28,Field Officer App,sha256:1676ccd71c33cdff7faade795e79170d
MP-ODI-2023-0130,PHOTO,/evidence/MP-ODI-2023-0130/photo_861.jpg,Site progress photo,2023-06-03,Field Officer App,sha256:40aec31411e0cb363c3888c28bca7a33
MP-RAJ-2025-0074,PHOTO,/evidence/MP-RAJ-2025-0074/photo_162.jpg,Site progress photo,2025-02-06,Field Officer App,sha256:2d41fb121f5b054f8d514028aa509399
MP-UP-2024-0109,PHOTO,/evidence/MP-UP-2024-0109/photo_260.jpg,Site progress photo,2024-05-24,Field Officer App,sha256:691ccf3967b908c0517ea3c2776c66a2
MP-GUJ-2024-0105,PHOTO,/evidence/MP-GUJ-2024-0105/photo_907.jpg,Site progress photo,2024-12-04,Field Officer App,sha256:dc9f8e217fc33f9e6d2fe75940d51977
MP-BHR-2024-0116,PHOTO,/evidence/MP-BHR-2024-0116/photo_747.jpg,Site progress photo,2024-11-22,Field Officer App,sha256:daeb699bc7dae2fd2ae715c115a64d6f
MP-TN-2024-0104,PHOTO,/evidence/MP-TN-2024-0104/photo_621.jpg,Site progress photo,2024-08-27,Field Officer App,sha256:8509c10558e0737891e8932ace15c042
MP-KAR-2023-0122,PHOTO,/evidence/MP-KAR-2023-0122/photo_673.jpg,Site progress photo,2023-11-09,Field Officer App,sha256:86c3b9770fcf5160bc366b4b9b9c09fb
MP-RAJ-2023-0090,PHOTO,/evidence/MP-RAJ-2023-0090/photo_345.jpg,Site progress photo,2023-11-07,Field Officer App,sha256:daabcd2ee6716e0c63b2b315d4a93c7c
MP-MP-2022-0063,PHOTO,/evidence/MP-MP-2022-0063/photo_236.jpg,Site progress photo,2023-01-20,Field Officer App,sha256:6452cc5629b3a8e61ed9590e0913ecb4
MP-UP-2022-0059,PHOTO,/evidence/MP-UP-2022-0059/photo_985.jpg,Site progress photo,2022-12-27,Field Officer App,sha256:b7e60676515893c1728c0d84c0c203c4
MP-KAR-2024-0130,PHOTO,/evidence/MP-KAR-2024-0130/photo_391.jpg,Site progress photo,2024-12-29,Field Officer App,sha256:037097df3f53b7314d2b44a6e0c070ad
MP-ASM-2022-0042,PHOTO,/evidence/MP-ASM-2022-0042/photo_358.jpg,Site progress photo,2022-12-29,Field Officer App,sha256:dedb80e34719e82a3bd8f7ccdf639242
MP-PUN-2024-0101,PHOTO,/evidence/MP-PUN-2024-0101/photo_763.jpg,Site progress photo,2025-02-01,Field Officer App,sha256:fb85b4e84086eaf9f89df4db12c13be5
MP-MP-2022-0064,PHOTO,/evidence/MP-MP-2022-0064/photo_725.jpg,Site progress photo,2023-04-30,Field Officer App,sha256:63dea1c388b38c5cb59d899dfce9e203
MP-PUN-2024-0102,PHOTO,/evidence/MP-PUN-2024-0102/photo_188.jpg,Site progress photo,2025-03-05,Field Officer App,sha256:a375cfa9901e2cde1abb3e80c76d09b1
MP-KER-2022-0071,PHOTO,/evidence/MP-KER-2022-0071/photo_169.jpg,Site progress photo,2022-09-30,Field Officer App,sha256:e0ef6d8dd16ce209e75eb3393de6368c
MP-DEL-2025-0085,PHOTO,/evidence/MP-DEL-2025-0085/photo_277.jpg,Site progress photo,2025-11-11,Field Officer App,sha256:21c15218bd473782ae5a55b44ddf0a45
MP-RAJ-2024-0104,PHOTO,/evidence/MP-RAJ-2024-0104/photo_284.jpg,Site progress photo,2025-01-10,Field Officer App,sha256:2784ba0c7a26721e91aeef34819f72d3
MP-RAJ-2023-0091,PHOTO,/evidence/MP-RAJ-2023-0091/photo_120.jpg,Site progress photo,2024-05-05,Field Officer App,sha256:8429b9d912c1faff4332822c4e0c1c8f
MP-PUN-2022-0052,PHOTO,/evidence/MP-PUN-2022-0052/photo_908.jpg,Site progress photo,2023-02-16,Field Officer App,sha256:0c1e7fb3ac61660cd0286f21b935e8c7
MP-ASM-2022-0043,PHOTO,/evidence/MP-ASM-2022-0043/photo_377.jpg,Site progress photo,2023-05-28,Field Officer App,sha256:90834297946526392a173f8837f82d31
MP-ASM-2025-0069,PHOTO,/evidence/MP-ASM-2025-0069/photo_762.jpg,Site progress photo,2025-10-05,Field Officer App,sha256:2038dc0f57fb5a01c2f7f2cee17dff4c
MP-KAR-2022-0060,PHOTO,/evidence/MP-KAR-2022-0060/photo_937.jpg,Site progress photo,2022-12-13,Field Officer App,sha256:935ef1cd9ae9aeee78e01fba4770603d
MP-NAG-2024-0094,PHOTO,/evidence/MP-NAG-2024-0094/photo_570.jpg,Site progress photo,2024-11-25,Field Officer App,sha256:eacee51d9aef8a75390e1cc740cac932
MP-RAJ-2023-0092,PHOTO,/evidence/MP-RAJ-2023-0092/photo_683.jpg,Site progress photo,2023-09-27,Field Officer App,sha256:db9f26826d5cc52cdfed24058293e343
MP-WB-2022-0066,PHOTO,/evidence/MP-WB-2022-0066/photo_754.jpg,Site progress photo,2023-01-26,Field Officer App,sha256:186b9d02fbc299bfd307f6c86090d8c8
MP-RAJ-2022-0054,PHOTO,/evidence/MP-RAJ-2022-0054/photo_90.jpg,Site progress photo,2022-08-13,Field Officer App,sha256:91d6fae55cc86772d2692cc9af6016aa
MP-ASM-2025-0070,PHOTO,/evidence/MP-ASM-2025-0070/photo_800.jpg,Site progress photo,2025-08-09,Field Officer App,sha256:6e59b59dd63656e7c3b987773aff23e8
MP-ODI-2025-0074,PHOTO,/evidence/MP-ODI-2025-0074/photo_909.jpg,Site progress photo,2025-10-21,Field Officer App,sha256:0b6cf38ebb717cee304179dae262e092
MP-BHR-2022-0067,PHOTO,/evidence/MP-BHR-2022-0067/photo_480.jpg,Site progress photo,2022-09-17,Field Officer App,sha256:026772e00f4e57ad6c10049a95fb2460
MP-MP-2024-0102,PHOTO,/evidence/MP-MP-2024-0102/photo_308.jpg,Site progress photo,2024-12-23,Field Officer App,sha256:6dbade326dfcecf8b3aaabf9331c90e9
MP-KER-2023-0102,PHOTO,/evidence/MP-KER-2023-0102/photo_288.jpg,Site progress photo,2023-02-21,Field Officer App,sha256:1eb3338572e95877a609c8cc0c2b130e
MP-GUJ-2023-0089,PHOTO,/evidence/MP-GUJ-2023-0089/photo_670.jpg,Site progress photo,2023-11-06,Field Officer App,sha256:da0b227950699929ec7d40f271f9daba
MP-UP-2023-0113,PHOTO,/evidence/MP-UP-2023-0113/photo_711.jpg,Site progress photo,2023-08-25,Field Officer App,sha256:5622b3e4d1fabbca78c745977df4f18c
MP-RAJ-2025-0077,PHOTO,/evidence/MP-RAJ-2025-0077/photo_180.jpg,Site progress photo,2026-01-27,Field Officer App,sha256:8898ecb3ce777cd2ef5c2450f611df9b
MP-KER-2024-0118,PHOTO,/evidence/MP-KER-2024-0118/photo_820.jpg,Site progress photo,2024-11-21,Field Officer App,sha256:a3d1894c8fd5fd73f0e572f477e49f76
MP-ASM-2024-0125,PHOTO,/evidence/MP-ASM-2024-0125/photo_235.jpg,Site progress photo,2024-03-26,Field Officer App,sha256:a302ebe8b7439487c08e1f93d1f420b4
MP-MH-2025-0091,PHOTO,/evidence/MP-MH-2025-0091/photo_599.jpg,Site progress photo,2025-12-01,Field Officer App,sha256:bc79026257ad95b712717b6be3968359
MP-TEL-2023-0102,PHOTO,/evidence/MP-TEL-2023-0102/photo_403.jpg,Site progress photo,2023-09-19,Field Officer App,sha256:b9cd340b7b0790e3c25fa552022ea056
MP-PUN-2023-0098,PHOTO,/evidence/MP-PUN-2023-0098/photo_558.jpg,Site progress photo,2023-09-19,Field Officer App,sha256:78aaf65b2c7bd11d023ac2c7635285cf
MP-TN-2025-0069,PHOTO,/evidence/MP-TN-2025-0069/photo_592.jpg,Site progress photo,2025-02-24,Field Officer App,sha256:6b2bf402004f0be129205ebab6cb4c4b
MP-UP-2023-0114,PHOTO,/evidence/MP-UP-2023-0114/photo_282.jpg,Site progress photo,2023-02-25,Field Officer App,sha256:44b8783becd106dd72fd8b46cb945824
MP-KER-2023-0104,PHOTO,/evidence/MP-KER-2023-0104/photo_152.jpg,Site progress photo,2024-06-04,Field Officer App,sha256:445fa15c340615c4f9165cc2a8b8e579
MP-GUJ-2024-0106,PHOTO,/evidence/MP-GUJ-2024-0106/photo_3.jpg,Site progress photo,2024-11-29,Field Officer App,sha256:f48466215a19cb6926e7c44dba5eb71c
MP-GUJ-2022-0067,PHOTO,/evidence/MP-GUJ-2022-0067/photo_605.jpg,Site progress photo,2022-12-19,Field Officer App,sha256:51cec43dc42876a9af1daaf1b470b403
MP-TN-2022-0045,PHOTO,/evidence/MP-TN-2022-0045/photo_442.jpg,Site progress photo,2023-01-28,Field Officer App,sha256:9647e705c39f3ff8fe2a6ce8949b1664
MP-NAG-2025-0072,PHOTO,/evidence/MP-NAG-2025-0072/photo_53.jpg,Site progress photo,2025-11-21,Field Officer App,sha256:a3c7d7b60dd7487fc321826a72bcefa5
MP-DEL-2023-0116,PHOTO,/evidence/MP-DEL-2023-0116/photo_945.jpg,Site progress photo,2024-02-14,Field Officer App,sha256:13fd044ba405916b2fb4dbacd7660b1a
MP-RAJ-2023-0094,PHOTO,/evidence/MP-RAJ-2023-0094/photo_271.jpg,Site progress photo,2023-11-05,Field Officer App,sha256:bef2e9578c3868a933cf7636849bab1b
MP-ODI-2022-0073,PHOTO,/evidence/MP-ODI-2022-0073/photo_97.jpg,Site progress photo,2022-12-31,Field Officer App,sha256:b621b05c2436ddfca4787adfacd213d5
MP-TEL-2024-0102,PHOTO,/evidence/MP-TEL-2024-0102/photo_228.jpg,Site progress photo,2024-07-20,Field Officer App,sha256:06fb728ed090193e18be04b42a1a7b6c
MP-MH-2024-0096,PHOTO,/evidence/MP-MH-2024-0096/photo_27.jpg,Site progress photo,2024-05-07,Field Officer App,sha256:df548e6f00edcd9b9bc47478cf134531
MP-KER-2022-0073,PHOTO,/evidence/MP-KER-2022-0073/photo_671.jpg,Site progress photo,2023-03-02,Field Officer App,sha256:31dc11ba177cf8863f86f439ad48bf3b
MP-KAR-2025-0093,PHOTO,/evidence/MP-KAR-2025-0093/photo_56.jpg,Site progress photo,2025-10-01,Field Officer App,sha256:ea56a4451942831a9cf6b0f2e73aac40
MP-KAR-2024-0131,PHOTO,/evidence/MP-KAR-2024-0131/photo_478.jpg,Site progress photo,2024-08-15,Field Officer App,sha256:f175850f670114ed9bda06e246afe7ac
MP-ASM-2023-0114,PHOTO,/evidence/MP-ASM-2023-0114/photo_665.jpg,Site progress photo,2024-01-29,Field Officer App,sha256:94eb23880183a2f2e3f6ade7a0cf332c
MP-UP-2023-0115,PHOTO,/evidence/MP-UP-2023-0115/photo_746.jpg,Site progress photo,2023-10-06,Field Officer App,sha256:842cd50d9c4df462da6ddba0045f4c14
MP-MP-2025-0089,PHOTO,/evidence/MP-MP-2025-0089/photo_750.jpg,Site progress photo,2025-10-14,Field Officer App,sha256:de66cf69e3ee218c4d8ccf84502fff14
MP-KER-2024-0119,PHOTO,/evidence/MP-KER-2024-0119/photo_218.jpg,Site progress photo,2024-08-10,Field Officer App,sha256:10ac719f14bb95db3a4a240b838471e7
MP-TEL-2023-0104,PHOTO,/evidence/MP-TEL-2023-0104/photo_645.jpg,Site progress photo,2024-05-31,Field Officer App,sha256:852920c60ca4a77c43be3ed89416e079
MP-DEL-2025-0086,PHOTO,/evidence/MP-DEL-2025-0086/photo_355.jpg,Site progress photo,2025-03-06,Field Officer App,sha256:265ff4406358aad4fc17f1c07781eb55
MP-DEL-2025-0087,PHOTO,/evidence/MP-DEL-2025-0087/photo_162.jpg,Site progress photo,2026-03-06,Field Officer App,sha256:ccc313825e5d34ab2f127fbbd55ef782
MP-KAR-2022-0061,PHOTO,/evidence/MP-KAR-2022-0061/photo_948.jpg,Site progress photo,2022-11-27,Field Officer App,sha256:d0c84ed8525fe45089d045c2e8470b1b
MP-KER-2024-0120,PHOTO,/evidence/MP-KER-2024-0120/photo_87.jpg,Site progress photo,2024-12-16,Field Officer App,sha256:5c6fc8c82340a4efe7ab5ebb9e81e20a
MP-WB-2023-0099,PHOTO,/evidence/MP-WB-2023-0099/photo_601.jpg,Site progress photo,2024-02-26,Field Officer App,sha256:aaf8a3ccdeaa0620b9dff467bcf3333b
MP-DEL-2024-0113,PHOTO,/evidence/MP-DEL-2024-0113/photo_721.jpg,Site progress photo,2024-08-09,Field Officer App,sha256:eebdfdbd0f8cae798148b79b418166a1
MP-BHR-2023-0105,PHOTO,/evidence/MP-BHR-2023-0105/photo_672.jpg,Site progress photo,2023-07-14,Field Officer App,sha256:756014217947b8caa6a244048223d154
MP-BHR-2023-0106,PHOTO,/evidence/MP-BHR-2023-0106/photo_989.jpg,Site progress photo,2024-04-01,Field Officer App,sha256:bc45308f45a960306824603feeae12ab
MP-MH-2023-0110,PHOTO,/evidence/MP-MH-2023-0110/photo_273.jpg,Site progress photo,2023-12-31,Field Officer App,sha256:996c2bb62aa435ca2cdfb9a2aa2e3453
MP-NAG-2024-0095,PHOTO,/evidence/MP-NAG-2024-0095/photo_693.jpg,Site progress photo,2024-06-21,Field Officer App,sha256:610b09816792b65212995af0c083f0f7
MP-MP-2024-0104,PHOTO,/evidence/MP-MP-2024-0104/photo_36.jpg,Site progress photo,2024-03-05,Field Officer App,sha256:90ce44742c7db3301f7eaceafd408e47
MP-WB-2022-0068,PHOTO,/evidence/MP-WB-2022-0068/photo_599.jpg,Site progress photo,2022-11-02,Field Officer App,sha256:ffffe1a78000216404aab880e1e56cca
MP-BHR-2023-0107,PHOTO,/evidence/MP-BHR-2023-0107/photo_58.jpg,Site progress photo,2023-07-10,Field Officer App,sha256:00b5c2adfdddcd871e0569f0a18790e5
MP-KAR-2024-0132,PHOTO,/evidence/MP-KAR-2024-0132/photo_137.jpg,Site progress photo,2024-05-15,Field Officer App,sha256:025494570b6fc7860ee91900d6146b9f
MP-RAJ-2022-0055,PHOTO,/evidence/MP-RAJ-2022-0055/photo_822.jpg,Site progress photo,2022-10-16,Field Officer App,sha256:c29f4a6887b96f9a36e2bb38ed6e8d0c
MP-DEL-2025-0088,PHOTO,/evidence/MP-DEL-2025-0088/photo_735.jpg,Site progress photo,2025-07-05,Field Officer App,sha256:6c01d41176e2ed626bee09cc09011a3f
MP-TN-2022-0046,PHOTO,/evidence/MP-TN-2022-0046/photo_134.jpg,Site progress photo,2023-02-23,Field Officer App,sha256:70cf737a4fc8289b78fab8722425e270
MP-RAJ-2025-0079,PHOTO,/evidence/MP-RAJ-2025-0079/photo_727.jpg,Site progress photo,2025-04-02,Field Officer App,sha256:a151379dc27e6d90388d83cfb9684be8
MP-PUN-2024-0105,PHOTO,/evidence/MP-PUN-2024-0105/photo_950.jpg,Site progress photo,2024-04-06,Field Officer App,sha256:7c1f318f98ea7a50ff34ec31be0752d4
MP-BHR-2024-0117,PHOTO,/evidence/MP-BHR-2024-0117/photo_331.jpg,Site progress photo,2024-12-13,Field Officer App,sha256:c035a5a12dbcf6b2861035e359d706a3
MP-ASM-2023-0115,PHOTO,/evidence/MP-ASM-2023-0115/photo_596.jpg,Site progress photo,2023-11-29,Field Officer App,sha256:456138d87df94bdfc7c203aaae681a28
MP-GUJ-2024-0107,PHOTO,/evidence/MP-GUJ-2024-0107/photo_63.jpg,Site progress photo,2024-07-16,Field Officer App,sha256:db809be2343c147287fa2c361fb441d2
MP-PUN-2025-0086,PHOTO,/evidence/MP-PUN-2025-0086/photo_440.jpg,Site progress photo,2025-11-02,Field Officer App,sha256:7ea7391feb3665a017c8e7a1d5b119ed
MP-DEL-2022-0054,PHOTO,/evidence/MP-DEL-2022-0054/photo_818.jpg,Site progress photo,2023-03-11,Field Officer App,sha256:74c4f3de8757d97187cd15630b98bca5
MP-NAG-2022-0061,PHOTO,/evidence/MP-NAG-2022-0061/photo_349.jpg,Site progress photo,2023-05-29,Field Officer App,sha256:425806fa47eeb2d465a912a9e61f89f1
MP-MP-2023-0104,PHOTO,/evidence/MP-MP-2023-0104/photo_155.jpg,Site progress photo,2023-12-26,Field Officer App,sha256:a035530ea472287e0a2ee0b185f390b3
MP-ODI-2023-0132,PHOTO,/evidence/MP-ODI-2023-0132/photo_948.jpg,Site progress photo,2023-08-25,Field Officer App,sha256:a3ad87ebc1c814ed21f40fa53ade818c
MP-MP-2022-0066,PHOTO,/evidence/MP-MP-2022-0066/photo_58.jpg,Site progress photo,2023-03-21,Field Officer App,sha256:67f971b2ef61b441f77bd287adc7e213
MP-ASM-2024-0127,PHOTO,/evidence/MP-ASM-2024-0127/photo_395.jpg,Site progress photo,2024-03-12,Field Officer App,sha256:95ac09d407cd0cd09cd19fe9d14438e8
MP-MP-2023-0105,PHOTO,/evidence/MP-MP-2023-0105/photo_952.jpg,Site progress photo,2023-07-24,Field Officer App,sha256:13eeb2960db984c1e354b2cc8cad097a
MP-WB-2024-0109,PHOTO,/evidence/MP-WB-2024-0109/photo_572.jpg,Site progress photo,2024-05-08,Field Officer App,sha256:cc38665ab681c9c67c11242b9fbd1f75
MP-BHR-2024-0118,PHOTO,/evidence/MP-BHR-2024-0118/photo_292.jpg,Site progress photo,2024-11-23,Field Officer App,sha256:6056fd749e757d660c3f31864dacd12e
MP-ASM-2025-0071,PHOTO,/evidence/MP-ASM-2025-0071/photo_869.jpg,Site progress photo,2025-05-14,Field Officer App,sha256:68aecf3d2c6f13cd62d01d5cb4275c42
MP-NAG-2023-0114,PHOTO,/evidence/MP-NAG-2023-0114/photo_637.jpg,Site progress photo,2024-02-22,Field Officer App,sha256:2e2d07be93e626cdb5cfd66d1198c07d
MP-MH-2025-0094,PHOTO,/evidence/MP-MH-2025-0094/photo_175.jpg,Site progress photo,2025-07-18,Field Officer App,sha256:f7c49048a55316fe5fc094d0a29dac20
MP-WB-2022-0070,PHOTO,/evidence/MP-WB-2022-0070/photo_292.jpg,Site progress photo,2022-07-13,Field Officer App,sha256:7b3e56eb494c9bc439521fa957f99d4e
MP-TN-2025-0070,PHOTO,/evidence/MP-TN-2025-0070/photo_275.jpg,Site progress photo,2025-10-29,Field Officer App,sha256:7e890e0cb94963a91d3aa34b5e8a0e7e
MP-RAJ-2024-0105,PHOTO,/evidence/MP-RAJ-2024-0105/photo_360.jpg,Site progress photo,2024-06-27,Field Officer App,sha256:4a620466666b28a35b3552de1517b3bf
MP-WB-2025-0077,PHOTO,/evidence/MP-WB-2025-0077/photo_341.jpg,Site progress photo,2025-10-11,Field Officer App,sha256:1a00613c628935410a29a9db81d1e815
MP-BHR-2023-0109,PHOTO,/evidence/MP-BHR-2023-0109/photo_628.jpg,Site progress photo,2024-03-02,Field Officer App,sha256:79e92a2a2ed319352aa69c7bdf4350d9
MP-ODI-2024-0103,PHOTO,/evidence/MP-ODI-2024-0103/photo_148.jpg,Site progress photo,2024-09-15,Field Officer App,sha256:d8715e8228375544fbf55455a6aa6451
MP-TN-2025-0071,PHOTO,/evidence/MP-TN-2025-0071/photo_119.jpg,Site progress photo,2025-07-22,Field Officer App,sha256:b281a6bf4e7552e7f921ee5a9cd8e0d0
MP-BHR-2024-0119,PHOTO,/evidence/MP-BHR-2024-0119/photo_956.jpg,Site progress photo,2024-10-23,Field Officer App,sha256:1ac1413e60dd1d2a0adcd0f86b7f58e9
MP-MH-2022-0059,PHOTO,/evidence/MP-MH-2022-0059/photo_181.jpg,Site progress photo,2022-11-27,Field Officer App,sha256:9b1073e64e47b70450899d2ded30faae
MP-ODI-2024-0104,PHOTO,/evidence/MP-ODI-2024-0104/photo_664.jpg,Site progress photo,2024-07-31,Field Officer App,sha256:5db0391c733415cbdc46287f53df0b88
MP-TEL-2024-0103,PHOTO,/evidence/MP-TEL-2024-0103/photo_843.jpg,Site progress photo,2024-07-14,Field Officer App,sha256:9d63141de83844265e3ea01666167d40
MP-MP-2023-0106,PHOTO,/evidence/MP-MP-2023-0106/photo_577.jpg,Site progress photo,2023-08-06,Field Officer App,sha256:4750176946285d221bb4504479515f06
MP-MH-2023-0111,PHOTO,/evidence/MP-MH-2023-0111/photo_713.jpg,Site progress photo,2023-05-18,Field Officer App,sha256:1e2932282374bc3e5b65f7a2397f4b52
MP-MH-2023-0112,PHOTO,/evidence/MP-MH-2023-0112/photo_836.jpg,Site progress photo,2023-06-29,Field Officer App,sha256:18a3ff952542e9069c8aedc150c5869b
MP-ASM-2024-0130,PHOTO,/evidence/MP-ASM-2024-0130/photo_749.jpg,Site progress photo,2024-05-31,Field Officer App,sha256:30943b97d5463ece2327c5a142973078
MP-TN-2023-0101,PHOTO,/evidence/MP-TN-2023-0101/photo_409.jpg,Site progress photo,2023-05-10,Field Officer App,sha256:ec59dd101d91abe8b15c23f80b129392
MP-DEL-2023-0118,PHOTO,/evidence/MP-DEL-2023-0118/photo_392.jpg,Site progress photo,2023-03-06,Field Officer App,sha256:02bbd07dd3d681ae10c73f844f34a5f8
MP-RAJ-2022-0056,PHOTO,/evidence/MP-RAJ-2022-0056/photo_450.jpg,Site progress photo,2023-05-02,Field Officer App,sha256:7e1923f44bb51998b307cc40a98582dd
MP-PUN-2025-0088,PHOTO,/evidence/MP-PUN-2025-0088/photo_346.jpg,Site progress photo,2025-09-20,Field Officer App,sha256:f41e4041d96bc4cd390742e662f4c180
MP-GUJ-2024-0108,PHOTO,/evidence/MP-GUJ-2024-0108/photo_869.jpg,Site progress photo,2024-05-07,Field Officer App,sha256:415945ca74bc07d43045292581dfda81
MP-TN-2025-0072,PHOTO,/evidence/MP-TN-2025-0072/photo_171.jpg,Site progress photo,2025-11-28,Field Officer App,sha256:198382360586038ec74886df262a5588
MP-KAR-2024-0135,PHOTO,/evidence/MP-KAR-2024-0135/photo_894.jpg,Site progress photo,2024-12-07,Field Officer App,sha256:a5547418b711a8979c1ff62566a00b60
MP-KER-2023-0107,PHOTO,/evidence/MP-KER-2023-0107/photo_751.jpg,Site progress photo,2023-09-17,Field Officer App,sha256:7bd23df681c33dddbfeabe0207e99471
MP-GUJ-2022-0069,PHOTO,/evidence/MP-GUJ-2022-0069/photo_894.jpg,Site progress photo,2023-03-23,Field Officer App,sha256:89a16fedba778fd8cc6f81c4d17aa2b8
MP-DEL-2024-0118,PHOTO,/evidence/MP-DEL-2024-0118/photo_864.jpg,Site progress photo,2024-11-03,Field Officer App,sha256:df7b5716a5ddb61bdcd51e0bf81686b2
MP-MP-2024-0106,PHOTO,/evidence/MP-MP-2024-0106/photo_53.jpg,Site progress photo,2025-06-26,Field Officer App,sha256:1441666f18799953d8fd0ed010312d16
MP-ODI-2025-0077,PHOTO,/evidence/MP-ODI-2025-0077/photo_77.jpg,Site progress photo,2025-08-02,Field Officer App,sha256:4889ea3446d23aaac3918687e2623a97
MP-BHR-2022-0069,PHOTO,/evidence/MP-BHR-2022-0069/photo_649.jpg,Site progress photo,2022-09-24,Field Officer App,sha256:fd8d8c675e5eec007e0409bcce76c506
MP-TN-2025-0073,PHOTO,/evidence/MP-TN-2025-0073/photo_955.jpg,Site progress photo,2025-12-22,Field Officer App,sha256:7625d6542ce2956e4b4d7bec2c8acb97
MP-KAR-2023-0127,PHOTO,/evidence/MP-KAR-2023-0127/photo_478.jpg,Site progress photo,2023-11-02,Field Officer App,sha256:e943df58570f184826fda34370f45a34
MP-UP-2023-0117,PHOTO,/evidence/MP-UP-2023-0117/photo_533.jpg,Site progress photo,2023-11-13,Field Officer App,sha256:7280112147e5f4d459ec71688e0fdb25
MP-GUJ-2023-0092,PHOTO,/evidence/MP-GUJ-2023-0092/photo_372.jpg,Site progress photo,2023-09-12,Field Officer App,sha256:e6826489339dc6512d1fa2cd512f26b3
MP-ODI-2023-0134,PHOTO,/evidence/MP-ODI-2023-0134/photo_68.jpg,Site progress photo,2023-10-11,Field Officer App,sha256:e98fe0fe8b0ee317cdfab2be50cef523
MP-WB-2022-0072,PHOTO,/evidence/MP-WB-2022-0072/photo_873.jpg,Site progress photo,2023-04-09,Field Officer App,sha256:c93204db96ea45f62dca133a2a09ceb2
MP-PUN-2024-0107,PHOTO,/evidence/MP-PUN-2024-0107/photo_499.jpg,Site progress photo,2025-04-14,Field Officer App,sha256:606e2ec61518455918c2baf86a47809a
MP-TN-2023-0102,PHOTO,/evidence/MP-TN-2023-0102/photo_954.jpg,Site progress photo,2023-08-15,Field Officer App,sha256:89745aac8c19e8b26097aa065a00b95b
MP-KER-2025-0078,PHOTO,/evidence/MP-KER-2025-0078/photo_237.jpg,Site progress photo,2025-10-27,Field Officer App,sha256:ac9f092fa95b5a05e6ec0a8c27b48a65
MP-PUN-2024-0108,PHOTO,/evidence/MP-PUN-2024-0108/photo_24.jpg,Site progress photo,2024-07-23,Field Officer App,sha256:86702ce5b5a4f53136e54a9bd05366f0
MP-KAR-2025-0094,PHOTO,/evidence/MP-KAR-2025-0094/photo_973.jpg,Site progress photo,2025-05-04,Field Officer App,sha256:16da07e977cf3ac9600a33ff5959945f
MP-ASM-2024-0131,PHOTO,/evidence/MP-ASM-2024-0131/photo_900.jpg,Site progress photo,2025-03-18,Field Officer App,sha256:fb37bceffe0aa6c8afa1fc323e55e62d
MP-UP-2025-0074,PHOTO,/evidence/MP-UP-2025-0074/photo_464.jpg,Site progress photo,2025-07-28,Field Officer App,sha256:24e4ae27d116cb7e5149abd7f5ed12a1
MP-DEL-2022-0057,PHOTO,/evidence/MP-DEL-2022-0057/photo_430.jpg,Site progress photo,2023-04-01,Field Officer App,sha256:3ad277a4e8db7758606f5873b5913e87
MP-ASM-2023-0116,PHOTO,/evidence/MP-ASM-2023-0116/photo_216.jpg,Site progress photo,2023-08-02,Field Officer App,sha256:5963847df24b6e9f1b4641aaee780ff0
MP-NAG-2025-0073,PHOTO,/evidence/MP-NAG-2025-0073/photo_457.jpg,Site progress photo,2025-11-26,Field Officer App,sha256:a188ac0ff47b0fb25d1a63b5dab4d8b0
MP-MH-2025-0097,PHOTO,/evidence/MP-MH-2025-0097/photo_862.jpg,Site progress photo,2025-10-06,Field Officer App,sha256:24e2cd91a22a01bf0d9de8c6e94a869e
MP-ASM-2025-0072,PHOTO,/evidence/MP-ASM-2025-0072/photo_537.jpg,Site progress photo,2022-11-06,Field Officer App,sha256:eb2c0256963e9847437c41415279a8b8
MP-KAR-2024-0136,PHOTO,/evidence/MP-KAR-2024-0136/photo_245.jpg,Site progress photo,2024-07-16,Field Officer App,sha256:0b1301104106b366cc4ad72666ab9205
MP-PUN-2023-0099,PHOTO,/evidence/MP-PUN-2023-0099/photo_738.jpg,Site progress photo,2023-09-23,Field Officer App,sha256:111b608e9963d44d6f13478caba8dcbe
MP-MH-2022-0060,PHOTO,/evidence/MP-MH-2022-0060/photo_489.jpg,Site progress photo,2022-10-20,Field Officer App,sha256:61f0d9d8fd926868ba7039c5d538880b
MP-RAJ-2024-0106,PHOTO,/evidence/MP-RAJ-2024-0106/photo_727.jpg,Site progress photo,2024-08-26,Field Officer App,sha256:51bc3539ae8f3f30087f6346641af5d6
MP-RAJ-2024-0107,PHOTO,/evidence/MP-RAJ-2024-0107/photo_455.jpg,Site progress photo,2024-12-08,Field Officer App,sha256:28c902fe1e07b6f5427f0933891baced
MP-MH-2025-0098,PHOTO,/evidence/MP-MH-2025-0098/photo_168.jpg,Site progress photo,2025-05-30,Field Officer App,sha256:026286e75f964bfa8973b0f539bf7237
MP-DEL-2023-0120,PHOTO,/evidence/MP-DEL-2023-0120/photo_784.jpg,Site progress photo,2023-12-15,Field Officer App,sha256:37bac9a025153921c22a8e7becbe3413
MP-MH-2024-0102,PHOTO,/evidence/MP-MH-2024-0102/photo_616.jpg,Site progress photo,2024-06-22,Field Officer App,sha256:2a81788bcadc3c29cbbfa1ab5ea757c2
MP-RAJ-2023-0095,PHOTO,/evidence/MP-RAJ-2023-0095/photo_862.jpg,Site progress photo,2023-07-09,Field Officer App,sha256:749b7d5622f38a080446a3af90be30c3
MP-TN-2024-0110,PHOTO,/evidence/MP-TN-2024-0110/photo_315.jpg,Site progress photo,2024-05-03,Field Officer App,sha256:c3232857074dea33237133d98e7e19fb
MP-UP-2023-0118,PHOTO,/evidence/MP-UP-2023-0118/photo_714.jpg,Site progress photo,2024-05-05,Field Officer App,sha256:09196f6af467f13c7da554c458b7d006
MP-UP-2025-0075,PHOTO,/evidence/MP-UP-2025-0075/photo_871.jpg,Site progress photo,2025-11-20,Field Officer App,sha256:7e2b7a115f5735d19944f6f03a56f30b
MP-ODI-2025-0078,PHOTO,/evidence/MP-ODI-2025-0078/photo_655.jpg,Site progress photo,2025-11-09,Field Officer App,sha256:b1b3b815e1da56d17bac712b7ae94dab
MP-TEL-2024-0104,PHOTO,/evidence/MP-TEL-2024-0104/photo_61.jpg,Site progress photo,2024-05-12,Field Officer App,sha256:ff2e728967642c69d926af8330aaada0
MP-ASM-2023-0117,PHOTO,/evidence/MP-ASM-2023-0117/photo_917.jpg,Site progress photo,2023-12-01,Field Officer App,sha256:59d3d47fe18cc3152d75f3a31cec7d2e
MP-NAG-2024-0098,PHOTO,/evidence/MP-NAG-2024-0098/photo_627.jpg,Site progress photo,2024-09-21,Field Officer App,sha256:c899d66173a37392e4700f5dd51de840
MP-NAG-2023-0118,PHOTO,/evidence/MP-NAG-2023-0118/photo_953.jpg,Site progress photo,2024-01-11,Field Officer App,sha256:b59e5b997e43d55a0d61e63679bb16ee
MP-NAG-2025-0075,PHOTO,/evidence/MP-NAG-2025-0075/photo_384.jpg,Site progress photo,2025-09-28,Field Officer App,sha256:23edac0391b18a4b91527f533de11ce5
MP-WB-2024-0110,PHOTO,/evidence/MP-WB-2024-0110/photo_937.jpg,Site progress photo,2024-08-06,Field Officer App,sha256:6ac88bc845a3e5ba0c04b826cf3cbfb0
MP-ODI-2023-0135,PHOTO,/evidence/MP-ODI-2023-0135/photo_980.jpg,Site progress photo,2024-02-04,Field Officer App,sha256:4dc95e8dfe728b4e8f9b45d2ead8e0c5
MP-KAR-2022-0065,PHOTO,/evidence/MP-KAR-2022-0065/photo_309.jpg,Site progress photo,2022-12-23,Field Officer App,sha256:779bd742be79ec9e5bc1ebb7e49de7e1
MP-ASM-2024-0133,PHOTO,/evidence/MP-ASM-2024-0133/photo_470.jpg,Site progress photo,2024-12-03,Field Officer App,sha256:ba6b372bacf4d61c375cd9b69ed5365c
MP-ODI-2023-0136,PHOTO,/evidence/MP-ODI-2023-0136/photo_597.jpg,Site progress photo,2023-10-10,Field Officer App,sha256:c525ddd534784fa7961dc90b76e57514
MP-MH-2023-0113,PHOTO,/evidence/MP-MH-2023-0113/photo_343.jpg,Site progress photo,2023-09-23,Field Officer App,sha256:b732bc193d2836095233a498da82e578
MP-DEL-2024-0119,PHOTO,/evidence/MP-DEL-2024-0119/photo_334.jpg,Site progress photo,2025-02-09,Field Officer App,sha256:52efaeb59f29bdb3092d6b30193fd02a
MP-BHR-2024-0121,PHOTO,/evidence/MP-BHR-2024-0121/photo_724.jpg,Site progress photo,2025-02-24,Field Officer App,sha256:9d90733d70b688b9575209285c4c5b81
MP-KAR-2025-0096,PHOTO,/evidence/MP-KAR-2025-0096/photo_665.jpg,Site progress photo,2025-05-09,Field Officer App,sha256:8ea2d38ef5335b05db7fe73b4bea2dcc
MP-TEL-2023-0106,PHOTO,/evidence/MP-TEL-2023-0106/photo_366.jpg,Site progress photo,2023-08-01,Field Officer App,sha256:dcccfddb038487a9ae45b76c30555359
MP-KAR-2022-0066,PHOTO,/evidence/MP-KAR-2022-0066/photo_73.jpg,Site progress photo,2023-07-01,Field Officer App,sha256:b365fa9ee373fcf888bcad2dc1d23bef
MP-BHR-2024-0122,PHOTO,/evidence/MP-BHR-2024-0122/photo_204.jpg,Site progress photo,2025-03-23,Field Officer App,sha256:decdb239b49edbb2c2daf512737f9a96
MP-ASM-2023-0119,PHOTO,/evidence/MP-ASM-2023-0119/photo_644.jpg,Site progress photo,2023-11-22,Field Officer App,sha256:b9780c65261d12507f7a24f6c8dfc349
MP-BHR-2024-0123,PHOTO,/evidence/MP-BHR-2024-0123/photo_608.jpg,Site progress photo,2024-06-30,Field Officer App,sha256:240b01facb925375fc480c03021cdb7c
MP-UP-2023-0121,PHOTO,/evidence/MP-UP-2023-0121/photo_65.jpg,Site progress photo,2024-02-25,Field Officer App,sha256:7fd85d9bfec83e760079ed3952e4a162
MP-MH-2025-0101,PHOTO,/evidence/MP-MH-2025-0101/photo_980.jpg,Site progress photo,2025-09-04,Field Officer App,sha256:1a062f4ad2947b9b11985816b47e7bd2
MP-RAJ-2023-0096,PHOTO,/evidence/MP-RAJ-2023-0096/photo_736.jpg,Site progress photo,2023-06-06,Field Officer App,sha256:fcb8c2beb73912661be4121708af5b24
MP-KER-2024-0122,PHOTO,/evidence/MP-KER-2024-0122/photo_475.jpg,Site progress photo,2024-11-18,Field Officer App,sha256:4833a9032744d4ef298b98e2de7ca48a
MP-BHR-2024-0124,PHOTO,/evidence/MP-BHR-2024-0124/photo_351.jpg,Site progress photo,2024-12-10,Field Officer App,sha256:c93ff7ffc0248739b4f32d138f4647e2
MP-PUN-2024-0109,PHOTO,/evidence/MP-PUN-2024-0109/photo_111.jpg,Site progress photo,2025-03-23,Field Officer App,sha256:e6a7e0ea239d8d3c3a3885ed7e0dbed5
MP-MP-2023-0107,PHOTO,/evidence/MP-MP-2023-0107/photo_669.jpg,Site progress photo,2023-11-02,Field Officer App,sha256:2a5ec0ceea14e67fe29d4f6b985b06a6
MP-WB-2023-0102,PHOTO,/evidence/MP-WB-2023-0102/photo_586.jpg,Site progress photo,2024-01-17,Field Officer App,sha256:f287ebf69188fb48ceb066e1ea1f93e6
MP-TN-2022-0049,PHOTO,/evidence/MP-TN-2022-0049/photo_150.jpg,Site progress photo,2022-10-06,Field Officer App,sha256:66bba838248f723c90c10df33eaa6514
MP-PUN-2023-0101,PHOTO,/evidence/MP-PUN-2023-0101/photo_142.jpg,Site progress photo,2024-01-12,Field Officer App,sha256:0075fe1c9225d06eb3ea4a6c4fadccc4
MP-ASM-2023-0120,PHOTO,/evidence/MP-ASM-2023-0120/photo_201.jpg,Site progress photo,2023-08-09,Field Officer App,sha256:7429fc23d4e17a0fe8516d41fddd8593
MP-BHR-2022-0070,PHOTO,/evidence/MP-BHR-2022-0070/photo_643.jpg,Site progress photo,2023-01-18,Field Officer App,sha256:0058659bc1fb62859b2c46495bd95064
MP-BHR-2022-0071,PHOTO,/evidence/MP-BHR-2022-0071/photo_788.jpg,Site progress photo,2023-02-10,Field Officer App,sha256:a63791e299fb3e6ad1c281f99bf51a2b
MP-GUJ-2024-0109,PHOTO,/evidence/MP-GUJ-2024-0109/photo_634.jpg,Site progress photo,2024-06-29,Field Officer App,sha256:d755d89212ed4b11747b7e0a128ec00d
MP-KER-2024-0123,PHOTO,/evidence/MP-KER-2024-0123/photo_572.jpg,Site progress photo,2025-01-05,Field Officer App,sha256:061ed664f5d11da23b51c9193d2c9daa
MP-MP-2024-0107,PHOTO,/evidence/MP-MP-2024-0107/photo_396.jpg,Site progress photo,2024-06-29,Field Officer App,sha256:55b271d16a413af1cc3cbd5d20908ae8
MP-KER-2025-0079,PHOTO,/evidence/MP-KER-2025-0079/photo_632.jpg,Site progress photo,2025-10-28,Field Officer App,sha256:ec9af2d0b740e3f6693280ba69e8201c
MP-UP-2022-0060,PHOTO,/evidence/MP-UP-2022-0060/photo_878.jpg,Site progress photo,2022-11-28,Field Officer App,sha256:1f8edb739dcae4831bfe0f25d44a02d2
MP-ASM-2023-0121,PHOTO,/evidence/MP-ASM-2023-0121/photo_570.jpg,Site progress photo,2023-05-31,Field Officer App,sha256:81fec14396ae758604b4906aa5915810
MP-UP-2023-0122,PHOTO,/evidence/MP-UP-2023-0122/photo_226.jpg,Site progress photo,2023-06-22,Field Officer App,sha256:832a3e12a4df937efcfb5d99394a44a3
MP-KAR-2025-0097,PHOTO,/evidence/MP-KAR-2025-0097/photo_646.jpg,Site progress photo,2025-05-08,Field Officer App,sha256:e3ac8c898209b6cf0e62ccbe4c6343f1
MP-NAG-2022-0063,PHOTO,/evidence/MP-NAG-2022-0063/photo_555.jpg,Site progress photo,2023-03-25,Field Officer App,sha256:c76a3a8dca4e957394acca3f2ebcdfa6
MP-DEL-2024-0120,PHOTO,/evidence/MP-DEL-2024-0120/photo_751.jpg,Site progress photo,2025-03-17,Field Officer App,sha256:1dc171c9b422fa2064d7a4cee5f4f7ba
MP-KER-2023-0112,PHOTO,/evidence/MP-KER-2023-0112/photo_436.jpg,Site progress photo,2023-09-11,Field Officer App,sha256:c18097c83f34c8761f7a1926b7dd7c23
MP-ODI-2023-0138,PHOTO,/evidence/MP-ODI-2023-0138/photo_977.jpg,Site progress photo,2023-08-05,Field Officer App,sha256:0584b4723361788115f247424baa3138
MP-NAG-2022-0064,PHOTO,/evidence/MP-NAG-2022-0064/photo_852.jpg,Site progress photo,2023-01-11,Field Officer App,sha256:9448bf9af9caff037d1e226d212f6a56
MP-ASM-2023-0122,PHOTO,/evidence/MP-ASM-2023-0122/photo_206.jpg,Site progress photo,2023-06-12,Field Officer App,sha256:ec0d10603430d662715771c2c7e12cd5
MP-RAJ-2024-0110,PHOTO,/evidence/MP-RAJ-2024-0110/photo_497.jpg,Site progress photo,2024-05-14,Field Officer App,sha256:9a7a48580a432bce82790c9d4a025869
MP-DEL-2024-0121,PHOTO,/evidence/MP-DEL-2024-0121/photo_765.jpg,Site progress photo,2024-08-18,Field Officer App,sha256:728339b87e9fdd738bca124a86cc82c2
MP-TEL-2025-0075,PHOTO,/evidence/MP-TEL-2025-0075/photo_862.jpg,Site progress photo,2025-10-30,Field Officer App,sha256:545c783a23c6776cae37f6c4c9539f20
MP-TN-2024-0111,PHOTO,/evidence/MP-TN-2024-0111/photo_432.jpg,Site progress photo,2024-12-31,Field Officer App,sha256:b77c5f04a5144c842c0b71711d535abd
MP-WB-2023-0103,PHOTO,/evidence/MP-WB-2023-0103/photo_121.jpg,Site progress photo,2023-05-19,Field Officer App,sha256:08493fc8955faf77b437fbb9916030c8
MP-MP-2025-0091,PHOTO,/evidence/MP-MP-2025-0091/photo_865.jpg,Site progress photo,2025-09-16,Field Officer App,sha256:e7f35f4fc3971f37da0573e0de849dd4
MP-ASM-2024-0135,PHOTO,/evidence/MP-ASM-2024-0135/photo_260.jpg,Site progress photo,2024-11-10,Field Officer App,sha256:7cd0645707b47f1983533fcff5888300
MP-GUJ-2023-0094,PHOTO,/evidence/MP-GUJ-2023-0094/photo_58.jpg,Site progress photo,2023-05-08,Field Officer App,sha256:f796c58d444550cac40b2949a44e2ea3
MP-PUN-2023-0102,PHOTO,/evidence/MP-PUN-2023-0102/photo_52.jpg,Site progress photo,2024-02-19,Field Officer App,sha256:1b2b732f9de9256c252a5ec40b9765d6
MP-ODI-2025-0080,PHOTO,/evidence/MP-ODI-2025-0080/photo_436.jpg,Site progress photo,2025-10-11,Field Officer App,sha256:48e0b904dda8f183dab31317d6586ffc
MP-UP-2022-0061,PHOTO,/evidence/MP-UP-2022-0061/photo_285.jpg,Site progress photo,2022-11-17,Field Officer App,sha256:b4a4866ecaf73e2f0676bf5c0ce62667
MP-RAJ-2023-0097,PHOTO,/evidence/MP-RAJ-2023-0097/photo_649.jpg,Site progress photo,2024-02-18,Field Officer App,sha256:33dc2c35a3a354cf41c94fc3a26f3734
MP-UP-2024-0116,PHOTO,/evidence/MP-UP-2024-0116/photo_109.jpg,Site progress photo,2025-03-27,Field Officer App,sha256:13cbb95f36dec1672edd4279cc742bc7
MP-ODI-2024-0105,PHOTO,/evidence/MP-ODI-2024-0105/photo_774.jpg,Site progress photo,2025-02-22,Field Officer App,sha256:10445675f04ee98d58c9cd54e35f7e6c
MP-ASM-2024-0136,PHOTO,/evidence/MP-ASM-2024-0136/photo_746.jpg,Site progress photo,2024-11-05,Field Officer App,sha256:10fc7b99d64962060a5ca3277b5c6dcf
MP-KER-2025-0080,PHOTO,/evidence/MP-KER-2025-0080/photo_637.jpg,Site progress photo,2025-10-14,Field Officer App,sha256:fc3bea5df409fdcf533fe998d75e0c84
MP-MH-2022-0061,PHOTO,/evidence/MP-MH-2022-0061/photo_776.jpg,Site progress photo,2023-05-28,Field Officer App,sha256:7451465ec3868752319cde15272b8951
MP-DEL-2025-0093,PHOTO,/evidence/MP-DEL-2025-0093/photo_141.jpg,Site progress photo,2025-10-20,Field Officer App,sha256:9354f6e75ebfe0af62e064a34de9604c
MP-KAR-2023-0130,PHOTO,/evidence/MP-KAR-2023-0130/photo_674.jpg,Site progress photo,2023-12-26,Field Officer App,sha256:296370071663478cfd766a8d7cf6dfa3
MP-DEL-2024-0123,PHOTO,/evidence/MP-DEL-2024-0123/photo_26.jpg,Site progress photo,2024-07-31,Field Officer App,sha256:00308cb52accb3d7e45179c22de5d4f5
MP-KAR-2022-0068,PHOTO,/evidence/MP-KAR-2022-0068/photo_599.jpg,Site progress photo,2023-01-02,Field Officer App,sha256:4bf38b7eb34b7c28f7ae33f5eee02ff9
MP-MP-2023-0108,PHOTO,/evidence/MP-MP-2023-0108/photo_114.jpg,Site progress photo,2024-06-23,Field Officer App,sha256:339510da173dc0c3eb7cb7a1bc481bcb
MP-UP-2024-0117,PHOTO,/evidence/MP-UP-2024-0117/photo_479.jpg,Site progress photo,2024-09-29,Field Officer App,sha256:57114223c4110990ea1ec06c381ce8f2
MP-UP-2023-0123,PHOTO,/evidence/MP-UP-2023-0123/photo_639.jpg,Site progress photo,2023-02-26,Field Officer App,sha256:962716c925c9ea78469370e29ebd8af0
MP-DEL-2025-0094,PHOTO,/evidence/MP-DEL-2025-0094/photo_723.jpg,Site progress photo,2025-12-02,Field Officer App,sha256:19416c194bd8fe287065bf40a65fca61
MP-MH-2024-0107,PHOTO,/evidence/MP-MH-2024-0107/photo_672.jpg,Site progress photo,2024-12-21,Field Officer App,sha256:2e891754193a8dc446f9d5f602a0cb5b
MP-NAG-2025-0077,PHOTO,/evidence/MP-NAG-2025-0077/photo_875.jpg,Site progress photo,2025-10-18,Field Officer App,sha256:4188b41f3adcb8ba93fcf6bb2210984e
MP-TN-2024-0112,PHOTO,/evidence/MP-TN-2024-0112/photo_351.jpg,Site progress photo,2024-03-16,Field Officer App,sha256:31c5fb30dbad4b22f777af331cb2a559
MP-TEL-2024-0110,PHOTO,/evidence/MP-TEL-2024-0110/photo_925.jpg,Site progress photo,2024-04-11,Field Officer App,sha256:94a566a4399c90a99a9577bf671622c6
MP-TEL-2022-0056,PHOTO,/evidence/MP-TEL-2022-0056/photo_97.jpg,Site progress photo,2022-12-17,Field Officer App,sha256:84b8e51b29fb6d16fc858b3536d52471
MP-WB-2024-0112,PHOTO,/evidence/MP-WB-2024-0112/photo_291.jpg,Site progress photo,2024-05-18,Field Officer App,sha256:0a0b7da0c2483ed462b543b03052f8c9
MP-TEL-2025-0076,PHOTO,/evidence/MP-TEL-2025-0076/photo_50.jpg,Site progress photo,2025-12-01,Field Officer App,sha256:9b39c4dcf9c7bb4a06696b9aa0fa5a5a
MP-ASM-2022-0044,PHOTO,/evidence/MP-ASM-2022-0044/photo_290.jpg,Site progress photo,2022-12-28,Field Officer App,sha256:125813ed421449e5774dec81a8420a9f
MP-MP-2022-0067,PHOTO,/evidence/MP-MP-2022-0067/photo_93.jpg,Site progress photo,2022-11-27,Field Officer App,sha256:2ad4ad66324f5fdc9d5a963bb0c6f7a5
MP-TEL-2022-0057,PHOTO,/evidence/MP-TEL-2022-0057/photo_574.jpg,Site progress photo,2022-12-01,Field Officer App,sha256:f25daf82c7f281fa183857b6d9215f70
MP-PUN-2024-0110,PHOTO,/evidence/MP-PUN-2024-0110/photo_474.jpg,Site progress photo,2024-12-17,Field Officer App,sha256:ac27e87e93514d3aa977f5faef3b1f5e
MP-NAG-2024-0100,PHOTO,/evidence/MP-NAG-2024-0100/photo_417.jpg,Site progress photo,2024-03-28,Field Officer App,sha256:1936d795e12d3fe99da68cef9b91f2ad
MP-WB-2025-0079,PHOTO,/evidence/MP-WB-2025-0079/photo_618.jpg,Site progress photo,2025-04-07,Field Officer App,sha256:17a62b50678a224b48eee4778ac3de74
MP-RAJ-2024-0111,PHOTO,/evidence/MP-RAJ-2024-0111/photo_732.jpg,Site progress photo,2024-10-15,Field Officer App,sha256:f6da6273d4041d6391e7553a8f3a43d8
MP-ODI-2024-0106,PHOTO,/evidence/MP-ODI-2024-0106/photo_236.jpg,Site progress photo,2025-02-18,Field Officer App,sha256:73a9ee5ca4783bc8e5ee3b48f08f196e
MP-ODI-2023-0139,PHOTO,/evidence/MP-ODI-2023-0139/photo_688.jpg,Site progress photo,2023-03-24,Field Officer App,sha256:771ecaf5593a3f150e4d8fe7eec49455
MP-NAG-2023-0121,PHOTO,/evidence/MP-NAG-2023-0121/photo_779.jpg,Site progress photo,2023-12-04,Field Officer App,sha256:21af1b9c558d352ae684bfa3ddc69ab6
MP-TEL-2025-0077,PHOTO,/evidence/MP-TEL-2025-0077/photo_619.jpg,Site progress photo,2025-11-27,Field Officer App,sha256:de41b6cdc8c3a24fa2016401fee91295
MP-ODI-2023-0140,PHOTO,/evidence/MP-ODI-2023-0140/photo_416.jpg,Site progress photo,2024-04-03,Field Officer App,sha256:bfded07b122dd74c7fc114d9aae989db
MP-MH-2023-0115,PHOTO,/evidence/MP-MH-2023-0115/photo_579.jpg,Site progress photo,2023-05-31,Field Officer App,sha256:e6b17159dc34d173ac7ce0cffa6d7327
MP-ASM-2025-0076,PHOTO,/evidence/MP-ASM-2025-0076/photo_290.jpg,Site progress photo,2025-04-29,Field Officer App,sha256:b22e0f984377cd26f5bba677224b3626
MP-WB-2023-0105,PHOTO,/evidence/MP-WB-2023-0105/photo_931.jpg,Site progress photo,2023-12-15,Field Officer App,sha256:2260544850499904cc9c8d8d50ec65bd
MP-NAG-2024-0101,PHOTO,/evidence/MP-NAG-2024-0101/photo_476.jpg,Site progress photo,2024-12-24,Field Officer App,sha256:c4a88585cf793f8b16b214a89882f462
MP-ASM-2024-0138,PHOTO,/evidence/MP-ASM-2024-0138/photo_137.jpg,Site progress photo,2024-08-16,Field Officer App,sha256:510dbff3ac5e84d395a818bc13a0d06b
MP-WB-2023-0106,PHOTO,/evidence/MP-WB-2023-0106/photo_280.jpg,Site progress photo,2023-06-22,Field Officer App,sha256:8b3837361013a9f4fb8234e547076367
MP-TEL-2023-0109,PHOTO,/evidence/MP-TEL-2023-0109/photo_558.jpg,Site progress photo,2023-11-26,Field Officer App,sha256:88f70ed4871769a4fbc56b6175de9415
MP-KER-2022-0076,PHOTO,/evidence/MP-KER-2022-0076/photo_765.jpg,Site progress photo,2023-02-25,Field Officer App,sha256:7833df39ac019ff7528160a9533685f5
MP-RAJ-2022-0057,PHOTO,/evidence/MP-RAJ-2022-0057/photo_494.jpg,Site progress photo,2022-10-25,Field Officer App,sha256:294aa16f91fcc613c2688e3daaaa1aa6
MP-KER-2024-0124,PHOTO,/evidence/MP-KER-2024-0124/photo_931.jpg,Site progress photo,2024-12-18,Field Officer App,sha256:29fe63a9a7adb7d91c22dc22c6e56802
MP-GUJ-2025-0082,PHOTO,/evidence/MP-GUJ-2025-0082/photo_335.jpg,Site progress photo,2025-11-17,Field Officer App,sha256:91ce586d1c75542dc5ebdc7b24e65cf3
MP-UP-2022-0063,PHOTO,/evidence/MP-UP-2022-0063/photo_368.jpg,Site progress photo,2023-01-08,Field Officer App,sha256:f0afe95516baf3c35de58de47830225b
MP-TEL-2023-0110,PHOTO,/evidence/MP-TEL-2023-0110/photo_844.jpg,Site progress photo,2024-01-14,Field Officer App,sha256:4d9dc0e2f3882379b2d3431dc199f892
MP-BHR-2024-0126,PHOTO,/evidence/MP-BHR-2024-0126/photo_962.jpg,Site progress photo,2024-12-09,Field Officer App,sha256:9bee2731d7ea95829df87a38c6fb2eb1
MP-TN-2022-0050,PHOTO,/evidence/MP-TN-2022-0050/photo_189.jpg,Site progress photo,2023-04-02,Field Officer App,sha256:0be8271dcf3c89a082454fd033180d67
MP-ODI-2023-0141,PHOTO,/evidence/MP-ODI-2023-0141/photo_902.jpg,Site progress photo,2023-09-16,Field Officer App,sha256:88668579f84770501c8ae71ea4ee7bfa
MP-KAR-2022-0069,PHOTO,/evidence/MP-KAR-2022-0069/photo_787.jpg,Site progress photo,2023-02-07,Field Officer App,sha256:35161f8e5a1e9eecd6692a49cdbed0bb
MP-BHR-2024-0127,PHOTO,/evidence/MP-BHR-2024-0127/photo_744.jpg,Site progress photo,2024-02-07,Field Officer App,sha256:6c27757b644fa43b3ffcfc6aa8290c80
MP-KAR-2022-0070,PHOTO,/evidence/MP-KAR-2022-0070/photo_95.jpg,Site progress photo,2022-09-20,Field Officer App,sha256:fb67283aaf500b291b3e0a52b192fb2d
MP-UP-2024-0118,PHOTO,/evidence/MP-UP-2024-0118/photo_947.jpg,Site progress photo,2024-06-11,Field Officer App,sha256:4c719c06c3371bf38db4f6a691a79fb6
MP-GUJ-2023-0096,PHOTO,/evidence/MP-GUJ-2023-0096/photo_886.jpg,Site progress photo,2023-06-05,Field Officer App,sha256:3f578d952c3d359c11d22fb13740f095
MP-BHR-2023-0113,PHOTO,/evidence/MP-BHR-2023-0113/photo_706.jpg,Site progress photo,2023-10-22,Field Officer App,sha256:5c0dd483cdfe541b9bd42d270b3f659d
MP-GUJ-2025-0083,PHOTO,/evidence/MP-GUJ-2025-0083/photo_516.jpg,Site progress photo,2025-02-06,Field Officer App,sha256:af3a3a319b3344a8cd46b830f84200f4
MP-BHR-2023-0114,PHOTO,/evidence/MP-BHR-2023-0114/photo_722.jpg,Site progress photo,2023-12-15,Field Officer App,sha256:326ceacbdd7979b1290d3331e82bf7aa
MP-ODI-2024-0109,PHOTO,/evidence/MP-ODI-2024-0109/photo_113.jpg,Site progress photo,2025-01-05,Field Officer App,sha256:d23f3b735c7a18c9b62d7d6903552fb3
MP-TN-2024-0113,PHOTO,/evidence/MP-TN-2024-0113/photo_294.jpg,Site progress photo,2024-10-16,Field Officer App,sha256:8380b6affcb53bd4811b26b952cbb4b9
MP-PUN-2022-0056,PHOTO,/evidence/MP-PUN-2022-0056/photo_679.jpg,Site progress photo,2023-02-19,Field Officer App,sha256:8bfebf10736d92c90f1b854ead82adcc
MP-MH-2023-0118,PHOTO,/evidence/MP-MH-2023-0118/photo_379.jpg,Site progress photo,2023-06-28,Field Officer App,sha256:0f4bd274d357a22ff03dcf02741667ef
MP-KER-2024-0125,PHOTO,/evidence/MP-KER-2024-0125/photo_313.jpg,Site progress photo,2024-04-08,Field Officer App,sha256:d97f012f0604aef144c5e31297a59538
MP-GUJ-2025-0085,PHOTO,/evidence/MP-GUJ-2025-0085/photo_514.jpg,Site progress photo,2025-10-02,Field Officer App,sha256:0ded94ba77419bf63daf3051407326ca
MP-GUJ-2024-0115,PHOTO,/evidence/MP-GUJ-2024-0115/photo_110.jpg,Site progress photo,2024-04-07,Field Officer App,sha256:c5c6b6f1bdedd027e5423b3c00971561
MP-MH-2023-0120,PHOTO,/evidence/MP-MH-2023-0120/photo_630.jpg,Site progress photo,2023-12-25,Field Officer App,sha256:69e1e8244ddc49aa756759348f8aa039
MP-RAJ-2025-0084,PHOTO,/evidence/MP-RAJ-2025-0084/photo_385.jpg,Site progress photo,2025-12-23,Field Officer App,sha256:8a7efe9233190c26b5c0433c6dc0167d
MP-TEL-2022-0058,PHOTO,/evidence/MP-TEL-2022-0058/photo_770.jpg,Site progress photo,2022-11-19,Field Officer App,sha256:ee688834ac4526d6bcd3ef67b8908cdd
MP-ASM-2024-0140,PHOTO,/evidence/MP-ASM-2024-0140/photo_78.jpg,Site progress photo,2024-07-08,Field Officer App,sha256:9348f23c747a0373d1d2ad196c4e323d
MP-KAR-2023-0131,PHOTO,/evidence/MP-KAR-2023-0131/photo_944.jpg,Site progress photo,2023-08-02,Field Officer App,sha256:caad15384e4f0274838efc0b1b970a62
MP-RAJ-2025-0085,PHOTO,/evidence/MP-RAJ-2025-0085/photo_34.jpg,Site progress photo,2025-08-05,Field Officer App,sha256:2a86c1f8abf8b5906c0fe83247ba901c
MP-KAR-2024-0138,PHOTO,/evidence/MP-KAR-2024-0138/photo_992.jpg,Site progress photo,2025-03-01,Field Officer App,sha256:fd52e6737aa7ed7ccf2e83f05fc258fe
MP-UP-2023-0126,PHOTO,/evidence/MP-UP-2023-0126/photo_996.jpg,Site progress photo,2024-05-06,Field Officer App,sha256:98e518883a4d25aa392def440e4e28c9
MP-MP-2025-0094,PHOTO,/evidence/MP-MP-2025-0094/photo_141.jpg,Site progress photo,2025-06-18,Field Officer App,sha256:c6acba42e8254f3e740ba5141a6e3fd6
MP-WB-2023-0107,PHOTO,/evidence/MP-WB-2023-0107/photo_533.jpg,Site progress photo,2023-02-09,Field Officer App,sha256:beb0b50fb0f5c08ff1f7e3190318f00a
MP-KAR-2024-0139,PHOTO,/evidence/MP-KAR-2024-0139/photo_869.jpg,Site progress photo,2025-04-14,Field Officer App,sha256:2297c27a08050610632d732cf9d77e76
MP-PUN-2023-0106,PHOTO,/evidence/MP-PUN-2023-0106/photo_765.jpg,Site progress photo,2023-07-06,Field Officer App,sha256:0df0f7e02b2efd073797d919e2f73f32
MP-GUJ-2024-0117,PHOTO,/evidence/MP-GUJ-2024-0117/photo_465.jpg,Site progress photo,2025-04-14,Field Officer App,sha256:fe73c76c96770839a61d30f3f278a4b2
MP-RAJ-2023-0101,PHOTO,/evidence/MP-RAJ-2023-0101/photo_166.jpg,Site progress photo,2023-10-04,Field Officer App,sha256:6f0fc672abcc4f7ed9fd2d8a5d634c41
MP-MH-2023-0121,PHOTO,/evidence/MP-MH-2023-0121/photo_316.jpg,Site progress photo,2023-09-30,Field Officer App,sha256:2c3d1b2494dac5283f6bfe2fce0d14d6
MP-PUN-2023-0107,PHOTO,/evidence/MP-PUN-2023-0107/photo_236.jpg,Site progress photo,2024-05-26,Field Officer App,sha256:1fee436101db2b1c4d02485ca456be96
MP-GUJ-2025-0086,PHOTO,/evidence/MP-GUJ-2025-0086/photo_655.jpg,Site progress photo,2025-04-01,Field Officer App,sha256:ac848c6cb33dc0574ca17ac445bd2504
MP-PUN-2025-0094,PHOTO,/evidence/MP-PUN-2025-0094/photo_205.jpg,Site progress photo,2025-11-15,Field Officer App,sha256:bb6778a63137b98eaba3de1b90c41f73
MP-WB-2023-0108,PHOTO,/evidence/MP-WB-2023-0108/photo_97.jpg,Site progress photo,2023-06-16,Field Officer App,sha256:491ce6de767f62873113eb6f85739272
MP-KER-2025-0081,PHOTO,/evidence/MP-KER-2025-0081/photo_472.jpg,Site progress photo,2025-06-28,Field Officer App,sha256:2341f78853bc3c41df3cabc21a20143c
MP-RAJ-2025-0087,PHOTO,/evidence/MP-RAJ-2025-0087/photo_240.jpg,Site progress photo,2025-10-06,Field Officer App,sha256:68851f2410752e01b55773d2298657ac
MP-KER-2023-0114,PHOTO,/evidence/MP-KER-2023-0114/photo_47.jpg,Site progress photo,2023-11-22,Field Officer App,sha256:44989dcd74f81a0e81bc04e29fa743dd
MP-ODI-2024-0110,PHOTO,/evidence/MP-ODI-2024-0110/photo_816.jpg,Site progress photo,2024-07-19,Field Officer App,sha256:a420d481f7a0b384f46afee9454a4307
MP-UP-2025-0081,PHOTO,/evidence/MP-UP-2025-0081/photo_382.jpg,Site progress photo,2025-03-23,Field Officer App,sha256:ca1d3ce2b353bc8975e23077685d3940
MP-UP-2023-0127,PHOTO,/evidence/MP-UP-2023-0127/photo_128.jpg,Site progress photo,2023-04-01,Field Officer App,sha256:9ac22cc175e03b8e13cfe3b69522232f
MP-RAJ-2024-0113,PHOTO,/evidence/MP-RAJ-2024-0113/photo_65.jpg,Site progress photo,2024-05-17,Field Officer App,sha256:bde19d2f8f30ebeaef2d5397f4c1d27d
MP-RAJ-2023-0102,PHOTO,/evidence/MP-RAJ-2023-0102/photo_955.jpg,Site progress photo,2023-06-08,Field Officer App,sha256:42470a475934c9a53cb78a0c145ea5a6
MP-UP-2024-0120,PHOTO,/evidence/MP-UP-2024-0120/photo_55.jpg,Site progress photo,2024-11-07,Field Officer App,sha256:af97cfa1d0a83717cc839f6a930c4207
MP-UP-2025-0082,PHOTO,/evidence/MP-UP-2025-0082/photo_269.jpg,Site progress photo,2025-06-16,Field Officer App,sha256:5a39fff6bdcb697df64cff0b45ff18b2
MP-DEL-2022-0060,PHOTO,/evidence/MP-DEL-2022-0060/photo_551.jpg,Site progress photo,2022-11-20,Field Officer App,sha256:84366aa908a3e2f492e5c2eb4c6d86b1
MP-RAJ-2023-0103,PHOTO,/evidence/MP-RAJ-2023-0103/photo_863.jpg,Site progress photo,2024-01-05,Field Officer App,sha256:c27b35b1eed17abd1aefb7e822815313
MP-TN-2025-0076,PHOTO,/evidence/MP-TN-2025-0076/photo_442.jpg,Site progress photo,2025-10-14,Field Officer App,sha256:37c871233a875495ee3f074391c6c7a3
MP-ASM-2023-0125,PHOTO,/evidence/MP-ASM-2023-0125/photo_432.jpg,Site progress photo,2023-12-05,Field Officer App,sha256:b8225a745f1c5bdcd15d552b37b6ce4b
MP-MH-2024-0109,PHOTO,/evidence/MP-MH-2024-0109/photo_765.jpg,Site progress photo,2024-11-19,Field Officer App,sha256:c513cd7f313c43dc95acdaad299f51dd
MP-ODI-2025-0082,PHOTO,/evidence/MP-ODI-2025-0082/photo_490.jpg,Site progress photo,2025-10-10,Field Officer App,sha256:a8aaa62d08e24939f6189999f1a9e7bc
MP-ASM-2024-0143,PHOTO,/evidence/MP-ASM-2024-0143/photo_186.jpg,Site progress photo,2024-03-01,Field Officer App,sha256:cb6f66f96d211a6459005eff607c1e5e
MP-PUN-2024-0112,PHOTO,/evidence/MP-PUN-2024-0112/photo_530.jpg,Site progress photo,2024-07-01,Field Officer App,sha256:bc04d7fac89edcffc501599083ec491a
MP-NAG-2022-0065,PHOTO,/evidence/MP-NAG-2022-0065/photo_675.jpg,Site progress photo,2022-12-03,Field Officer App,sha256:e6ffaaadd9118a2ce8eea96b921332ec
MP-UP-2025-0083,PHOTO,/evidence/MP-UP-2025-0083/photo_79.jpg,Site progress photo,2025-10-07,Field Officer App,sha256:4200625cab72bca4ee7ed68e6051f447
MP-BHR-2025-0081,PHOTO,/evidence/MP-BHR-2025-0081/photo_644.jpg,Site progress photo,2025-12-03,Field Officer App,sha256:e479715460d5600443adda50073fa92c
MP-ASM-2023-0126,PHOTO,/evidence/MP-ASM-2023-0126/photo_753.jpg,Site progress photo,2023-08-31,Field Officer App,sha256:d588672ec86d3c1d27cc66378fa7ac04
MP-PUN-2024-0113,PHOTO,/evidence/MP-PUN-2024-0113/photo_722.jpg,Site progress photo,2025-04-15,Field Officer App,sha256:ea451b30d98a5ce58accc3a02f70f501
MP-TN-2023-0107,PHOTO,/evidence/MP-TN-2023-0107/photo_636.jpg,Site progress photo,2024-03-01,Field Officer App,sha256:087622f095dedf6dcfdd3ff6682d6fa6
MP-TN-2022-0051,PHOTO,/evidence/MP-TN-2022-0051/photo_9.jpg,Site progress photo,2023-01-03,Field Officer App,sha256:2cb0d0a4ae7d66a5a4da7b291d3d2c03
MP-PUN-2024-0114,PHOTO,/evidence/MP-PUN-2024-0114/photo_530.jpg,Site progress photo,2024-05-03,Field Officer App,sha256:e0a7eb33716bf63d33db99aaf819b5d4
MP-UP-2025-0084,PHOTO,/evidence/MP-UP-2025-0084/photo_863.jpg,Site progress photo,2025-09-16,Field Officer App,sha256:865644358192a59668f5f553bd321d75
MP-DEL-2023-0125,PHOTO,/evidence/MP-DEL-2023-0125/photo_248.jpg,Site progress photo,2023-10-14,Field Officer App,sha256:d2d46c9d95b9b2ea119faa0f1f321024
MP-UP-2025-0085,PHOTO,/evidence/MP-UP-2025-0085/photo_198.jpg,Site progress photo,2025-08-14,Field Officer App,sha256:b380623333fcf0a2162758351dce1c29
MP-KER-2023-0115,PHOTO,/evidence/MP-KER-2023-0115/photo_880.jpg,Site progress photo,2023-12-22,Field Officer App,sha256:4a78f440b2c15b6db22ee0f7448a1946
MP-PUN-2025-0095,PHOTO,/evidence/MP-PUN-2025-0095/photo_815.jpg,Site progress photo,2025-10-18,Field Officer App,sha256:65b831a9994794b53fb238bd3fb279f6
MP-BHR-2023-0116,PHOTO,/evidence/MP-BHR-2023-0116/photo_486.jpg,Site progress photo,2024-02-05,Field Officer App,sha256:d7e000c165c0e844c13fbda2c6cbf729
MP-DEL-2023-0126,PHOTO,/evidence/MP-DEL-2023-0126/photo_730.jpg,Site progress photo,2023-04-11,Field Officer App,sha256:0469d73170d8b0f60e228bb413d09055
MP-TEL-2024-0117,PHOTO,/evidence/MP-TEL-2024-0117/photo_497.jpg,Site progress photo,2025-02-16,Field Officer App,sha256:0e0fe0c9b2a397c96ccf394a974e4d84
MP-RAJ-2023-0104,PHOTO,/evidence/MP-RAJ-2023-0104/photo_422.jpg,Site progress photo,2023-06-25,Field Officer App,sha256:a75c8c534b43d0977ac7e25a51d69295
MP-BHR-2022-0073,PHOTO,/evidence/MP-BHR-2022-0073/photo_320.jpg,Site progress photo,2023-05-27,Field Officer App,sha256:a08dcd4088295b2e2d102139f824b623
MP-UP-2022-0066,PHOTO,/evidence/MP-UP-2022-0066/photo_828.jpg,Site progress photo,2022-12-12,Field Officer App,sha256:56f9f12a430e3f028fa5419992222e10
MP-PUN-2025-0097,PHOTO,/evidence/MP-PUN-2025-0097/photo_345.jpg,Site progress photo,2025-06-01,Field Officer App,sha256:7918c94a6f783131450b2d0030b9c03a
MP-WB-2025-0081,PHOTO,/evidence/MP-WB-2025-0081/photo_797.jpg,Site progress photo,2025-08-09,Field Officer App,sha256:26687071f65574123fdcdd6ba87517d2
MP-TN-2022-0052,PHOTO,/evidence/MP-TN-2022-0052/photo_609.jpg,Site progress photo,2023-02-18,Field Officer App,sha256:1865c9553432c534bb2d3f4f7e002bb1
MP-PUN-2024-0115,PHOTO,/evidence/MP-PUN-2024-0115/photo_53.jpg,Site progress photo,2024-07-17,Field Officer App,sha256:d56800f235a79d9c3b07c981e389fbdd
MP-KER-2022-0078,PHOTO,/evidence/MP-KER-2022-0078/photo_519.jpg,Site progress photo,2023-01-02,Field Officer App,sha256:7312929314fce6732d9f04025654dba9
MP-RAJ-2023-0105,PHOTO,/evidence/MP-RAJ-2023-0105/photo_949.jpg,Site progress photo,2024-03-02,Field Officer App,sha256:5f456718be2aabf58739628c61482067
MP-UP-2025-0086,PHOTO,/evidence/MP-UP-2025-0086/photo_469.jpg,Site progress photo,2026-03-09,Field Officer App,sha256:0a6cca7832a15304985034cd8fa513ae
MP-TN-2025-0077,PHOTO,/evidence/MP-TN-2025-0077/photo_696.jpg,Site progress photo,2025-09-09,Field Officer App,sha256:f1cd448e2cce144dcb4054407c824cbe
MP-DEL-2022-0064,PHOTO,/evidence/MP-DEL-2022-0064/photo_836.jpg,Site progress photo,2023-03-29,Field Officer App,sha256:1fb14324088fe748d3034d69c9f21e7a
MP-ODI-2022-0076,PHOTO,/evidence/MP-ODI-2022-0076/photo_748.jpg,Site progress photo,2022-09-08,Field Officer App,sha256:db0da09a7dace14a85f4783c175692c2
MP-UP-2024-0122,PHOTO,/evidence/MP-UP-2024-0122/photo_590.jpg,Site progress photo,2025-05-24,Field Officer App,sha256:caa8d15fcd30d38d536ba4b7bf9a85d1
MP-UP-2022-0067,PHOTO,/evidence/MP-UP-2022-0067/photo_234.jpg,Site progress photo,2023-01-21,Field Officer App,sha256:6b16dd3cceb42f8be758ef7f99e62375
MP-TN-2023-0108,PHOTO,/evidence/MP-TN-2023-0108/photo_446.jpg,Site progress photo,2023-07-26,Field Officer App,sha256:7593cf4756bff81b1735efb09122ced4
MP-TN-2024-0115,PHOTO,/evidence/MP-TN-2024-0115/photo_606.jpg,Site progress photo,2024-11-29,Field Officer App,sha256:25ee2b9cf77e3b02e4d28b23ed4d7c88
MP-NAG-2023-0130,PHOTO,/evidence/MP-NAG-2023-0130/photo_795.jpg,Site progress photo,2023-12-28,Field Officer App,sha256:f25ea32fb7a5f53406896207e4dba0d0
MP-RAJ-2023-0106,PHOTO,/evidence/MP-RAJ-2023-0106/photo_539.jpg,Site progress photo,2023-12-18,Field Officer App,sha256:9e045509b4d9a7b005bb0c4fa4cee8d6
MP-KAR-2023-0132,PHOTO,/evidence/MP-KAR-2023-0132/photo_556.jpg,Site progress photo,2023-07-15,Field Officer App,sha256:f500eb0192f47575dc2085e5786419a0
MP-MP-2022-0069,PHOTO,/evidence/MP-MP-2022-0069/photo_112.jpg,Site progress photo,2023-01-27,Field Officer App,sha256:d135feee0739837f39f770ec6da69120
MP-UP-2022-0068,PHOTO,/evidence/MP-UP-2022-0068/photo_823.jpg,Site progress photo,2022-10-06,Field Officer App,sha256:eacaff131dd89df308f3d2d0c4eb4659
MP-KER-2023-0116,PHOTO,/evidence/MP-KER-2023-0116/photo_253.jpg,Site progress photo,2024-03-24,Field Officer App,sha256:4985c279b24c4e126f7897c62d52be17
MP-MH-2023-0123,PHOTO,/evidence/MP-MH-2023-0123/photo_733.jpg,Site progress photo,2024-01-17,Field Officer App,sha256:73413e338f7606a499a8fccf54aa3d7c
MP-KAR-2022-0072,PHOTO,/evidence/MP-KAR-2022-0072/photo_648.jpg,Site progress photo,2023-02-20,Field Officer App,sha256:343ba9f5ed55c75800fe4c64f09e1537
MP-RAJ-2025-0089,PHOTO,/evidence/MP-RAJ-2025-0089/photo_825.jpg,Site progress photo,2025-07-15,Field Officer App,sha256:a73a8fb0a85f22f69c035f4fab71f20d
MP-MP-2024-0113,PHOTO,/evidence/MP-MP-2024-0113/photo_454.jpg,Site progress photo,2024-12-17,Field Officer App,sha256:d0de49a490926e19efc08b9401c69d3c
MP-UP-2023-0128,PHOTO,/evidence/MP-UP-2023-0128/photo_570.jpg,Site progress photo,2024-03-08,Field Officer App,sha256:6e6cb179ebdb530d6b6ff26ce6282355
MP-RAJ-2022-0058,PHOTO,/evidence/MP-RAJ-2022-0058/photo_508.jpg,Site progress photo,2023-01-15,Field Officer App,sha256:7fb45c44304099bc3252937f0255a533
MP-PUN-2022-0058,PHOTO,/evidence/MP-PUN-2022-0058/photo_559.jpg,Site progress photo,2022-09-25,Field Officer App,sha256:3bbf25dc5e8801639dfa8ce914cd8539
MP-MP-2023-0111,PHOTO,/evidence/MP-MP-2023-0111/photo_155.jpg,Site progress photo,2024-02-26,Field Officer App,sha256:a0b8244b4d88e8c49963de434efc68b9
MP-ASM-2024-0145,PHOTO,/evidence/MP-ASM-2024-0145/photo_672.jpg,Site progress photo,2024-03-12,Field Officer App,sha256:e62b6a82135f1da53e831c2b10df52d1
MP-PUN-2023-0110,PHOTO,/evidence/MP-PUN-2023-0110/photo_464.jpg,Site progress photo,2024-02-08,Field Officer App,sha256:4d906b4ef3618fd27d5fde3c6bf4a072
MP-ASM-2025-0081,PHOTO,/evidence/MP-ASM-2025-0081/photo_901.jpg,Site progress photo,2025-11-23,Field Officer App,sha256:f6631e25e8b407839ddd95f15fad8327
MP-KER-2025-0082,PHOTO,/evidence/MP-KER-2025-0082/photo_249.jpg,Site progress photo,2025-12-17,Field Officer App,sha256:9f27d5b206ea6459a741f17187af1144
MP-NAG-2024-0102,PHOTO,/evidence/MP-NAG-2024-0102/photo_972.jpg,Site progress photo,2024-05-04,Field Officer App,sha256:b3ac0baf855ebb9f810ab71e27be4321
MP-BHR-2022-0074,PHOTO,/evidence/MP-BHR-2022-0074/photo_93.jpg,Site progress photo,2022-07-26,Field Officer App,sha256:761fa446178c64d16612bc095e3f7244
MP-ODI-2023-0146,PHOTO,/evidence/MP-ODI-2023-0146/photo_635.jpg,Site progress photo,2023-09-04,Field Officer App,sha256:b06d93131a7828a1caac48cf8e2d5a7a
MP-ODI-2025-0084,PHOTO,/evidence/MP-ODI-2025-0084/photo_490.jpg,Site progress photo,2025-07-13,Field Officer App,sha256:505b6a89cb79478e710bb60d86a8aa76
MP-TEL-2023-0113,PHOTO,/evidence/MP-TEL-2023-0113/photo_791.jpg,Site progress photo,2024-02-03,Field Officer App,sha256:6424f38bb48ad96310ad539f91da8dcd
MP-KAR-2025-0099,PHOTO,/evidence/MP-KAR-2025-0099/photo_543.jpg,Site progress photo,2025-09-13,Field Officer App,sha256:51d4cfc645d8a637cb798ede6a1cc4b0
MP-WB-2025-0082,PHOTO,/evidence/MP-WB-2025-0082/photo_947.jpg,Site progress photo,2025-03-29,Field Officer App,sha256:3d549f04520dd167f89ba80c74822c5a
MP-BHR-2025-0083,PHOTO,/evidence/MP-BHR-2025-0083/photo_849.jpg,Site progress photo,2025-12-12,Field Officer App,sha256:447b441cf9e56dfc4e37d51d51a53474
MP-PUN-2022-0060,PHOTO,/evidence/MP-PUN-2022-0060/photo_551.jpg,Site progress photo,2022-08-21,Field Officer App,sha256:c1d774e4500bb3361172baa924bb6a63
MP-DEL-2024-0126,PHOTO,/evidence/MP-DEL-2024-0126/photo_509.jpg,Site progress photo,2025-03-31,Field Officer App,sha256:8a992211dc527d225abf8b0a4dc32e4b
MP-ASM-2024-0146,PHOTO,/evidence/MP-ASM-2024-0146/photo_237.jpg,Site progress photo,2024-07-07,Field Officer App,sha256:75a4f07d118c3b1de2457baddea4ab0a
MP-TEL-2024-0119,PHOTO,/evidence/MP-TEL-2024-0119/photo_834.jpg,Site progress photo,2025-02-19,Field Officer App,sha256:7c0b5cfa180007f30c6d1c3eb5ce4fe3
MP-MH-2024-0113,PHOTO,/evidence/MP-MH-2024-0113/photo_893.jpg,Site progress photo,2024-04-13,Field Officer App,sha256:a0b8580469ed811778b636646c2c8324
MP-RAJ-2025-0090,PHOTO,/evidence/MP-RAJ-2025-0090/photo_746.jpg,Site progress photo,2025-09-29,Field Officer App,sha256:8526df41210aadfec6088abff1898759
MP-TEL-2024-0121,PHOTO,/evidence/MP-TEL-2024-0121/photo_344.jpg,Site progress photo,2024-12-13,Field Officer App,sha256:7f81e4f565f957990043aea05280ecca
MP-KER-2025-0083,PHOTO,/evidence/MP-KER-2025-0083/photo_280.jpg,Site progress photo,2025-07-20,Field Officer App,sha256:aac515195684c564b3755e863db7859e
MP-TN-2023-0109,PHOTO,/evidence/MP-TN-2023-0109/photo_351.jpg,Site progress photo,2024-06-22,Field Officer App,sha256:6d0188347aed84e13da09d5807399f69
MP-ODI-2025-0085,PHOTO,/evidence/MP-ODI-2025-0085/photo_137.jpg,Site progress photo,2025-04-19,Field Officer App,sha256:ca6a0201d3d41b74603f24146475de80
MP-MH-2023-0124,PHOTO,/evidence/MP-MH-2023-0124/photo_239.jpg,Site progress photo,2023-10-16,Field Officer App,sha256:a6b7d4677ffcf6ae09c4b81bd02b3f56
MP-WB-2023-0112,PHOTO,/evidence/MP-WB-2023-0112/photo_735.jpg,Site progress photo,2023-09-06,Field Officer App,sha256:2e2da4a30df04f69cf52c4305af60509
MP-DEL-2025-0097,PHOTO,/evidence/MP-DEL-2025-0097/photo_495.jpg,Site progress photo,2026-03-10,Field Officer App,sha256:1006a050328ae5ab135a7cd88938c097
MP-PUN-2022-0061,PHOTO,/evidence/MP-PUN-2022-0061/photo_774.jpg,Site progress photo,2023-05-29,Field Officer App,sha256:c92497d1588029eb42142b5da78563fa
MP-MP-2022-0071,PHOTO,/evidence/MP-MP-2022-0071/photo_652.jpg,Site progress photo,2022-12-22,Field Officer App,sha256:2ea5f6ccd56d078f9c736440d0b8ffa9
MP-GUJ-2024-0119,PHOTO,/evidence/MP-GUJ-2024-0119/photo_775.jpg,Site progress photo,2025-02-27,Field Officer App,sha256:ba23aa84047fb969ead6c31bea2c64b3
MP-PUN-2023-0112,PHOTO,/evidence/MP-PUN-2023-0112/photo_586.jpg,Site progress photo,2023-10-13,Field Officer App,sha256:ddba7b94e1d3c8d8bdd4e6a405e81fda
MP-KAR-2023-0135,PHOTO,/evidence/MP-KAR-2023-0135/photo_1.jpg,Site progress photo,2024-01-21,Field Officer App,sha256:3b95bb5ff112e8dec23a4f445035246a
MP-RAJ-2023-0109,PHOTO,/evidence/MP-RAJ-2023-0109/photo_785.jpg,Site progress photo,2023-03-18,Field Officer App,sha256:cd242fef38664743d31e2ebed4d6a879
MP-DEL-2024-0127,PHOTO,/evidence/MP-DEL-2024-0127/photo_673.jpg,Site progress photo,2024-06-10,Field Officer App,sha256:d4f6ddadb5e7d4bdc23bab319af17b58
MP-KER-2023-0117,PHOTO,/evidence/MP-KER-2023-0117/photo_875.jpg,Site progress photo,2023-05-23,Field Officer App,sha256:179745ad968e1927ec09232af08f64cb
MP-RAJ-2023-0111,PHOTO,/evidence/MP-RAJ-2023-0111/photo_963.jpg,Site progress photo,2023-10-19,Field Officer App,sha256:60b1bde2b2bc89e9beadb24ff9317d74
MP-KER-2022-0082,PHOTO,/evidence/MP-KER-2022-0082/photo_767.jpg,Site progress photo,2022-11-16,Field Officer App,sha256:482b9a33482b7821fc7d624f9828c19b
MP-BHR-2022-0075,PHOTO,/evidence/MP-BHR-2022-0075/photo_829.jpg,Site progress photo,2023-07-12,Field Officer App,sha256:d96b1159e1419da16e12b26172fba4c1
MP-PUN-2024-0118,PHOTO,/evidence/MP-PUN-2024-0118/photo_760.jpg,Site progress photo,2024-12-09,Field Officer App,sha256:61cc03bfd27d9bcb5b23ae8797f9c238
MP-TEL-2023-0114,PHOTO,/evidence/MP-TEL-2023-0114/photo_492.jpg,Site progress photo,2023-11-11,Field Officer App,sha256:6af9bcbdc4ee1df9f9ca98f0d14c98e0
MP-ASM-2022-0048,PHOTO,/evidence/MP-ASM-2022-0048/photo_831.jpg,Site progress photo,2022-11-09,Field Officer App,sha256:e05a8f47000dec5ec4cae6d35a1459d8
MP-MP-2025-0096,PHOTO,/evidence/MP-MP-2025-0096/photo_906.jpg,Site progress photo,2025-09-23,Field Officer App,sha256:26dbe5cbcbca8fc7005d35e870873b8b
MP-NAG-2024-0104,PHOTO,/evidence/MP-NAG-2024-0104/photo_910.jpg,Site progress photo,2025-03-02,Field Officer App,sha256:29e0faf4048af8fb765e8742e8151ace
MP-KAR-2024-0141,PHOTO,/evidence/MP-KAR-2024-0141/photo_500.jpg,Site progress photo,2025-04-18,Field Officer App,sha256:661bb2c5bf39afeafbd598914130bd91
MP-RAJ-2023-0112,PHOTO,/evidence/MP-RAJ-2023-0112/photo_129.jpg,Site progress photo,2023-07-01,Field Officer App,sha256:f4917fa668520f3fa849c75f1ed70d12
MP-KAR-2023-0136,PHOTO,/evidence/MP-KAR-2023-0136/photo_864.jpg,Site progress photo,2023-06-06,Field Officer App,sha256:13e65a6081154ad2e1a593ed3ba0cc9e
MP-DEL-2025-0098,PHOTO,/evidence/MP-DEL-2025-0098/photo_642.jpg,Site progress photo,2025-05-12,Field Officer App,sha256:535f7925c674d0d81251834e431cac3d
MP-MP-2025-0097,PHOTO,/evidence/MP-MP-2025-0097/photo_920.jpg,Site progress photo,2025-10-05,Field Officer App,sha256:8ee80f29596a0fd046bc44a3dc7d21c0
MP-DEL-2023-0128,PHOTO,/evidence/MP-DEL-2023-0128/photo_936.jpg,Site progress photo,2023-09-15,Field Officer App,sha256:d2999235f265c7091415f277d94f9fbb
MP-RAJ-2024-0117,PHOTO,/evidence/MP-RAJ-2024-0117/photo_384.jpg,Site progress photo,2024-10-06,Field Officer App,sha256:23e29b9bb7aff1dacfaddb12958bcbbb
MP-MP-2024-0116,PHOTO,/evidence/MP-MP-2024-0116/photo_900.jpg,Site progress photo,2024-07-10,Field Officer App,sha256:8cd38f04093f0b75e04d409111fa0dbf
MP-MH-2025-0105,PHOTO,/evidence/MP-MH-2025-0105/photo_209.jpg,Site progress photo,2026-01-05,Field Officer App,sha256:cb90c690b7260511ea99a7efb30c33f8
MP-TN-2024-0117,PHOTO,/evidence/MP-TN-2024-0117/photo_565.jpg,Site progress photo,2024-10-02,Field Officer App,sha256:fe28317cc582ebadf144f0e45cd0037b
MP-UP-2025-0090,PHOTO,/evidence/MP-UP-2025-0090/photo_50.jpg,Site progress photo,2025-12-12,Field Officer App,sha256:cd59c4fb4e4a8d9aee985afe6d12b56f
MP-RAJ-2024-0118,PHOTO,/evidence/MP-RAJ-2024-0118/photo_218.jpg,Site progress photo,2024-08-04,Field Officer App,sha256:0023e518146db425856871457804da27
MP-MH-2022-0065,PHOTO,/evidence/MP-MH-2022-0065/photo_846.jpg,Site progress photo,2022-09-26,Field Officer App,sha256:34e1719802b66e7976a2a2b7e7241517
MP-DEL-2024-0130,PHOTO,/evidence/MP-DEL-2024-0130/photo_47.jpg,Site progress photo,2025-05-25,Field Officer App,sha256:b5b72a81a84889f9f60cd39ab39d16c4
MP-ODI-2022-0078,PHOTO,/evidence/MP-ODI-2022-0078/photo_402.jpg,Site progress photo,2023-03-15,Field Officer App,sha256:d323d7b3a6a48692d0aad59cc2376537
MP-MP-2024-0117,PHOTO,/evidence/MP-MP-2024-0117/photo_315.jpg,Site progress photo,2024-12-20,Field Officer App,sha256:0757b3a650de3280770ddc40d4fb4163
MP-UP-2025-0091,PHOTO,/evidence/MP-UP-2025-0091/photo_201.jpg,Site progress photo,2025-04-03,Field Officer App,sha256:a81752cc0b8cf1f86ed75552e337210a
MP-ODI-2024-0115,PHOTO,/evidence/MP-ODI-2024-0115/photo_769.jpg,Site progress photo,2025-01-10,Field Officer App,sha256:acc0c1b49d9780069cd29b8f9322f330
MP-MH-2024-0114,PHOTO,/evidence/MP-MH-2024-0114/photo_895.jpg,Site progress photo,2024-06-22,Field Officer App,sha256:5581a941ddd13bc00bc746a06d7bb873
MP-TN-2023-0110,PHOTO,/evidence/MP-TN-2023-0110/photo_66.jpg,Site progress photo,2023-08-22,Field Officer App,sha256:5df4b9354a3dc1af4384999a7be8dda0
MP-PUN-2023-0113,PHOTO,/evidence/MP-PUN-2023-0113/photo_420.jpg,Site progress photo,2024-02-02,Field Officer App,sha256:90f9e81d85128e509d459ccb237e8a3b
MP-ODI-2023-0147,PHOTO,/evidence/MP-ODI-2023-0147/photo_551.jpg,Site progress photo,2023-03-06,Field Officer App,sha256:4bf65b5a37443a86bbe553131b72518b
MP-NAG-2023-0131,PHOTO,/evidence/MP-NAG-2023-0131/photo_934.jpg,Site progress photo,2023-11-25,Field Officer App,sha256:e9b000883a805315bbdd22c75095c592
MP-ASM-2024-0149,PHOTO,/evidence/MP-ASM-2024-0149/photo_421.jpg,Site progress photo,2024-08-10,Field Officer App,sha256:2e5ffca94ff39fa0357bb5ee4d5e1c65
MP-GUJ-2023-0099,PHOTO,/evidence/MP-GUJ-2023-0099/photo_613.jpg,Site progress photo,2024-02-09,Field Officer App,sha256:ad7be8eb992cde883fa7ce2941d38583
MP-TEL-2024-0123,PHOTO,/evidence/MP-TEL-2024-0123/photo_401.jpg,Site progress photo,2024-08-11,Field Officer App,sha256:9b2590f4706057514cf6af800d9a3a9c
MP-ASM-2023-0127,PHOTO,/evidence/MP-ASM-2023-0127/photo_486.jpg,Site progress photo,2023-11-11,Field Officer App,sha256:84caf96b40433525554eae1b9df6ef97
MP-UP-2023-0129,PHOTO,/evidence/MP-UP-2023-0129/photo_615.jpg,Site progress photo,2023-05-21,Field Officer App,sha256:2784ce649b8ddcad9c540b7323b0a410
MP-UP-2023-0130,PHOTO,/evidence/MP-UP-2023-0130/photo_43.jpg,Site progress photo,2023-05-17,Field Officer App,sha256:84b937824a1c3736fe99ca4c8e1ff439
MP-MH-2025-0106,PHOTO,/evidence/MP-MH-2025-0106/photo_967.jpg,Site progress photo,2025-09-03,Field Officer App,sha256:4da27aae123b3144c082ae64c4489e8b
MP-BHR-2024-0130,PHOTO,/evidence/MP-BHR-2024-0130/photo_467.jpg,Site progress photo,2024-06-09,Field Officer App,sha256:2c4f0187d3aa9974a58a673177cfc7f7
MP-KER-2025-0086,PHOTO,/evidence/MP-KER-2025-0086/photo_385.jpg,Site progress photo,2025-04-27,Field Officer App,sha256:a40b42b192a373fe9eb2c382b99b68f2
MP-KER-2023-0119,PHOTO,/evidence/MP-KER-2023-0119/photo_614.jpg,Site progress photo,2023-07-22,Field Officer App,sha256:2a22af8b4098836fbd9a8256f7855b37
MP-PUN-2022-0063,PHOTO,/evidence/MP-PUN-2022-0063/photo_50.jpg,Site progress photo,2023-01-20,Field Officer App,sha256:15130ce39de1c3f26df83645ad192d4e
MP-ASM-2024-0151,PHOTO,/evidence/MP-ASM-2024-0151/photo_963.jpg,Site progress photo,2024-12-24,Field Officer App,sha256:bde5863767a60354c9206a8cf3d337f7
MP-NAG-2022-0066,PHOTO,/evidence/MP-NAG-2022-0066/photo_477.jpg,Site progress photo,2022-10-13,Field Officer App,sha256:30ade2e176a3db21edad041d09c612e3
MP-TN-2024-0119,PHOTO,/evidence/MP-TN-2024-0119/photo_767.jpg,Site progress photo,2025-01-26,Field Officer App,sha256:6d6acef6cf24368c790ff3c16fd58feb
MP-WB-2022-0076,PHOTO,/evidence/MP-WB-2022-0076/photo_982.jpg,Site progress photo,2023-03-23,Field Officer App,sha256:1e95ad66b370d327d6a4573f23d8d9fe
MP-DEL-2025-0099,PHOTO,/evidence/MP-DEL-2025-0099/photo_99.jpg,Site progress photo,2025-08-19,Field Officer App,sha256:45ac9c723bcfb0076a0d496e748f8de6
MP-DEL-2024-0131,PHOTO,/evidence/MP-DEL-2024-0131/photo_932.jpg,Site progress photo,2024-06-03,Field Officer App,sha256:0bf5e39b56d948812302c382dfadc4ea
MP-MH-2024-0116,PHOTO,/evidence/MP-MH-2024-0116/photo_74.jpg,Site progress photo,2024-04-26,Field Officer App,sha256:fc680d72ea7698b2d0752d2a8ca28e86
MP-ODI-2025-0088,PHOTO,/evidence/MP-ODI-2025-0088/photo_135.jpg,Site progress photo,2025-07-18,Field Officer App,sha256:1193b4e5b1209a457f9e195236f82e07
MP-WB-2023-0114,PHOTO,/evidence/MP-WB-2023-0114/photo_757.jpg,Site progress photo,2024-02-11,Field Officer App,sha256:90e5f155dd4fb41fba5800b636868866
MP-KER-2023-0120,PHOTO,/evidence/MP-KER-2023-0120/photo_675.jpg,Site progress photo,2023-09-22,Field Officer App,sha256:1d5dcdbe45acc42549bfc445d699f45a
MP-UP-2024-0125,PHOTO,/evidence/MP-UP-2024-0125/photo_122.jpg,Site progress photo,2024-09-03,Field Officer App,sha256:3df7e43904d9186537f9f0a3723a6110
MP-MH-2025-0108,PHOTO,/evidence/MP-MH-2025-0108/photo_662.jpg,Site progress photo,2025-11-08,Field Officer App,sha256:d6a9f952729d2d817cb9293bde89b20b
MP-ODI-2025-0089,PHOTO,/evidence/MP-ODI-2025-0089/photo_189.jpg,Site progress photo,2025-02-20,Field Officer App,sha256:0141cab0f1d77066f740e0bdc63213ae
MP-BHR-2023-0117,PHOTO,/evidence/MP-BHR-2023-0117/photo_256.jpg,Site progress photo,2023-12-04,Field Officer App,sha256:0e4ecd15f7ec09dc2cf2394bbe28032e
MP-NAG-2024-0106,PHOTO,/evidence/MP-NAG-2024-0106/photo_176.jpg,Site progress photo,2025-04-22,Field Officer App,sha256:b20ed69b6922fe553a369b71b9448817
MP-DEL-2024-0132,PHOTO,/evidence/MP-DEL-2024-0132/photo_225.jpg,Site progress photo,2024-10-31,Field Officer App,sha256:4b0a7a30f6a95ec81bd6689122c5de33
MP-NAG-2024-0107,PHOTO,/evidence/MP-NAG-2024-0107/photo_909.jpg,Site progress photo,2024-02-18,Field Officer App,sha256:563856e2ed300fa9dfd5ee0b03213fd3
MP-BHR-2023-0118,PHOTO,/evidence/MP-BHR-2023-0118/photo_955.jpg,Site progress photo,2023-07-13,Field Officer App,sha256:542ba0790e7ed17f2e2f97030bf3ed53
MP-DEL-2023-0133,PHOTO,/evidence/MP-DEL-2023-0133/photo_1.jpg,Site progress photo,2023-10-26,Field Officer App,sha256:8cb66c59d68c96b839342e7a0eb949bc
MP-RAJ-2024-0119,PHOTO,/evidence/MP-RAJ-2024-0119/photo_373.jpg,Site progress photo,2025-05-15,Field Officer App,sha256:bc4f218f69b24df4538d45bd1aaa67b7
MP-UP-2023-0132,PHOTO,/evidence/MP-UP-2023-0132/photo_713.jpg,Site progress photo,2023-08-31,Field Officer App,sha256:b3d2938f57e5e039fe0c0d3dd9301a4c
MP-UP-2024-0126,PHOTO,/evidence/MP-UP-2024-0126/photo_846.jpg,Site progress photo,2024-10-11,Field Officer App,sha256:54892f31abf2eda716874108de13af5a
MP-BHR-2023-0119,PHOTO,/evidence/MP-BHR-2023-0119/photo_15.jpg,Site progress photo,2023-04-05,Field Officer App,sha256:33b7c0333ffb6cadb421f2720b590e98
MP-KER-2023-0121,PHOTO,/evidence/MP-KER-2023-0121/photo_636.jpg,Site progress photo,2023-03-30,Field Officer App,sha256:83ed501eaaa35255fded37574ab49198
MP-TEL-2024-0124,PHOTO,/evidence/MP-TEL-2024-0124/photo_678.jpg,Site progress photo,2025-06-22,Field Officer App,sha256:7a9168f0fd080eb124b29f9cea2306a7
MP-TEL-2023-0116,PHOTO,/evidence/MP-TEL-2023-0116/photo_552.jpg,Site progress photo,2023-02-04,Field Officer App,sha256:c8e8ad499678acbc4b9f961593cfb18e
MP-UP-2023-0133,PHOTO,/evidence/MP-UP-2023-0133/photo_265.jpg,Site progress photo,2023-11-07,Field Officer App,sha256:c205b58b11bc386af84b98b839d3b650
MP-ODI-2023-0150,PHOTO,/evidence/MP-ODI-2023-0150/photo_11.jpg,Site progress photo,2024-03-09,Field Officer App,sha256:996c00cd05590ade92662d2662fbb1a9
MP-ASM-2023-0129,PHOTO,/evidence/MP-ASM-2023-0129/photo_317.jpg,Site progress photo,2024-05-14,Field Officer App,sha256:f3e3d67f17c275b654e7939b4ffdc1b2
MP-KER-2025-0087,PHOTO,/evidence/MP-KER-2025-0087/photo_9.jpg,Site progress photo,2025-09-11,Field Officer App,sha256:a717a9f79e0222a964f1832a7e896f68
MP-PUN-2023-0116,PHOTO,/evidence/MP-PUN-2023-0116/photo_478.jpg,Site progress photo,2023-05-01,Field Officer App,sha256:f565aa5324345ed4a3396c20ac9969dc
MP-NAG-2024-0108,PHOTO,/evidence/MP-NAG-2024-0108/photo_29.jpg,Site progress photo,2025-03-18,Field Officer App,sha256:5092e70f8fa1909e7b6849e59987b189
MP-WB-2022-0077,PHOTO,/evidence/MP-WB-2022-0077/photo_879.jpg,Site progress photo,2023-04-01,Field Officer App,sha256:9958d1e2377302e212a23d9c9e87ddfc
MP-PUN-2022-0064,PHOTO,/evidence/MP-PUN-2022-0064/photo_368.jpg,Site progress photo,2022-12-22,Field Officer App,sha256:a87dfca79835abf12f9e398c84630a29
MP-BHR-2022-0076,PHOTO,/evidence/MP-BHR-2022-0076/photo_182.jpg,Site progress photo,2022-12-08,Field Officer App,sha256:d1454b929d2d6c09dd9879c8db77ea21
MP-ASM-2025-0086,PHOTO,/evidence/MP-ASM-2025-0086/photo_997.jpg,Site progress photo,2025-11-10,Field Officer App,sha256:701354f1aa70d5004a6d9ab71e24f476
MP-GUJ-2023-0100,PHOTO,/evidence/MP-GUJ-2023-0100/photo_818.jpg,Site progress photo,2023-10-08,Field Officer App,sha256:e693e88e28c8cd7d7db40898c8b9dda2
MP-BHR-2025-0085,PHOTO,/evidence/MP-BHR-2025-0085/photo_698.jpg,Site progress photo,2025-09-11,Field Officer App,sha256:e08de966843b2edb8473018caa7c1fb6
MP-PUN-2023-0117,PHOTO,/evidence/MP-PUN-2023-0117/photo_389.jpg,Site progress photo,2024-02-20,Field Officer App,sha256:b9008167f648599fba38de512af95b50
MP-DEL-2023-0134,PHOTO,/evidence/MP-DEL-2023-0134/photo_20.jpg,Site progress photo,2024-03-11,Field Officer App,sha256:e45d812560f44525f9c38d8cbce4231e
MP-UP-2022-0070,PHOTO,/evidence/MP-UP-2022-0070/photo_955.jpg,Site progress photo,2023-03-02,Field Officer App,sha256:d3ed3080ea93de67a2cc03b51603cb5c
MP-TN-2023-0112,PHOTO,/evidence/MP-TN-2023-0112/photo_831.jpg,Site progress photo,2023-06-12,Field Officer App,sha256:a7ddba93825b52d563942595527d6a06
MP-KER-2025-0088,PHOTO,/evidence/MP-KER-2025-0088/photo_904.jpg,Site progress photo,2025-11-11,Field Officer App,sha256:9dd47414035cb9a72bd465aa9ce98db7
MP-TEL-2025-0080,PHOTO,/evidence/MP-TEL-2025-0080/photo_87.jpg,Site progress photo,2026-03-16,Field Officer App,sha256:f32db1fae1359623f9667b6ced3e3617
MP-UP-2024-0127,PHOTO,/evidence/MP-UP-2024-0127/photo_275.jpg,Site progress photo,2025-04-22,Field Officer App,sha256:3b2c84f4ae60ff5a5bfc2eacb8f9d390
MP-RAJ-2023-0115,PHOTO,/evidence/MP-RAJ-2023-0115/photo_26.jpg,Site progress photo,2023-07-05,Field Officer App,sha256:ce240ed3a09606ba859774bc74f42e2b
MP-MP-2025-0099,PHOTO,/evidence/MP-MP-2025-0099/photo_839.jpg,Site progress photo,2025-03-26,Field Officer App,sha256:73b0c9c0ae542f0f12990769271baf08
MP-RAJ-2024-0120,PHOTO,/evidence/MP-RAJ-2024-0120/photo_997.jpg,Site progress photo,2024-10-08,Field Officer App,sha256:a238e0057a6fe1c65fed3fc4d8178dc1
MP-UP-2024-0129,PHOTO,/evidence/MP-UP-2024-0129/photo_507.jpg,Site progress photo,2024-05-22,Field Officer App,sha256:17ee14730063789d134f54959cce88a0
MP-NAG-2025-0083,PHOTO,/evidence/MP-NAG-2025-0083/photo_673.jpg,Site progress photo,2026-01-20,Field Officer App,sha256:d6de06967ff64d28aed6e96cfb5368f0
MP-MP-2024-0119,PHOTO,/evidence/MP-MP-2024-0119/photo_334.jpg,Site progress photo,2025-03-28,Field Officer App,sha256:1eaa4bbc5240fff5464b7766b17ccce8
MP-PUN-2022-0065,PHOTO,/evidence/MP-PUN-2022-0065/photo_18.jpg,Site progress photo,2022-12-02,Field Officer App,sha256:80692cda8980eb91fa471975aae90903
MP-ASM-2023-0130,PHOTO,/evidence/MP-ASM-2023-0130/photo_112.jpg,Site progress photo,2023-12-06,Field Officer App,sha256:702b2188fc2893c7eb1244e4467877d0
MP-MP-2024-0120,PHOTO,/evidence/MP-MP-2024-0120/photo_381.jpg,Site progress photo,2025-03-03,Field Officer App,sha256:90a160a58e143ced233c4c5f0d979d90
MP-UP-2023-0135,PHOTO,/evidence/MP-UP-2023-0135/photo_31.jpg,Site progress photo,2023-08-29,Field Officer App,sha256:00d2c4ca3ba4b5aaa394c8d48ea7eb54
MP-WB-2023-0115,PHOTO,/evidence/MP-WB-2023-0115/photo_286.jpg,Site progress photo,2023-12-22,Field Officer App,sha256:9151828eee160fd0fec262d74c09fc7a
MP-KER-2023-0124,PHOTO,/evidence/MP-KER-2023-0124/photo_603.jpg,Site progress photo,2023-10-28,Field Officer App,sha256:0ebaa017fad965b427263d149d9adde1
MP-TN-2025-0078,PHOTO,/evidence/MP-TN-2025-0078/photo_387.jpg,Site progress photo,2025-09-05,Field Officer App,sha256:fc6df352b14fb48df215e937007aa3a5
MP-KAR-2025-0107,PHOTO,/evidence/MP-KAR-2025-0107/photo_500.jpg,Site progress photo,2026-03-08,Field Officer App,sha256:9f9a16cbbe5e7bdc8843a8a0ffdbb305
MP-MP-2024-0121,PHOTO,/evidence/MP-MP-2024-0121/photo_9.jpg,Site progress photo,2025-06-17,Field Officer App,sha256:48bdf8157ba57da61bc9f949af155112
MP-UP-2025-0093,PHOTO,/evidence/MP-UP-2025-0093/photo_752.jpg,Site progress photo,2025-10-04,Field Officer App,sha256:3dc4e89d32a680c9200c6d1716256aae
MP-RAJ-2025-0092,PHOTO,/evidence/MP-RAJ-2025-0092/photo_567.jpg,Site progress photo,2025-06-26,Field Officer App,sha256:a2cc2656417c1ba6cd1a7cba55a16090
MP-KER-2025-0089,PHOTO,/evidence/MP-KER-2025-0089/photo_501.jpg,Site progress photo,2025-02-27,Field Officer App,sha256:6d264189f59b83f059900dd7cfeaf5c1
MP-MP-2024-0122,PHOTO,/evidence/MP-MP-2024-0122/photo_592.jpg,Site progress photo,2024-06-26,Field Officer App,sha256:7a61f7e729dd79ca05d54d011a0d73c3
MP-UP-2025-0094,PHOTO,/evidence/MP-UP-2025-0094/photo_507.jpg,Site progress photo,2025-12-26,Field Officer App,sha256:b0a3d07cc45e0f96d6dc270297c9103d
MP-ODI-2023-0151,PHOTO,/evidence/MP-ODI-2023-0151/photo_262.jpg,Site progress photo,2024-02-08,Field Officer App,sha256:8b00047a0225dea43b3c21ed4c5b5000
MP-ASM-2024-0153,PHOTO,/evidence/MP-ASM-2024-0153/photo_982.jpg,Site progress photo,2024-04-05,Field Officer App,sha256:1780c781cdc1acb531cc6de088d8bcfb
MP-BHR-2022-0078,PHOTO,/evidence/MP-BHR-2022-0078/photo_793.jpg,Site progress photo,2022-10-15,Field Officer App,sha256:b01527780daa2fe07965cd047b3e4b9d
MP-ASM-2025-0087,PHOTO,/evidence/MP-ASM-2025-0087/photo_348.jpg,Site progress photo,2025-12-10,Field Officer App,sha256:b4f156ab7c9544a8487f5b5887dc2ba1
MP-PUN-2022-0066,PHOTO,/evidence/MP-PUN-2022-0066/photo_558.jpg,Site progress photo,2023-03-11,Field Officer App,sha256:3134c90cccc7cfaa82e7c6932e923110
MP-DEL-2024-0134,PHOTO,/evidence/MP-DEL-2024-0134/photo_288.jpg,Site progress photo,2024-03-26,Field Officer App,sha256:35291981d0c7c7e6f3fb4b10e268c926
MP-ASM-2025-0088,PHOTO,/evidence/MP-ASM-2025-0088/photo_125.jpg,Site progress photo,2025-08-20,Field Officer App,sha256:584b7ba933d93366199fcc1915ba0144
MP-TN-2022-0054,PHOTO,/evidence/MP-TN-2022-0054/photo_401.jpg,Site progress photo,2022-12-23,Field Officer App,sha256:50165bf948c621398148bd9e33a7c466
MP-TN-2025-0079,PHOTO,/evidence/MP-TN-2025-0079/photo_139.jpg,Site progress photo,2025-09-30,Field Officer App,sha256:d3ba94e5fb151d705f017fe7058fc13a
MP-MP-2023-0115,PHOTO,/evidence/MP-MP-2023-0115/photo_940.jpg,Site progress photo,2023-07-04,Field Officer App,sha256:5a7c236eea16f50e6a94dccce02cf4ab
MP-BHR-2025-0087,PHOTO,/evidence/MP-BHR-2025-0087/photo_120.jpg,Site progress photo,2025-05-09,Field Officer App,sha256:ff479d3be184118e1f3499d90c035d0e
MP-BHR-2023-0120,PHOTO,/evidence/MP-BHR-2023-0120/photo_221.jpg,Site progress photo,2023-03-02,Field Officer App,sha256:1db9683b8c6ce47a3de6615d154e732d
MP-TN-2024-0120,PHOTO,/evidence/MP-TN-2024-0120/photo_2.jpg,Site progress photo,2024-12-22,Field Officer App,sha256:e6bd605b50c863e95bc3dab7068d5bcf
MP-RAJ-2023-0117,PHOTO,/evidence/MP-RAJ-2023-0117/photo_297.jpg,Site progress photo,2023-12-01,Field Officer App,sha256:624182d8f40c6bc91122c781f73293ef
MP-ASM-2023-0133,PHOTO,/evidence/MP-ASM-2023-0133/photo_555.jpg,Site progress photo,2024-03-30,Field Officer App,sha256:11f94278ec0cc21ee7b9a7f1527fcf92
MP-PUN-2025-0102,PHOTO,/evidence/MP-PUN-2025-0102/photo_511.jpg,Site progress photo,2026-01-19,Field Officer App,sha256:66e7959bd0a9486ac47f0aa54fa5ec2a
MP-UP-2022-0071,PHOTO,/evidence/MP-UP-2022-0071/photo_171.jpg,Site progress photo,2023-01-12,Field Officer App,sha256:8a44c3703389a0199e4de2f3a7e9c676
MP-MP-2022-0075,PHOTO,/evidence/MP-MP-2022-0075/photo_87.jpg,Site progress photo,2022-07-04,Field Officer App,sha256:f9e8baf80928ae24a1dffbc3e0c1e174
MP-ODI-2025-0090,PHOTO,/evidence/MP-ODI-2025-0090/photo_678.jpg,Site progress photo,2025-09-06,Field Officer App,sha256:730744509852f9f8c3cc4da515a2ae5d
MP-KAR-2024-0144,PHOTO,/evidence/MP-KAR-2024-0144/photo_896.jpg,Site progress photo,2024-12-23,Field Officer App,sha256:37d731416a7433ac98f9024626c19bb1
MP-MH-2024-0121,PHOTO,/evidence/MP-MH-2024-0121/photo_804.jpg,Site progress photo,2024-12-28,Field Officer App,sha256:43d8ef8d67f252ab250b982f9764e48a
MP-ODI-2022-0079,PHOTO,/evidence/MP-ODI-2022-0079/photo_432.jpg,Site progress photo,2023-01-11,Field Officer App,sha256:6957edbf9f5d6cfbeebea5d3f6ff22e4
MP-UP-2022-0073,PHOTO,/evidence/MP-UP-2022-0073/photo_733.jpg,Site progress photo,2022-12-26,Field Officer App,sha256:196b27112c97a2f214a40560581e4c18
MP-KER-2022-0084,PHOTO,/evidence/MP-KER-2022-0084/photo_73.jpg,Site progress photo,2023-01-05,Field Officer App,sha256:ca4fef4c30c3203bf4359b7c3cf7d10e
MP-GUJ-2024-0123,PHOTO,/evidence/MP-GUJ-2024-0123/photo_321.jpg,Site progress photo,2024-08-24,Field Officer App,sha256:9bce566249150f888f8f9abc78cd7b0f
MP-KER-2023-0125,PHOTO,/evidence/MP-KER-2023-0125/photo_105.jpg,Site progress photo,2023-12-07,Field Officer App,sha256:1624c493e6ab7d189ca97ea4b9906747
MP-RAJ-2024-0123,PHOTO,/evidence/MP-RAJ-2024-0123/photo_907.jpg,Site progress photo,2024-06-08,Field Officer App,sha256:7a8fb520c49cecc5f7bfadab26c51b18
MP-BHR-2025-0088,PHOTO,/evidence/MP-BHR-2025-0088/photo_855.jpg,Site progress photo,2025-11-14,Field Officer App,sha256:80bc9da751715eabbaed76a9c9d00e6c
MP-GUJ-2022-0074,PHOTO,/evidence/MP-GUJ-2022-0074/photo_479.jpg,Site progress photo,2023-01-10,Field Officer App,sha256:404866ccec8cf4eef099fda95d20f593
MP-RAJ-2023-0118,PHOTO,/evidence/MP-RAJ-2023-0118/photo_922.jpg,Site progress photo,2023-01-31,Field Officer App,sha256:ba32f2562c591b47e2f9541b54589ee5
MP-NAG-2024-0110,PHOTO,/evidence/MP-NAG-2024-0110/photo_819.jpg,Site progress photo,2025-04-20,Field Officer App,sha256:b62859dc1121ad89553dae1f6266aee8
MP-ODI-2023-0152,PHOTO,/evidence/MP-ODI-2023-0152/photo_789.jpg,Site progress photo,2023-08-01,Field Officer App,sha256:b489b1b940bffce727accbe116f7a0a7
MP-RAJ-2025-0094,PHOTO,/evidence/MP-RAJ-2025-0094/photo_564.jpg,Site progress photo,2025-05-14,Field Officer App,sha256:0c08cf72124f8dc62a094f1a2b582c42
MP-GUJ-2022-0075,PHOTO,/evidence/MP-GUJ-2022-0075/photo_196.jpg,Site progress photo,2023-03-09,Field Officer App,sha256:254c73629e344f51624279c14eff3ecf
MP-MP-2024-0123,PHOTO,/evidence/MP-MP-2024-0123/photo_914.jpg,Site progress photo,2025-02-10,Field Officer App,sha256:6dc17eb68ede87e00300dc9fad583358
MP-TN-2024-0121,PHOTO,/evidence/MP-TN-2024-0121/photo_934.jpg,Site progress photo,2024-07-31,Field Officer App,sha256:527300e9f85865684e67bfb3c7f75964
MP-NAG-2022-0067,PHOTO,/evidence/MP-NAG-2022-0067/photo_479.jpg,Site progress photo,2022-12-23,Field Officer App,sha256:10d22438c774ac8ca51426aec55bb354
MP-KAR-2025-0108,PHOTO,/evidence/MP-KAR-2025-0108/photo_61.jpg,Site progress photo,2025-09-13,Field Officer App,sha256:dd0df1ffa05031c64eb23bdfd89d0732
MP-PUN-2025-0103,PHOTO,/evidence/MP-PUN-2025-0103/photo_284.jpg,Site progress photo,2025-08-12,Field Officer App,sha256:7d3a6bce08a776699d0e5cae17fc6473
MP-KER-2024-0130,PHOTO,/evidence/MP-KER-2024-0130/photo_511.jpg,Site progress photo,2025-04-11,Field Officer App,sha256:fe5819b3e5753a106f787d9b61a75603
MP-ASM-2022-0051,PHOTO,/evidence/MP-ASM-2022-0051/photo_803.jpg,Site progress photo,2022-12-12,Field Officer App,sha256:04227bf82e1de5f44f74b660ff614c44
MP-UP-2025-0095,PHOTO,/evidence/MP-UP-2025-0095/photo_174.jpg,Site progress photo,2025-09-03,Field Officer App,sha256:10eeb1075ad67b25cb7b1e11f948d0d7
MP-TEL-2025-0081,PHOTO,/evidence/MP-TEL-2025-0081/photo_883.jpg,Site progress photo,2025-09-11,Field Officer App,sha256:3062d15a0cd13fa27c03a968a09bb084
MP-PUN-2024-0119,PHOTO,/evidence/MP-PUN-2024-0119/photo_886.jpg,Site progress photo,2025-02-27,Field Officer App,sha256:4c5e3b5066676fc641d2a32d6e5cb25b
MP-TEL-2022-0062,PHOTO,/evidence/MP-TEL-2022-0062/photo_501.jpg,Site progress photo,2022-07-17,Field Officer App,sha256:892716e37c648512341a4b526acc5a8f
MP-ODI-2023-0154,PHOTO,/evidence/MP-ODI-2023-0154/photo_829.jpg,Site progress photo,2023-04-23,Field Officer App,sha256:be8856acd69e011bc7a3bd863792dcce
MP-RAJ-2024-0124,PHOTO,/evidence/MP-RAJ-2024-0124/photo_364.jpg,Site progress photo,2024-11-24,Field Officer App,sha256:5a22b7306b52b3fe78958d92b6fb3c33
MP-DEL-2025-0101,PHOTO,/evidence/MP-DEL-2025-0101/photo_626.jpg,Site progress photo,2025-09-27,Field Officer App,sha256:789d7ca4b97b628b32b977b3e334b2ca
MP-BHR-2023-0122,PHOTO,/evidence/MP-BHR-2023-0122/photo_102.jpg,Site progress photo,2023-11-03,Field Officer App,sha256:99337ffa9469f92282330a48d6588bb2
MP-TN-2024-0122,PHOTO,/evidence/MP-TN-2024-0122/photo_660.jpg,Site progress photo,2024-08-04,Field Officer App,sha256:8a9d92ea104945cf86ad8a63d9acd794
MP-TEL-2022-0063,PHOTO,/evidence/MP-TEL-2022-0063/photo_427.jpg,Site progress photo,2023-02-16,Field Officer App,sha256:248f5b504691bf2c717b3863059af0dd
MP-TEL-2025-0082,PHOTO,/evidence/MP-TEL-2025-0082/photo_255.jpg,Site progress photo,2025-08-30,Field Officer App,sha256:b81433a38b64fd6e861db4dac3f03eb5
MP-RAJ-2024-0125,PHOTO,/evidence/MP-RAJ-2024-0125/photo_425.jpg,Site progress photo,2025-04-04,Field Officer App,sha256:2c29ccc546eebeb82cde95ac0724b85a
MP-KER-2025-0091,PHOTO,/evidence/MP-KER-2025-0091/photo_354.jpg,Site progress photo,2025-07-31,Field Officer App,sha256:bea52963dc7e9ea1757ef6301e1d15c4
MP-WB-2023-0118,PHOTO,/evidence/MP-WB-2023-0118/photo_825.jpg,Site progress photo,2024-01-13,Field Officer App,sha256:76eb22d2c6e94dae586842123c7854e7
MP-DEL-2023-0137,PHOTO,/evidence/MP-DEL-2023-0137/photo_386.jpg,Site progress photo,2023-08-01,Field Officer App,sha256:376dcc524327e02f1f52e25627c64c2c
MP-ODI-2023-0156,PHOTO,/evidence/MP-ODI-2023-0156/photo_75.jpg,Site progress photo,2023-07-03,Field Officer App,sha256:b97d12e2a2e83e2f02de16fdd9ef2244
MP-ASM-2022-0052,PHOTO,/evidence/MP-ASM-2022-0052/photo_633.jpg,Site progress photo,2023-01-20,Field Officer App,sha256:c0e9efba306b11b6d72a87d28c67123c
MP-GUJ-2022-0076,PHOTO,/evidence/MP-GUJ-2022-0076/photo_146.jpg,Site progress photo,2022-09-17,Field Officer App,sha256:4722b5659db999a89049ceaa431d261e
MP-KER-2022-0085,PHOTO,/evidence/MP-KER-2022-0085/photo_346.jpg,Site progress photo,2022-11-25,Field Officer App,sha256:47973ce552e3336dd261f4429a5ee5b7
MP-KER-2024-0132,PHOTO,/evidence/MP-KER-2024-0132/photo_22.jpg,Site progress photo,2024-09-06,Field Officer App,sha256:354cc848a03bc4139dc058582dc2af57
MP-BHR-2023-0123,PHOTO,/evidence/MP-BHR-2023-0123/photo_997.jpg,Site progress photo,2024-06-22,Field Officer App,sha256:a9506b812b5dfc1e23fe782ed07930e3
MP-WB-2025-0084,PHOTO,/evidence/MP-WB-2025-0084/photo_894.jpg,Site progress photo,2025-09-25,Field Officer App,sha256:20f800af6fc3d6199dbce4944a04e0c3
MP-WB-2023-0119,PHOTO,/evidence/MP-WB-2023-0119/photo_288.jpg,Site progress photo,2024-02-17,Field Officer App,sha256:024589bc86f7563095564fe779c8e302
MP-RAJ-2023-0120,PHOTO,/evidence/MP-RAJ-2023-0120/photo_318.jpg,Site progress photo,2023-05-28,Field Officer App,sha256:f2990e6f2a064749327054e07c2b4c80
MP-WB-2023-0120,PHOTO,/evidence/MP-WB-2023-0120/photo_638.jpg,Site progress photo,2023-12-22,Field Officer App,sha256:024a2999a1b2b23fb20f6c73fa7b9988
MP-UP-2025-0096,PHOTO,/evidence/MP-UP-2025-0096/photo_822.jpg,Site progress photo,2025-08-21,Field Officer App,sha256:f3bedbfab95bcd9d59733a2662922566
MP-RAJ-2025-0097,PHOTO,/evidence/MP-RAJ-2025-0097/photo_46.jpg,Site progress photo,2025-08-27,Field Officer App,sha256:d3dc4c46dafff53189864c84db4b6f57
MP-PUN-2025-0104,PHOTO,/evidence/MP-PUN-2025-0104/photo_4.jpg,Site progress photo,2025-08-17,Field Officer App,sha256:22ed501177bfdb1c270355ed21a822dd
MP-KAR-2025-0109,PHOTO,/evidence/MP-KAR-2025-0109/photo_554.jpg,Site progress photo,2025-08-03,Field Officer App,sha256:a8d05a58af65db9775bebffe0f3f5e89
MP-DEL-2024-0136,PHOTO,/evidence/MP-DEL-2024-0136/photo_499.jpg,Site progress photo,2025-05-07,Field Officer App,sha256:95cef4de1af588e224acbb0060a86564
MP-RAJ-2023-0121,PHOTO,/evidence/MP-RAJ-2023-0121/photo_160.jpg,Site progress photo,2023-12-28,Field Officer App,sha256:3faf2ccf083740758854a89ccf69303c
MP-DEL-2023-0139,PHOTO,/evidence/MP-DEL-2023-0139/photo_195.jpg,Site progress photo,2024-01-09,Field Officer App,sha256:b0edff312e6de5887676f711d25dd825
MP-BHR-2023-0124,PHOTO,/evidence/MP-BHR-2023-0124/photo_785.jpg,Site progress photo,2024-06-18,Field Officer App,sha256:8c42cf42ad5903f0657ddff392edc2c0
MP-MH-2025-0110,PHOTO,/evidence/MP-MH-2025-0110/photo_493.jpg,Site progress photo,2025-07-06,Field Officer App,sha256:97ec7650d0e9664929557ffad98a1b62
MP-ODI-2024-0116,PHOTO,/evidence/MP-ODI-2024-0116/photo_773.jpg,Site progress photo,2025-06-23,Field Officer App,sha256:3e1f2266d9103d1bdec97b4e27ea17e1
MP-TN-2024-0123,PHOTO,/evidence/MP-TN-2024-0123/photo_658.jpg,Site progress photo,2024-07-14,Field Officer App,sha256:db60bfff0b752cfcc7343a61ae627b09
MP-UP-2024-0131,PHOTO,/evidence/MP-UP-2024-0131/photo_783.jpg,Site progress photo,2025-05-18,Field Officer App,sha256:62456cadc00968222815d9d233598358
MP-GUJ-2025-0090,PHOTO,/evidence/MP-GUJ-2025-0090/photo_893.jpg,Site progress photo,2025-06-23,Field Officer App,sha256:cb9e9f44815fe3c5e51e87af3e7db3cc
MP-KAR-2023-0142,PHOTO,/evidence/MP-KAR-2023-0142/photo_593.jpg,Site progress photo,2023-08-23,Field Officer App,sha256:12fd3464ef388d230f7e031fb9679f2d
MP-UP-2022-0075,PHOTO,/evidence/MP-UP-2022-0075/photo_332.jpg,Site progress photo,2022-09-30,Field Officer App,sha256:6442dd72178d15d81d57d5b9b6ee5923
MP-RAJ-2024-0128,PHOTO,/evidence/MP-RAJ-2024-0128/photo_922.jpg,Site progress photo,2024-05-11,Field Officer App,sha256:fcf7793f0c6dc35af6a9a383cd279831
MP-KAR-2023-0143,PHOTO,/evidence/MP-KAR-2023-0143/photo_596.jpg,Site progress photo,2023-08-18,Field Officer App,sha256:b8df462229a92d38ee127b342c71b3c2
MP-MH-2023-0128,PHOTO,/evidence/MP-MH-2023-0128/photo_817.jpg,Site progress photo,2023-04-18,Field Officer App,sha256:84b30c0568bc65076f14ff5d2d15729d
MP-KER-2023-0126,PHOTO,/evidence/MP-KER-2023-0126/photo_591.jpg,Site progress photo,2023-11-13,Field Officer App,sha256:0cf0c484bb64c78b47ada781f05ae701
MP-MH-2023-0129,PHOTO,/evidence/MP-MH-2023-0129/photo_854.jpg,Site progress photo,2023-10-13,Field Officer App,sha256:a0cc82e9316850e5db9f63bd4f7a571e
MP-KAR-2023-0144,PHOTO,/evidence/MP-KAR-2023-0144/photo_311.jpg,Site progress photo,2023-09-23,Field Officer App,sha256:80d29d0cb286780cb1acc7f6012bbade
MP-ODI-2022-0083,PHOTO,/evidence/MP-ODI-2022-0083/photo_927.jpg,Site progress photo,2022-11-12,Field Officer App,sha256:176ea4683fd338d824bb4a511aea47b5
MP-UP-2023-0138,PHOTO,/evidence/MP-UP-2023-0138/photo_979.jpg,Site progress photo,2023-07-06,Field Officer App,sha256:ffea4be0611b32e52b26e00bab20526e
MP-KER-2023-0127,PHOTO,/evidence/MP-KER-2023-0127/photo_56.jpg,Site progress photo,2024-03-14,Field Officer App,sha256:c6d874a7b24bc01ae8650d4581aed1b2
MP-MP-2023-0119,PHOTO,/evidence/MP-MP-2023-0119/photo_234.jpg,Site progress photo,2023-12-31,Field Officer App,sha256:973631ed8fd3ad9de8f812cb94df892e
MP-ASM-2025-0089,PHOTO,/evidence/MP-ASM-2025-0089/photo_533.jpg,Site progress photo,2025-06-04,Field Officer App,sha256:068e18b26dea2773bd08fa34be9a45c1
MP-MH-2024-0124,PHOTO,/evidence/MP-MH-2024-0124/photo_673.jpg,Site progress photo,2024-02-12,Field Officer App,sha256:6ead02e4958143e047024de895ed8b62
MP-MH-2023-0131,PHOTO,/evidence/MP-MH-2023-0131/photo_161.jpg,Site progress photo,2023-09-07,Field Officer App,sha256:3180e92a6a5317d5f9efccaa8a0ad799
MP-PUN-2022-0069,PHOTO,/evidence/MP-PUN-2022-0069/photo_443.jpg,Site progress photo,2023-02-14,Field Officer App,sha256:105f3d02bf195d8eadb227b36e5b3359
MP-KAR-2023-0145,PHOTO,/evidence/MP-KAR-2023-0145/photo_53.jpg,Site progress photo,2023-08-12,Field Officer App,sha256:7746779b55085b39951fdb548205cc22
MP-NAG-2023-0136,PHOTO,/evidence/MP-NAG-2023-0136/photo_579.jpg,Site progress photo,2023-11-17,Field Officer App,sha256:947fb402305e50b6fc17801e8690d93e
MP-DEL-2022-0069,PHOTO,/evidence/MP-DEL-2022-0069/photo_361.jpg,Site progress photo,2022-10-06,Field Officer App,sha256:9c6eb75e294f6659c165ad19ab912dc7
MP-RAJ-2023-0122,PHOTO,/evidence/MP-RAJ-2023-0122/photo_88.jpg,Site progress photo,2023-11-07,Field Officer App,sha256:6cffb7de531bb2cd6de74c180fc87fd5
MP-KER-2024-0133,PHOTO,/evidence/MP-KER-2024-0133/photo_972.jpg,Site progress photo,2024-03-21,Field Officer App,sha256:0f3f91c81dd7fb8ba3cc8b742280c277
MP-KER-2023-0128,PHOTO,/evidence/MP-KER-2023-0128/photo_334.jpg,Site progress photo,2023-08-12,Field Officer App,sha256:f7789fe5efb121b87bec7f57a63c3d6f
MP-PUN-2022-0070,PHOTO,/evidence/MP-PUN-2022-0070/photo_392.jpg,Site progress photo,2022-12-31,Field Officer App,sha256:bd8bb62d0fa5a47e05eacc214e3bc0a8
MP-RAJ-2024-0129,PHOTO,/evidence/MP-RAJ-2024-0129/photo_335.jpg,Site progress photo,2024-10-09,Field Officer App,sha256:11ddae1068329ef3612cdacc79ac6d8d
MP-WB-2024-0119,PHOTO,/evidence/MP-WB-2024-0119/photo_522.jpg,Site progress photo,2024-12-12,Field Officer App,sha256:6d2f3908a27c7cbaa74e9ef95c637621
MP-ODI-2023-0157,PHOTO,/evidence/MP-ODI-2023-0157/photo_956.jpg,Site progress photo,2023-12-28,Field Officer App,sha256:6f631d516f66821de0673aa1f51970a5
MP-RAJ-2024-0130,PHOTO,/evidence/MP-RAJ-2024-0130/photo_535.jpg,Site progress photo,2024-07-11,Field Officer App,sha256:38cbfbabcc51a9d41752d7dd8018c1fc
MP-KER-2024-0134,PHOTO,/evidence/MP-KER-2024-0134/photo_212.jpg,Site progress photo,2024-12-22,Field Officer App,sha256:a77576eec8b183b8bb99b0c2fc94b70e
MP-ODI-2022-0085,PHOTO,/evidence/MP-ODI-2022-0085/photo_142.jpg,Site progress photo,2023-03-21,Field Officer App,sha256:9c201db5e91466cdd887a5251e55d5a6
MP-UP-2024-0132,PHOTO,/evidence/MP-UP-2024-0132/photo_575.jpg,Site progress photo,2024-05-17,Field Officer App,sha256:4f8a8397bc778ea946ff4f7aff910189
MP-MH-2023-0132,PHOTO,/evidence/MP-MH-2023-0132/photo_546.jpg,Site progress photo,2023-10-29,Field Officer App,sha256:971e7ccf1ca6f2bf3f2695ebc0852620
MP-TN-2025-0080,PHOTO,/evidence/MP-TN-2025-0080/photo_28.jpg,Site progress photo,2025-04-18,Field Officer App,sha256:cad3100c77a85cb7d945940beea119ea
MP-ODI-2025-0093,PHOTO,/evidence/MP-ODI-2025-0093/photo_297.jpg,Site progress photo,2025-03-23,Field Officer App,sha256:817c9c43927dfdfff06e5d1e2c14d6df
MP-BHR-2023-0128,PHOTO,/evidence/MP-BHR-2023-0128/photo_250.jpg,Site progress photo,2023-11-15,Field Officer App,sha256:1c7bef290b10ebacce3ef58eb4e0d6f1
MP-PUN-2023-0119,PHOTO,/evidence/MP-PUN-2023-0119/photo_291.jpg,Site progress photo,2023-05-28,Field Officer App,sha256:e957ae9c56eefd4c3c1d53baa5d65a6e
MP-KER-2025-0093,PHOTO,/evidence/MP-KER-2025-0093/photo_41.jpg,Site progress photo,2025-10-28,Field Officer App,sha256:a5d44f875edb0928bd92a54ca443f6e7
MP-GUJ-2025-0091,PHOTO,/evidence/MP-GUJ-2025-0091/photo_909.jpg,Site progress photo,2025-11-09,Field Officer App,sha256:51e9e2f4a5ddc83c656e85620b84de3d
MP-KAR-2024-0146,PHOTO,/evidence/MP-KAR-2024-0146/photo_16.jpg,Site progress photo,2025-03-08,Field Officer App,sha256:ac2bb0ea0a9f3d6d6c03f76e84647ec3
MP-TN-2022-0055,PHOTO,/evidence/MP-TN-2022-0055/photo_254.jpg,Site progress photo,2023-04-01,Field Officer App,sha256:9a1e31b1a098a724ce3441df337e2a44
MP-GUJ-2023-0101,PHOTO,/evidence/MP-GUJ-2023-0101/photo_864.jpg,Site progress photo,2024-06-12,Field Officer App,sha256:5aab47b486fa3d2fba8caddccaeee395
MP-ASM-2025-0091,PHOTO,/evidence/MP-ASM-2025-0091/photo_117.jpg,Site progress photo,2025-11-01,Field Officer App,sha256:20edf6882c5eafe121e983f8b6e02b33
MP-RAJ-2025-0100,PHOTO,/evidence/MP-RAJ-2025-0100/photo_101.jpg,Site progress photo,2025-10-02,Field Officer App,sha256:90721c84c2801fb149615bda2c60557a
MP-KAR-2023-0146,PHOTO,/evidence/MP-KAR-2023-0146/photo_211.jpg,Site progress photo,2023-11-28,Field Officer App,sha256:c74e5a6362934584540360c45146229e
MP-UP-2022-0077,PHOTO,/evidence/MP-UP-2022-0077/photo_379.jpg,Site progress photo,2022-10-28,Field Officer App,sha256:e0c1f5a820386f305d9f1efa3801e64f
MP-WB-2022-0081,PHOTO,/evidence/MP-WB-2022-0081/photo_48.jpg,Site progress photo,2022-12-17,Field Officer App,sha256:675196a4c807bade244d4ccb31bb0f3f
MP-ODI-2022-0086,PHOTO,/evidence/MP-ODI-2022-0086/photo_483.jpg,Site progress photo,2023-05-16,Field Officer App,sha256:d7b706b1b709b359bf2556e9a469134e
MP-BHR-2022-0079,PHOTO,/evidence/MP-BHR-2022-0079/photo_817.jpg,Site progress photo,2022-10-21,Field Officer App,sha256:5cfb9450e49b4b37d61393a44360a675
MP-GUJ-2023-0102,PHOTO,/evidence/MP-GUJ-2023-0102/photo_751.jpg,Site progress photo,2024-01-14,Field Officer App,sha256:e31945616e3cd07843b968a55c30520e
MP-KAR-2025-0111,PHOTO,/evidence/MP-KAR-2025-0111/photo_406.jpg,Site progress photo,2025-08-23,Field Officer App,sha256:8f7f8466e4afed3765611e32cb220a34
MP-MH-2025-0112,PHOTO,/evidence/MP-MH-2025-0112/photo_798.jpg,Site progress photo,2026-01-25,Field Officer App,sha256:f7ec8f6d05aa9c993d89a5ba88ec7075
MP-ODI-2022-0087,PHOTO,/evidence/MP-ODI-2022-0087/photo_604.jpg,Site progress photo,2022-10-24,Field Officer App,sha256:f43add064f927279ff9e309a163cec32
MP-GUJ-2024-0126,PHOTO,/evidence/MP-GUJ-2024-0126/photo_92.jpg,Site progress photo,2025-03-19,Field Officer App,sha256:0ab5f891782da6156cd9afc5249021a4
MP-UP-2023-0141,PHOTO,/evidence/MP-UP-2023-0141/photo_954.jpg,Site progress photo,2023-04-03,Field Officer App,sha256:fe591a5e310724e777cbcadc5dcfa217
MP-BHR-2022-0080,PHOTO,/evidence/MP-BHR-2022-0080/photo_949.jpg,Site progress photo,2022-12-04,Field Officer App,sha256:ff8a985f1a25f3003089ec13b2f13c40
MP-TEL-2023-0122,PHOTO,/evidence/MP-TEL-2023-0122/photo_796.jpg,Site progress photo,2023-04-13,Field Officer App,sha256:8c2a2cc618299b54392f5f437640dd7c
MP-TEL-2023-0123,PHOTO,/evidence/MP-TEL-2023-0123/photo_433.jpg,Site progress photo,2023-12-30,Field Officer App,sha256:260d25917e740195f95f15b1ff57b0bb
MP-MP-2024-0127,PHOTO,/evidence/MP-MP-2024-0127/photo_971.jpg,Site progress photo,2024-09-20,Field Officer App,sha256:ebf81c01623f2e5c77c3f85731bedbd2
MP-GUJ-2024-0127,PHOTO,/evidence/MP-GUJ-2024-0127/photo_281.jpg,Site progress photo,2024-07-05,Field Officer App,sha256:f7d1bf1a28b43a465cc49d6b21623cc8
MP-TEL-2025-0083,PHOTO,/evidence/MP-TEL-2025-0083/photo_645.jpg,Site progress photo,2025-09-09,Field Officer App,sha256:c2bf2602d9a3aacba47c2dba93524b13
MP-WB-2023-0122,PHOTO,/evidence/MP-WB-2023-0122/photo_670.jpg,Site progress photo,2023-08-21,Field Officer App,sha256:38acc1f828f8916409a574109c491df3
MP-DEL-2025-0105,PHOTO,/evidence/MP-DEL-2025-0105/photo_994.jpg,Site progress photo,2025-11-13,Field Officer App,sha256:f31a6920422ae0a809cfeeef55de168c
MP-MH-2023-0133,PHOTO,/evidence/MP-MH-2023-0133/photo_129.jpg,Site progress photo,2023-09-17,Field Officer App,sha256:f64a6dc15f35675702174abb55f0d2ae
MP-GUJ-2023-0103,PHOTO,/evidence/MP-GUJ-2023-0103/photo_902.jpg,Site progress photo,2023-01-20,Field Officer App,sha256:36597b2f749cdb7b7f1f39ef20d31600
MP-MP-2025-0103,PHOTO,/evidence/MP-MP-2025-0103/photo_681.jpg,Site progress photo,2025-03-28,Field Officer App,sha256:ac235dd4e639fbff5c098ca7dd06b11f
MP-KER-2025-0094,PHOTO,/evidence/MP-KER-2025-0094/photo_312.jpg,Site progress photo,2025-07-06,Field Officer App,sha256:8c527b2edace192eb3d49cc135d6d92c
MP-MH-2023-0134,PHOTO,/evidence/MP-MH-2023-0134/photo_528.jpg,Site progress photo,2024-07-09,Field Officer App,sha256:15e9c198355045b2d8465878d781d5cc
MP-UP-2025-0097,PHOTO,/evidence/MP-UP-2025-0097/photo_957.jpg,Site progress photo,2025-12-09,Field Officer App,sha256:7ef75bf7cdd3c974c9eee4decf97e07f
MP-KER-2023-0129,PHOTO,/evidence/MP-KER-2023-0129/photo_236.jpg,Site progress photo,2023-05-25,Field Officer App,sha256:29f7852d54c487ed1595085eb2c8b6f1
MP-BHR-2024-0135,PHOTO,/evidence/MP-BHR-2024-0135/photo_230.jpg,Site progress photo,2024-12-14,Field Officer App,sha256:9c2510314a7e64051464449036617424
MP-TEL-2025-0084,PHOTO,/evidence/MP-TEL-2025-0084/photo_937.jpg,Site progress photo,2025-09-19,Field Officer App,sha256:dd8594dce354f7c5389190c62d573223
MP-KER-2024-0135,PHOTO,/evidence/MP-KER-2024-0135/photo_386.jpg,Site progress photo,2024-09-24,Field Officer App,sha256:e2d1ce89425cea2a41b4fd69a9110106
MP-TN-2024-0126,PHOTO,/evidence/MP-TN-2024-0126/photo_105.jpg,Site progress photo,2024-11-18,Field Officer App,sha256:8b282f856e5c90ce5fc75ae09f1d7ebb
MP-BHR-2025-0090,PHOTO,/evidence/MP-BHR-2025-0090/photo_316.jpg,Site progress photo,2025-05-13,Field Officer App,sha256:31100fcaeb4e0ead71c72e548b012ae6
MP-BHR-2025-0091,PHOTO,/evidence/MP-BHR-2025-0091/photo_587.jpg,Site progress photo,2025-11-29,Field Officer App,sha256:63e2c4c1bc38e1283e017790f9971f4d
MP-MP-2025-0104,PHOTO,/evidence/MP-MP-2025-0104/photo_177.jpg,Site progress photo,2025-06-10,Field Officer App,sha256:887d247e24f319fb37b511c71add56db
MP-KAR-2023-0147,PHOTO,/evidence/MP-KAR-2023-0147/photo_179.jpg,Site progress photo,2023-08-29,Field Officer App,sha256:24a494363a4cd2d5efc5515fac9d519b
MP-ASM-2022-0055,PHOTO,/evidence/MP-ASM-2022-0055/photo_964.jpg,Site progress photo,2022-11-05,Field Officer App,sha256:5552eec4d997cf347fee18623559eb7c
MP-ODI-2025-0094,PHOTO,/evidence/MP-ODI-2025-0094/photo_202.jpg,Site progress photo,2025-10-20,Field Officer App,sha256:53f9a7476676a0a6e2cddf0d4e640314
MP-MP-2025-0105,PHOTO,/evidence/MP-MP-2025-0105/photo_177.jpg,Site progress photo,2025-02-07,Field Officer App,sha256:2ec36a88cb1f14117f80c8b1ddf4f06b
MP-ODI-2024-0121,PHOTO,/evidence/MP-ODI-2024-0121/photo_560.jpg,Site progress photo,2024-05-01,Field Officer App,sha256:4d8298eed474025f408cd78be4b6dafc
MP-KER-2024-0136,PHOTO,/evidence/MP-KER-2024-0136/photo_700.jpg,Site progress photo,2024-11-02,Field Officer App,sha256:1f1e350cd8f14a4ac97be208055e2ddb
MP-WB-2023-0123,PHOTO,/evidence/MP-WB-2023-0123/photo_827.jpg,Site progress photo,2024-02-23,Field Officer App,sha256:43a761c4b5329a47807956477006ed95
MP-TN-2025-0081,PHOTO,/evidence/MP-TN-2025-0081/photo_470.jpg,Site progress photo,2026-02-25,Field Officer App,sha256:de1c63ab5ee899eac3ed56bd7825e01d
MP-KAR-2024-0148,PHOTO,/evidence/MP-KAR-2024-0148/photo_111.jpg,Site progress photo,2024-10-26,Field Officer App,sha256:db7494c7cd700ba9a108567c640445fb
MP-NAG-2025-0089,PHOTO,/evidence/MP-NAG-2025-0089/photo_68.jpg,Site progress photo,2025-12-08,Field Officer App,sha256:a0eee4aeeecd849ecde7841bfa515578
MP-MH-2022-0071,PHOTO,/evidence/MP-MH-2022-0071/photo_429.jpg,Site progress photo,2023-03-23,Field Officer App,sha256:eb2f25ecf01238a7b8963d8568df30f2
MP-NAG-2025-0090,PHOTO,/evidence/MP-NAG-2025-0090/photo_907.jpg,Site progress photo,2025-03-15,Field Officer App,sha256:ef6cee31768de7fd1bc1d8eef1727962
MP-ASM-2023-0136,PHOTO,/evidence/MP-ASM-2023-0136/photo_370.jpg,Site progress photo,2023-11-26,Field Officer App,sha256:9ed7ab69c4d39112cff5a29deab3ae27
MP-ASM-2024-0156,PHOTO,/evidence/MP-ASM-2024-0156/photo_371.jpg,Site progress photo,2024-08-06,Field Officer App,sha256:c0dbb051631657d7c0dc3e40bd71e86a
MP-ASM-2023-0137,PHOTO,/evidence/MP-ASM-2023-0137/photo_428.jpg,Site progress photo,2023-11-08,Field Officer App,sha256:e836192e0beb44ba9f888e8a21f102c5
MP-KER-2023-0131,PHOTO,/evidence/MP-KER-2023-0131/photo_965.jpg,Site progress photo,2023-05-26,Field Officer App,sha256:e1d91552ebc657517c60b5689c50f7b8
MP-KER-2022-0088,PHOTO,/evidence/MP-KER-2022-0088/photo_113.jpg,Site progress photo,2023-02-11,Field Officer App,sha256:b4887c6bb0c225910bbd18b4c6fe73a6
MP-ASM-2024-0157,PHOTO,/evidence/MP-ASM-2024-0157/photo_585.jpg,Site progress photo,2024-10-17,Field Officer App,sha256:f11b0c2320bccd7e6429ba88ad5d1ba7
MP-NAG-2022-0070,PHOTO,/evidence/MP-NAG-2022-0070/photo_735.jpg,Site progress photo,2023-04-01,Field Officer App,sha256:f9455e751183ab51c75c454803da91cc
MP-MP-2024-0128,PHOTO,/evidence/MP-MP-2024-0128/photo_702.jpg,Site progress photo,2024-04-21,Field Officer App,sha256:0cf7b8a7e7274a9f89f17c438e71815d
MP-PUN-2024-0124,PHOTO,/evidence/MP-PUN-2024-0124/photo_188.jpg,Site progress photo,2025-01-19,Field Officer App,sha256:921a2f789b967b102805d2dc28dd1843
MP-TEL-2023-0125,PHOTO,/evidence/MP-TEL-2023-0125/photo_758.jpg,Site progress photo,2023-08-13,Field Officer App,sha256:edffd9406056684260a86d1f5170c8eb
MP-DEL-2024-0137,PHOTO,/evidence/MP-DEL-2024-0137/photo_659.jpg,Site progress photo,2025-04-20,Field Officer App,sha256:23ba2fef49b6ef87cb9de5f9fa3e39dd
MP-RAJ-2023-0123,PHOTO,/evidence/MP-RAJ-2023-0123/photo_880.jpg,Site progress photo,2023-12-21,Field Officer App,sha256:bf7309e7e5622b1e669e40563700f328
MP-DEL-2024-0138,PHOTO,/evidence/MP-DEL-2024-0138/photo_528.jpg,Site progress photo,2024-07-20,Field Officer App,sha256:419416fb18b10afcd2fcd0acaa4358d9
MP-BHR-2025-0092,PHOTO,/evidence/MP-BHR-2025-0092/photo_715.jpg,Site progress photo,2025-10-21,Field Officer App,sha256:514663183a6e7ef9bb68fcaf1ce1b302
MP-RAJ-2023-0124,PHOTO,/evidence/MP-RAJ-2023-0124/photo_135.jpg,Site progress photo,2023-09-18,Field Officer App,sha256:0947ae9cadb2ac42209035c2a8998e51
MP-UP-2023-0143,PHOTO,/evidence/MP-UP-2023-0143/photo_611.jpg,Site progress photo,2023-06-11,Field Officer App,sha256:b75a613a707b6ef8b9fa66dc3663aaaf
MP-KER-2024-0137,PHOTO,/evidence/MP-KER-2024-0137/photo_589.jpg,Site progress photo,2025-02-24,Field Officer App,sha256:58a0bfc7d27428284a1eb1a08a32bc76
MP-DEL-2023-0144,PHOTO,/evidence/MP-DEL-2023-0144/photo_399.jpg,Site progress photo,2024-01-19,Field Officer App,sha256:46d323ad6a3824008951a3d259d0c800
MP-RAJ-2022-0063,PHOTO,/evidence/MP-RAJ-2022-0063/photo_365.jpg,Site progress photo,2023-01-28,Field Officer App,sha256:9935cf61057fca39acea4b1f6e509b2e
MP-PUN-2025-0105,PHOTO,/evidence/MP-PUN-2025-0105/photo_371.jpg,Site progress photo,2026-01-01,Field Officer App,sha256:ec2b718d0a35533355bbd6fa9535f5b9
MP-PUN-2023-0121,PHOTO,/evidence/MP-PUN-2023-0121/photo_148.jpg,Site progress photo,2024-06-21,Field Officer App,sha256:e785cc7ee2317e6600f76ac4ec67a204
MP-UP-2025-0099,PHOTO,/evidence/MP-UP-2025-0099/photo_707.jpg,Site progress photo,2025-10-17,Field Officer App,sha256:913882b6f7353c38ea686db72b96b12e
MP-BHR-2023-0130,PHOTO,/evidence/MP-BHR-2023-0130/photo_14.jpg,Site progress photo,2023-09-06,Field Officer App,sha256:fd7e3be18e497bdedd0e1cf9ac357202
MP-ASM-2023-0140,PHOTO,/evidence/MP-ASM-2023-0140/photo_388.jpg,Site progress photo,2023-11-23,Field Officer App,sha256:c97f74f0b7d6b8bf3f0f50a9acb09c8f
MP-ASM-2025-0093,PHOTO,/evidence/MP-ASM-2025-0093/photo_393.jpg,Site progress photo,2025-06-24,Field Officer App,sha256:500be2d0f7b4b3f694304b60ec9c7ce8
MP-RAJ-2023-0126,PHOTO,/evidence/MP-RAJ-2023-0126/photo_558.jpg,Site progress photo,2024-01-27,Field Officer App,sha256:93ecd7436dbaff3d0531a660e9307eca
MP-UP-2024-0135,PHOTO,/evidence/MP-UP-2024-0135/photo_859.jpg,Site progress photo,2024-09-01,Field Officer App,sha256:a486e9af3f47ce220f705845ad9258f7
MP-UP-2023-0144,PHOTO,/evidence/MP-UP-2023-0144/photo_768.jpg,Site progress photo,2024-04-03,Field Officer App,sha256:95641f1b4656b090c2e7123c95647e9a
MP-BHR-2023-0131,PHOTO,/evidence/MP-BHR-2023-0131/photo_32.jpg,Site progress photo,2023-11-24,Field Officer App,sha256:e6f2300bf1a86135cfb19d77f36bb16c
MP-RAJ-2023-0127,PHOTO,/evidence/MP-RAJ-2023-0127/photo_597.jpg,Site progress photo,2023-06-20,Field Officer App,sha256:b9c8b81f6405ecc804c285c8f8713013
MP-TN-2023-0116,PHOTO,/evidence/MP-TN-2023-0116/photo_963.jpg,Site progress photo,2023-07-04,Field Officer App,sha256:ea7e816a1bf81bb9752b4a553ae3e462
MP-RAJ-2022-0064,PHOTO,/evidence/MP-RAJ-2022-0064/photo_749.jpg,Site progress photo,2023-02-10,Field Officer App,sha256:1ca23a4058b66700f927ca0c453e9866
MP-TN-2024-0127,PHOTO,/evidence/MP-TN-2024-0127/photo_66.jpg,Site progress photo,2024-12-14,Field Officer App,sha256:adc6b2f9d8042333ecb6dcb5bcb4d9e5
MP-KAR-2022-0078,PHOTO,/evidence/MP-KAR-2022-0078/photo_376.jpg,Site progress photo,2023-05-13,Field Officer App,sha256:6feb1ab0c2486d5ca10239f4cbd414a7
MP-WB-2023-0124,PHOTO,/evidence/MP-WB-2023-0124/photo_850.jpg,Site progress photo,2023-10-30,Field Officer App,sha256:52396ed1f22810027fa777a3faacb3cd
MP-ODI-2025-0095,PHOTO,/evidence/MP-ODI-2025-0095/photo_107.jpg,Site progress photo,2025-09-19,Field Officer App,sha256:9cc3760b6f172de90b97aca41f10d8ff
MP-RAJ-2025-0102,PHOTO,/evidence/MP-RAJ-2025-0102/photo_585.jpg,Site progress photo,2026-01-02,Field Officer App,sha256:8123871c465353e90f9035d32b1c6f64
MP-GUJ-2024-0130,PHOTO,/evidence/MP-GUJ-2024-0130/photo_597.jpg,Site progress photo,2024-08-28,Field Officer App,sha256:1f437f5b1f6b094bd5fccb5a9b9007e9
MP-MH-2025-0113,PHOTO,/evidence/MP-MH-2025-0113/photo_554.jpg,Site progress photo,2026-02-24,Field Officer App,sha256:d6fbddda5a458677a35ff2ba19d2e831
MP-TN-2022-0056,PHOTO,/evidence/MP-TN-2022-0056/photo_583.jpg,Site progress photo,2023-01-11,Field Officer App,sha256:d6322a6e1a9a410d874d29047ddc4694
MP-NAG-2025-0091,PHOTO,/evidence/MP-NAG-2025-0091/photo_946.jpg,Site progress photo,2025-03-16,Field Officer App,sha256:2f31e0de363f543c1a1f11f9243a7bcb
MP-PUN-2024-0126,PHOTO,/evidence/MP-PUN-2024-0126/photo_69.jpg,Site progress photo,2024-06-14,Field Officer App,sha256:5964ce7ff4b49f69ea7478595fa10906
MP-MH-2025-0114,PHOTO,/evidence/MP-MH-2025-0114/photo_211.jpg,Site progress photo,2025-12-14,Field Officer App,sha256:ff650a89554268cb05f4bc0d111f1724
MP-DEL-2022-0072,PHOTO,/evidence/MP-DEL-2022-0072/photo_160.jpg,Site progress photo,2022-09-25,Field Officer App,sha256:3918f26013e6423be4ec5f7f98c738c1
MP-MH-2025-0115,PHOTO,/evidence/MP-MH-2025-0115/photo_955.jpg,Site progress photo,2026-02-07,Field Officer App,sha256:fe15971e88dc54af3ff2bae5254715fc
MP-MH-2024-0127,PHOTO,/evidence/MP-MH-2024-0127/photo_656.jpg,Site progress photo,2024-06-10,Field Officer App,sha256:c5e794736240ddde0418dda4f9d62ae8
MP-DEL-2024-0140,PHOTO,/evidence/MP-DEL-2024-0140/photo_240.jpg,Site progress photo,2024-02-02,Field Officer App,sha256:fd6f36bc0c4d9bb543d2fa8c887d5438
MP-MH-2022-0073,PHOTO,/evidence/MP-MH-2022-0073/photo_684.jpg,Site progress photo,2023-04-18,Field Officer App,sha256:5e82bc450759fb93a8b3d8ec0871ffad
MP-NAG-2023-0138,PHOTO,/evidence/MP-NAG-2023-0138/photo_441.jpg,Site progress photo,2023-12-11,Field Officer App,sha256:d1923c2e44e9fc7cc78b2fe4f7e04878
MP-KER-2023-0132,PHOTO,/evidence/MP-KER-2023-0132/photo_371.jpg,Site progress photo,2023-11-05,Field Officer App,sha256:94f2581cabd9696a4fa1e8bbcf2f865b
MP-KER-2023-0133,PHOTO,/evidence/MP-KER-2023-0133/photo_389.jpg,Site progress photo,2023-10-25,Field Officer App,sha256:543908c65e06aea9569f004c516cd507
MP-MP-2025-0106,PHOTO,/evidence/MP-MP-2025-0106/photo_709.jpg,Site progress photo,2025-12-09,Field Officer App,sha256:6a675d08abdaf1a53eb219d6d6cb5a2c
MP-MH-2025-0116,PHOTO,/evidence/MP-MH-2025-0116/photo_254.jpg,Site progress photo,2025-06-04,Field Officer App,sha256:858389f9a6276d6c43636a0d2765a337
MP-GUJ-2023-0105,PHOTO,/evidence/MP-GUJ-2023-0105/photo_928.jpg,Site progress photo,2023-09-22,Field Officer App,sha256:e60430797407805b737f90877fc8dade
MP-NAG-2024-0120,PHOTO,/evidence/MP-NAG-2024-0120/photo_264.jpg,Site progress photo,2024-11-27,Field Officer App,sha256:8668419854b546046f14fdb5b74f9d21
MP-NAG-2025-0092,PHOTO,/evidence/MP-NAG-2025-0092/photo_461.jpg,Site progress photo,2025-11-05,Field Officer App,sha256:78f44724ec873eab84962a1e33e1f6e4
MP-KER-2024-0138,PHOTO,/evidence/MP-KER-2024-0138/photo_4.jpg,Site progress photo,2025-01-21,Field Officer App,sha256:c0e494df03fcf73ff783e063004ab936
MP-RAJ-2022-0066,PHOTO,/evidence/MP-RAJ-2022-0066/photo_906.jpg,Site progress photo,2023-03-17,Field Officer App,sha256:800edeac7ef907048860d8ab05183770
MP-BHR-2024-0137,PHOTO,/evidence/MP-BHR-2024-0137/photo_885.jpg,Site progress photo,2024-09-07,Field Officer App,sha256:2f497f46c621a0af16a38e166992a3c6
MP-MP-2024-0130,PHOTO,/evidence/MP-MP-2024-0130/photo_491.jpg,Site progress photo,2024-03-05,Field Officer App,sha256:bcff431b0426ad23ef5c7d115f8f31c4
MP-WB-2025-0086,PHOTO,/evidence/MP-WB-2025-0086/photo_684.jpg,Site progress photo,2025-09-16,Field Officer App,sha256:510e02f0ff0d48eba0f064e441fbcd2b
MP-MP-2024-0131,PHOTO,/evidence/MP-MP-2024-0131/photo_461.jpg,Site progress photo,2025-04-15,Field Officer App,sha256:54137a8a63513976457236c27fbacff9
MP-RAJ-2023-0128,PHOTO,/evidence/MP-RAJ-2023-0128/photo_714.jpg,Site progress photo,2024-01-21,Field Officer App,sha256:5a14275c1d827e07f6dc3b930605395b
MP-BHR-2024-0139,PHOTO,/evidence/MP-BHR-2024-0139/photo_766.jpg,Site progress photo,2025-01-22,Field Officer App,sha256:94fa69fac2d5a5c51e80216dc4be5db5
MP-ODI-2024-0123,PHOTO,/evidence/MP-ODI-2024-0123/photo_683.jpg,Site progress photo,2024-12-18,Field Officer App,sha256:5487370840bd13d3564ed4ef07cdf512
MP-BHR-2024-0140,PHOTO,/evidence/MP-BHR-2024-0140/photo_921.jpg,Site progress photo,2024-09-16,Field Officer App,sha256:37cb683b47954fd80192309849880512
MP-WB-2023-0128,PHOTO,/evidence/MP-WB-2023-0128/photo_444.jpg,Site progress photo,2023-12-29,Field Officer App,sha256:e8d6a207b9e07ce754cfcca04858bb50
MP-GUJ-2023-0107,PHOTO,/evidence/MP-GUJ-2023-0107/photo_894.jpg,Site progress photo,2023-11-25,Field Officer App,sha256:77c6f0dd7ae6ee6088fbee54cf0c8ee2
MP-MH-2025-0117,PHOTO,/evidence/MP-MH-2025-0117/photo_469.jpg,Site progress photo,2025-06-27,Field Officer App,sha256:466f4a0f6163057773cabe098a936a30
MP-ASM-2024-0158,PHOTO,/evidence/MP-ASM-2024-0158/photo_170.jpg,Site progress photo,2025-03-16,Field Officer App,sha256:26907e9e72b7eb035e7567ce739682cf
MP-KAR-2022-0079,PHOTO,/evidence/MP-KAR-2022-0079/photo_217.jpg,Site progress photo,2022-12-18,Field Officer App,sha256:4629b7cf90329e63040a1dfb734ac630
MP-KAR-2023-0150,PHOTO,/evidence/MP-KAR-2023-0150/photo_763.jpg,Site progress photo,2023-11-08,Field Officer App,sha256:8011b6cb1b92832fe722db33290b94f3
MP-MP-2024-0132,PHOTO,/evidence/MP-MP-2024-0132/photo_498.jpg,Site progress photo,2024-06-11,Field Officer App,sha256:02909408aed22acfc8043931da2ec5cb
MP-ODI-2025-0097,PHOTO,/evidence/MP-ODI-2025-0097/photo_245.jpg,Site progress photo,2025-07-09,Field Officer App,sha256:05ec453e6bca8e64c9fa7cb47fa21b0b
MP-ODI-2023-0161,PHOTO,/evidence/MP-ODI-2023-0161/photo_470.jpg,Site progress photo,2023-02-24,Field Officer App,sha256:2b8e335b87af923543ede558a4f7f072
MP-PUN-2025-0107,PHOTO,/evidence/MP-PUN-2025-0107/photo_660.jpg,Site progress photo,2025-10-14,Field Officer App,sha256:91cbb521275f9379121604f7e6bd98f5
MP-RAJ-2024-0133,PHOTO,/evidence/MP-RAJ-2024-0133/photo_927.jpg,Site progress photo,2024-11-10,Field Officer App,sha256:c4cf5859486e916593831e778b3e7715
MP-DEL-2023-0146,PHOTO,/evidence/MP-DEL-2023-0146/photo_149.jpg,Site progress photo,2023-05-31,Field Officer App,sha256:6d838141a30d7e40d0549bac356e854d
MP-NAG-2023-0139,PHOTO,/evidence/MP-NAG-2023-0139/photo_596.jpg,Site progress photo,2024-02-24,Field Officer App,sha256:181de71b8edb34f042823d97a09489ca
MP-WB-2023-0129,PHOTO,/evidence/MP-WB-2023-0129/photo_17.jpg,Site progress photo,2024-04-18,Field Officer App,sha256:b71501eb52b9409fe3957d8d09e507cc
MP-UP-2025-0101,PHOTO,/evidence/MP-UP-2025-0101/photo_931.jpg,Site progress photo,2025-11-01,Field Officer App,sha256:9f604f43cfb0b60a329f1a0adb49fe93
MP-GUJ-2023-0108,PHOTO,/evidence/MP-GUJ-2023-0108/photo_186.jpg,Site progress photo,2024-03-14,Field Officer App,sha256:3411a182fdba95fc72c512bfd96d3362
MP-TN-2023-0117,PHOTO,/evidence/MP-TN-2023-0117/photo_348.jpg,Site progress photo,2023-03-01,Field Officer App,sha256:9f1329b90e4d992baacb83f89623215d
MP-KAR-2023-0151,PHOTO,/evidence/MP-KAR-2023-0151/photo_466.jpg,Site progress photo,2024-02-23,Field Officer App,sha256:ef5613715aa7633e4cfde67c05510c19
MP-ASM-2025-0095,PHOTO,/evidence/MP-ASM-2025-0095/photo_698.jpg,Site progress photo,2025-04-10,Field Officer App,sha256:1c0e1cad22dbe94250a18fd3721e1520
MP-MP-2023-0125,PHOTO,/evidence/MP-MP-2023-0125/photo_120.jpg,Site progress photo,2023-02-14,Field Officer App,sha256:3963f4bbe59f14abcae4372310e07202
MP-KER-2022-0090,PHOTO,/evidence/MP-KER-2022-0090/photo_920.jpg,Site progress photo,2022-09-11,Field Officer App,sha256:b05170d012bad114925682f797c8bc14
MP-GUJ-2025-0094,PHOTO,/evidence/MP-GUJ-2025-0094/photo_827.jpg,Site progress photo,2026-01-26,Field Officer App,sha256:e7ed20e2c94acebf62cc760031cfae44
MP-BHR-2022-0082,PHOTO,/evidence/MP-BHR-2022-0082/photo_773.jpg,Site progress photo,2022-07-28,Field Officer App,sha256:1980146987e505cf44ad460168bb62aa
MP-BHR-2024-0141,PHOTO,/evidence/MP-BHR-2024-0141/photo_330.jpg,Site progress photo,2025-02-04,Field Officer App,sha256:c863af02a9040eafe52f76b8223bdc69
MP-UP-2023-0146,PHOTO,/evidence/MP-UP-2023-0146/photo_497.jpg,Site progress photo,2023-04-06,Field Officer App,sha256:33fc4ad41dc832fb5b9fe5129eac3197
MP-MP-2025-0107,PHOTO,/evidence/MP-MP-2025-0107/photo_582.jpg,Site progress photo,2025-04-06,Field Officer App,sha256:3f402f135e5d83ee76f2990436f05a0e
MP-TN-2024-0128,PHOTO,/evidence/MP-TN-2024-0128/photo_167.jpg,Site progress photo,2024-09-16,Field Officer App,sha256:0fece68fb80cb2f8cf8fbb5a54d16f0b
MP-TN-2024-0129,PHOTO,/evidence/MP-TN-2024-0129/photo_219.jpg,Site progress photo,2024-08-19,Field Officer App,sha256:baa439df220d88989fa1bc356674c6b6
MP-GUJ-2025-0095,PHOTO,/evidence/MP-GUJ-2025-0095/photo_895.jpg,Site progress photo,2025-08-22,Field Officer App,sha256:a52c390d9581acf4ab2a17be4eb89102
MP-TN-2022-0057,PHOTO,/evidence/MP-TN-2022-0057/photo_785.jpg,Site progress photo,2023-05-31,Field Officer App,sha256:81b401712dab60167ae6c8eaaebb5858
MP-MH-2023-0137,PHOTO,/evidence/MP-MH-2023-0137/photo_394.jpg,Site progress photo,2023-10-13,Field Officer App,sha256:3f974b1bf023066e6a4be3d68b027645
MP-GUJ-2022-0078,PHOTO,/evidence/MP-GUJ-2022-0078/photo_560.jpg,Site progress photo,2022-10-10,Field Officer App,sha256:0ffd9301ef43c8a8f0e1d6179e26db9e
MP-MH-2023-0138,PHOTO,/evidence/MP-MH-2023-0138/photo_363.jpg,Site progress photo,2023-06-30,Field Officer App,sha256:90a0957db51bc541ae3759a3274cfc01
MP-DEL-2025-0111,PHOTO,/evidence/MP-DEL-2025-0111/photo_621.jpg,Site progress photo,2025-09-15,Field Officer App,sha256:3d0cb1d23927f6c81e52044e3277da03
MP-KER-2025-0097,PHOTO,/evidence/MP-KER-2025-0097/photo_853.jpg,Site progress photo,2025-06-06,Field Officer App,sha256:269f51fa60e6f426383eae47b9fd1fdd
MP-NAG-2022-0073,PHOTO,/evidence/MP-NAG-2022-0073/photo_265.jpg,Site progress photo,2023-03-14,Field Officer App,sha256:28cbd45edab885bd689560dee15aa19f
MP-RAJ-2025-0104,PHOTO,/evidence/MP-RAJ-2025-0104/photo_513.jpg,Site progress photo,2025-12-19,Field Officer App,sha256:ae92c8fb94bee446995783383e7eb8d6
MP-TEL-2025-0088,PHOTO,/evidence/MP-TEL-2025-0088/photo_79.jpg,Site progress photo,2025-03-30,Field Officer App,sha256:a37173dfae110cb9baaf723943ca5eda
MP-WB-2024-0127,PHOTO,/evidence/MP-WB-2024-0127/photo_345.jpg,Site progress photo,2024-08-08,Field Officer App,sha256:a890ee808330ca5d5ea0001411a06d94
MP-ODI-2025-0098,PHOTO,/evidence/MP-ODI-2025-0098/photo_705.jpg,Site progress photo,2025-09-30,Field Officer App,sha256:128460c6a57badb269870e88c760b4ed
MP-MH-2023-0139,PHOTO,/evidence/MP-MH-2023-0139/photo_581.jpg,Site progress photo,2024-04-30,Field Officer App,sha256:21299067dcd46550993af03d2dcdab0e
MP-MH-2022-0074,PHOTO,/evidence/MP-MH-2022-0074/photo_117.jpg,Site progress photo,2022-11-26,Field Officer App,sha256:6b5b790df3a4faee7476bfd4ed70f6ee
MP-MP-2024-0134,PHOTO,/evidence/MP-MP-2024-0134/photo_364.jpg,Site progress photo,2024-08-18,Field Officer App,sha256:2ee6b5436b677352fac9ac51fd50da34
MP-TEL-2023-0128,PHOTO,/evidence/MP-TEL-2023-0128/photo_150.jpg,Site progress photo,2024-02-20,Field Officer App,sha256:1524462705628fe3af99703934d222b6
MP-ASM-2023-0142,PHOTO,/evidence/MP-ASM-2023-0142/photo_800.jpg,Site progress photo,2023-07-11,Field Officer App,sha256:03d670ea3ed864f5308013929ce2498c
MP-KER-2025-0098,PHOTO,/evidence/MP-KER-2025-0098/photo_856.jpg,Site progress photo,2025-10-13,Field Officer App,sha256:f5d2568725b3ee8328286134af21da21
MP-RAJ-2024-0135,PHOTO,/evidence/MP-RAJ-2024-0135/photo_453.jpg,Site progress photo,2025-03-29,Field Officer App,sha256:a1e76ab0ebff2d82c19772cbaef18317
MP-TEL-2025-0089,PHOTO,/evidence/MP-TEL-2025-0089/photo_338.jpg,Site progress photo,2025-06-30,Field Officer App,sha256:5e2b86a892f225292fd74e8f10f54894
MP-KAR-2023-0154,PHOTO,/evidence/MP-KAR-2023-0154/photo_977.jpg,Site progress photo,2023-07-17,Field Officer App,sha256:4fa56664af2e2da9eb7a06d0cee7516d
MP-TN-2025-0083,PHOTO,/evidence/MP-TN-2025-0083/photo_106.jpg,Site progress photo,2025-10-21,Field Officer App,sha256:e14025ab8669c338074cf8573580f634
MP-KER-2025-0099,PHOTO,/evidence/MP-KER-2025-0099/photo_183.jpg,Site progress photo,2025-07-23,Field Officer App,sha256:841adec4a6a3cd74810c8ee180cd9794
MP-NAG-2022-0075,PHOTO,/evidence/MP-NAG-2022-0075/photo_678.jpg,Site progress photo,2022-12-30,Field Officer App,sha256:5ad8143f67fab7d456f2e769d4e2209f
MP-ODI-2023-0164,PHOTO,/evidence/MP-ODI-2023-0164/photo_857.jpg,Site progress photo,2024-01-27,Field Officer App,sha256:21bfd36401c763a4e9c0dd6e68e56c2f
MP-GUJ-2023-0110,PHOTO,/evidence/MP-GUJ-2023-0110/photo_452.jpg,Site progress photo,2023-07-27,Field Officer App,sha256:5423e85a76826aed524273826acb0ae4
MP-BHR-2023-0134,PHOTO,/evidence/MP-BHR-2023-0134/photo_601.jpg,Site progress photo,2023-11-08,Field Officer App,sha256:a085ce339db42a871ca1e54caf703da0
MP-TN-2024-0130,PHOTO,/evidence/MP-TN-2024-0130/photo_612.jpg,Site progress photo,2024-11-06,Field Officer App,sha256:b99aed7a12acb277121c843415a8b1a1
MP-RAJ-2024-0136,PHOTO,/evidence/MP-RAJ-2024-0136/photo_837.jpg,Site progress photo,2024-11-24,Field Officer App,sha256:70d1985eee1590fdca840fcb04ce6b16
MP-MP-2023-0129,PHOTO,/evidence/MP-MP-2023-0129/photo_543.jpg,Site progress photo,2024-05-19,Field Officer App,sha256:a7cd273c4af6f54db2117a998b95b065
MP-RAJ-2025-0105,PHOTO,/evidence/MP-RAJ-2025-0105/photo_958.jpg,Site progress photo,2025-07-21,Field Officer App,sha256:882bbeeddcfb3a9401fc1be5dd03e9bb
MP-ODI-2025-0100,PHOTO,/evidence/MP-ODI-2025-0100/photo_412.jpg,Site progress photo,2025-12-12,Field Officer App,sha256:076886574cfb6a1ccb03a70cf7f83ad8
MP-KER-2022-0092,PHOTO,/evidence/MP-KER-2022-0092/photo_621.jpg,Site progress photo,2022-11-30,Field Officer App,sha256:d082715a6fc69dd7a1522dc4d189db11
MP-PUN-2024-0128,PHOTO,/evidence/MP-PUN-2024-0128/photo_772.jpg,Site progress photo,2025-02-15,Field Officer App,sha256:d44250ac7580506a5585a8f81d711cd4
MP-DEL-2024-0146,PHOTO,/evidence/MP-DEL-2024-0146/photo_964.jpg,Site progress photo,2024-06-06,Field Officer App,sha256:a8906e8acb2697ae1bd9d23bf2cbd5d8
MP-DEL-2024-0147,PHOTO,/evidence/MP-DEL-2024-0147/photo_296.jpg,Site progress photo,2024-04-14,Field Officer App,sha256:23d0a66c0e8b1fb4851b82333992950a
MP-NAG-2022-0076,PHOTO,/evidence/MP-NAG-2022-0076/photo_898.jpg,Site progress photo,2023-01-16,Field Officer App,sha256:fdc6d69506a7da273986e1a29396779a
MP-BHR-2022-0083,PHOTO,/evidence/MP-BHR-2022-0083/photo_590.jpg,Site progress photo,2023-01-17,Field Officer App,sha256:550b291e6e997f35cfab160799fd848b
MP-BHR-2022-0084,PHOTO,/evidence/MP-BHR-2022-0084/photo_63.jpg,Site progress photo,2022-08-09,Field Officer App,sha256:59e550df7d5976e494e64d5b3d5d3ce5
MP-UP-2024-0139,PHOTO,/evidence/MP-UP-2024-0139/photo_257.jpg,Site progress photo,2024-10-04,Field Officer App,sha256:a808ac3df5721d2ffb28ed7a693d5bce
MP-NAG-2025-0095,PHOTO,/evidence/MP-NAG-2025-0095/photo_454.jpg,Site progress photo,2025-07-14,Field Officer App,sha256:e14f15f898b93325524194e5ced6f72e
MP-DEL-2025-0113,PHOTO,/evidence/MP-DEL-2025-0113/photo_229.jpg,Site progress photo,2025-05-03,Field Officer App,sha256:9dc45481382246f85a2667f8bbc2ca9e
MP-UP-2022-0079,PHOTO,/evidence/MP-UP-2022-0079/photo_933.jpg,Site progress photo,2023-01-11,Field Officer App,sha256:1601751905b17f888d58d41d037313a7
MP-TN-2025-0086,PHOTO,/evidence/MP-TN-2025-0086/photo_368.jpg,Site progress photo,2026-01-21,Field Officer App,sha256:6d85a92c9d63a1c87547c0f32155630b
MP-NAG-2025-0097,PHOTO,/evidence/MP-NAG-2025-0097/photo_995.jpg,Site progress photo,2025-09-29,Field Officer App,sha256:4a73559f864d2a011795f733c70f0b5f
MP-ASM-2023-0143,PHOTO,/evidence/MP-ASM-2023-0143/photo_530.jpg,Site progress photo,2024-02-08,Field Officer App,sha256:f8187609d044d587957b267c167c6ded
MP-MH-2022-0075,PHOTO,/evidence/MP-MH-2022-0075/photo_309.jpg,Site progress photo,2022-08-14,Field Officer App,sha256:29d5a05d1bd43681136cedaea60fac48
MP-MH-2025-0119,PHOTO,/evidence/MP-MH-2025-0119/photo_599.jpg,Site progress photo,2025-11-24,Field Officer App,sha256:f0af284152d756c9b5477a1a8ab9f47f
MP-PUN-2024-0129,PHOTO,/evidence/MP-PUN-2024-0129/photo_665.jpg,Site progress photo,2025-04-20,Field Officer App,sha256:d971b4197e5c9f87b4208b189803a826
MP-RAJ-2024-0138,PHOTO,/evidence/MP-RAJ-2024-0138/photo_533.jpg,Site progress photo,2024-05-27,Field Officer App,sha256:86c4ea341993023b60924dedd7a9e483
MP-KER-2024-0140,PHOTO,/evidence/MP-KER-2024-0140/photo_843.jpg,Site progress photo,2025-02-02,Field Officer App,sha256:a214ffa007a9b73e6ad4fc602c81af1f
MP-GUJ-2023-0111,PHOTO,/evidence/MP-GUJ-2023-0111/photo_279.jpg,Site progress photo,2023-06-20,Field Officer App,sha256:9724dc10cf5baaffc55e5455a41c7a01
MP-ASM-2022-0058,PHOTO,/evidence/MP-ASM-2022-0058/photo_205.jpg,Site progress photo,2023-02-03,Field Officer App,sha256:04e82839b28676a43bfd2761bc650653
MP-GUJ-2023-0112,PHOTO,/evidence/MP-GUJ-2023-0112/photo_85.jpg,Site progress photo,2023-08-09,Field Officer App,sha256:5ab4271488f4bc06c93c44272c796d84
MP-TEL-2022-0065,PHOTO,/evidence/MP-TEL-2022-0065/photo_842.jpg,Site progress photo,2023-01-08,Field Officer App,sha256:f9ff2a86cd398c7a1744aaec9ba48e8d
MP-TN-2022-0058,PHOTO,/evidence/MP-TN-2022-0058/photo_671.jpg,Site progress photo,2023-01-13,Field Officer App,sha256:e7ffee6919995fbcb7206d6b52b2650a
MP-MH-2025-0120,PHOTO,/evidence/MP-MH-2025-0120/photo_916.jpg,Site progress photo,2026-01-05,Field Officer App,sha256:0e5fc9699f5b871a47c14fee0852fe88
MP-RAJ-2022-0067,PHOTO,/evidence/MP-RAJ-2022-0067/photo_234.jpg,Site progress photo,2022-12-21,Field Officer App,sha256:fbd04d610f64b9dd3fe1e72433e32c61
MP-RAJ-2024-0139,PHOTO,/evidence/MP-RAJ-2024-0139/photo_502.jpg,Site progress photo,2024-12-01,Field Officer App,sha256:2ee87c2f32b1b4b53f709508d6b963f7
MP-MH-2024-0130,PHOTO,/evidence/MP-MH-2024-0130/photo_18.jpg,Site progress photo,2025-02-17,Field Officer App,sha256:6962e7455ca2ad5d138f42076a391317
MP-UP-2025-0103,PHOTO,/evidence/MP-UP-2025-0103/photo_408.jpg,Site progress photo,2026-01-06,Field Officer App,sha256:f95c82d4209ee84370ccdf4845ec8b88
MP-UP-2024-0140,PHOTO,/evidence/MP-UP-2024-0140/photo_754.jpg,Site progress photo,2024-09-12,Field Officer App,sha256:d73430a3cf30d057a34be04304b2afba
MP-GUJ-2023-0113,PHOTO,/evidence/MP-GUJ-2023-0113/photo_305.jpg,Site progress photo,2023-08-30,Field Officer App,sha256:6399749a1234c9f201edf7253382a2fb
MP-MP-2023-0130,PHOTO,/evidence/MP-MP-2023-0130/photo_140.jpg,Site progress photo,2023-09-29,Field Officer App,sha256:e7cfd41a2ad0bae75b40b262300058f9
MP-KAR-2023-0156,PHOTO,/evidence/MP-KAR-2023-0156/photo_473.jpg,Site progress photo,2023-09-27,Field Officer App,sha256:919377ec9fc12bf026a54c0f65561e94
MP-DEL-2025-0115,PHOTO,/evidence/MP-DEL-2025-0115/photo_39.jpg,Site progress photo,2025-12-17,Field Officer App,sha256:51a30b9674444635ffe21482e4ff7ba5
MP-MH-2023-0141,PHOTO,/evidence/MP-MH-2023-0141/photo_112.jpg,Site progress photo,2023-08-23,Field Officer App,sha256:5c9bea826e22015e0ea44dc1a1c01f6f
MP-MP-2024-0135,PHOTO,/evidence/MP-MP-2024-0135/photo_427.jpg,Site progress photo,2024-02-21,Field Officer App,sha256:eb406a64b4b53b4377a7d435c4589d19
MP-TN-2025-0087,PHOTO,/evidence/MP-TN-2025-0087/photo_421.jpg,Site progress photo,2025-08-27,Field Officer App,sha256:99cedd2a28b968f742518ef988aaa716
MP-KAR-2024-0152,PHOTO,/evidence/MP-KAR-2024-0152/photo_693.jpg,Site progress photo,2025-03-28,Field Officer App,sha256:a75a94c7e3ea6e70d35538669243c004
MP-MH-2023-0142,PHOTO,/evidence/MP-MH-2023-0142/photo_474.jpg,Site progress photo,2023-02-11,Field Officer App,sha256:ecfa14199e385c638ab2f8b424cc9bd8
MP-UP-2025-0104,PHOTO,/evidence/MP-UP-2025-0104/photo_805.jpg,Site progress photo,2025-03-21,Field Officer App,sha256:a010ac51afedb7d490569819b7c63a68
MP-NAG-2025-0099,PHOTO,/evidence/MP-NAG-2025-0099/photo_707.jpg,Site progress photo,2026-01-29,Field Officer App,sha256:15685f42d308845dcc02dcc79f3e755f
MP-PUN-2024-0130,PHOTO,/evidence/MP-PUN-2024-0130/photo_372.jpg,Site progress photo,2024-08-15,Field Officer App,sha256:83123b4f8b106c49eaaba6dd5b61501c
MP-MH-2025-0122,PHOTO,/evidence/MP-MH-2025-0122/photo_188.jpg,Site progress photo,2025-04-17,Field Officer App,sha256:098848e66342a8d32a8136f7d5a3cc69
MP-TN-2024-0131,PHOTO,/evidence/MP-TN-2024-0131/photo_321.jpg,Site progress photo,2024-08-31,Field Officer App,sha256:a7752a524da428a1ccf7550d63a877d5
MP-PUN-2022-0073,PHOTO,/evidence/MP-PUN-2022-0073/photo_463.jpg,Site progress photo,2022-09-28,Field Officer App,sha256:8f4ce23ecb6bd21f333f2cdb7c9e20dc
MP-ODI-2025-0102,PHOTO,/evidence/MP-ODI-2025-0102/photo_201.jpg,Site progress photo,2025-05-24,Field Officer App,sha256:544cb1e8d7bf2d9a91aa6d31987c0fb3
MP-WB-2024-0129,PHOTO,/evidence/MP-WB-2024-0129/photo_434.jpg,Site progress photo,2024-11-20,Field Officer App,sha256:87cf7b4b508cb779f32e8b3d0d2653c0
MP-MP-2023-0131,PHOTO,/evidence/MP-MP-2023-0131/photo_796.jpg,Site progress photo,2024-01-04,Field Officer App,sha256:dd39e9fb1f552674f941a8b8779bd75a
MP-TEL-2022-0068,PHOTO,/evidence/MP-TEL-2022-0068/photo_916.jpg,Site progress photo,2023-01-26,Field Officer App,sha256:4975e33a34f7e65042a9e1579f22ef06
MP-MP-2022-0079,PHOTO,/evidence/MP-MP-2022-0079/photo_171.jpg,Site progress photo,2023-05-06,Field Officer App,sha256:3e37708f8a8bb363a31459bb9d68ec7e
MP-GUJ-2023-0114,PHOTO,/evidence/MP-GUJ-2023-0114/photo_276.jpg,Site progress photo,2024-02-14,Field Officer App,sha256:5444bcd1ad3045f25717c733632eef58
MP-UP-2025-0105,PHOTO,/evidence/MP-UP-2025-0105/photo_869.jpg,Site progress photo,2025-04-11,Field Officer App,sha256:237653bec3bb24521598772013b216ff
MP-KER-2023-0138,PHOTO,/evidence/MP-KER-2023-0138/photo_357.jpg,Site progress photo,2023-09-15,Field Officer App,sha256:5774d16be0c93a069a4eb92b2a02a012
MP-GUJ-2025-0097,PHOTO,/evidence/MP-GUJ-2025-0097/photo_379.jpg,Site progress photo,2025-10-11,Field Officer App,sha256:15272ce500110c99fa100184bd025a83
MP-TN-2024-0132,PHOTO,/evidence/MP-TN-2024-0132/photo_771.jpg,Site progress photo,2024-07-13,Field Officer App,sha256:d722599b6fd7efbc48a70caf69c7887c
MP-WB-2024-0130,PHOTO,/evidence/MP-WB-2024-0130/photo_126.jpg,Site progress photo,2024-04-26,Field Officer App,sha256:2a747464b46633014107272137bd18c5
MP-DEL-2022-0073,PHOTO,/evidence/MP-DEL-2022-0073/photo_665.jpg,Site progress photo,2022-09-16,Field Officer App,sha256:3d1d5db1fd8e2f859776f5df270e299f
MP-BHR-2022-0085,PHOTO,/evidence/MP-BHR-2022-0085/photo_482.jpg,Site progress photo,2023-05-24,Field Officer App,sha256:9e8976cfaa8a0c16151813db5e19c790
MP-MP-2025-0109,PHOTO,/evidence/MP-MP-2025-0109/photo_986.jpg,Site progress photo,2025-01-19,Field Officer App,sha256:56cb7701406656eb1a7eaebdeae98d27
MP-ODI-2022-0092,PHOTO,/evidence/MP-ODI-2022-0092/photo_808.jpg,Site progress photo,2022-07-28,Field Officer App,sha256:988b70a0fa581fa7349331fd165c2a08
MP-MP-2024-0136,PHOTO,/evidence/MP-MP-2024-0136/photo_374.jpg,Site progress photo,2024-04-11,Field Officer App,sha256:e1365960a9eca04752dd43a3becfb3c1
MP-MP-2022-0080,PHOTO,/evidence/MP-MP-2022-0080/photo_812.jpg,Site progress photo,2023-02-25,Field Officer App,sha256:1efd6f1c9704b516d0dfc83baf7090a5
MP-ODI-2022-0093,PHOTO,/evidence/MP-ODI-2022-0093/photo_682.jpg,Site progress photo,2022-07-05,Field Officer App,sha256:37350f8a67126acc64b633aa4dae49a0
MP-MH-2025-0124,PHOTO,/evidence/MP-MH-2025-0124/photo_309.jpg,Site progress photo,2025-05-05,Field Officer App,sha256:38bc284d406fb6ce378a35c33e57fb00
MP-NAG-2025-0101,PHOTO,/evidence/MP-NAG-2025-0101/photo_837.jpg,Site progress photo,2025-09-19,Field Officer App,sha256:57865d8069e1a95a257e0815e88a3674
MP-BHR-2025-0097,PHOTO,/evidence/MP-BHR-2025-0097/photo_293.jpg,Site progress photo,2025-05-27,Field Officer App,sha256:9654da0c155a3f0ddeaa739a8ede5ec8
MP-TN-2025-0089,PHOTO,/evidence/MP-TN-2025-0089/photo_697.jpg,Site progress photo,2025-07-13,Field Officer App,sha256:6ad3a7bc625ce3f8c9dc722f6bccb845
MP-MP-2025-0110,PHOTO,/evidence/MP-MP-2025-0110/photo_504.jpg,Site progress photo,2025-10-13,Field Officer App,sha256:3449d1c106a27a3ed990d14114682fe7
MP-MH-2022-0076,PHOTO,/evidence/MP-MH-2022-0076/photo_254.jpg,Site progress photo,2022-09-29,Field Officer App,sha256:41e2e91115b0e5112407ab08b25835ee
MP-TEL-2022-0069,PHOTO,/evidence/MP-TEL-2022-0069/photo_834.jpg,Site progress photo,2022-10-15,Field Officer App,sha256:1ae2ef8d5648564b85fb9dfd37bf842b
MP-WB-2023-0131,PHOTO,/evidence/MP-WB-2023-0131/photo_603.jpg,Site progress photo,2023-06-30,Field Officer App,sha256:c9d929072b24601e3dfd84062ff177e0
MP-RAJ-2023-0133,PHOTO,/evidence/MP-RAJ-2023-0133/photo_696.jpg,Site progress photo,2024-04-30,Field Officer App,sha256:4e8c05162bdc912177c7ab60d0b13ec6
MP-UP-2022-0080,PHOTO,/evidence/MP-UP-2022-0080/photo_616.jpg,Site progress photo,2023-02-05,Field Officer App,sha256:cc4694ac41055882bdeb6d9879cac7f9
MP-RAJ-2024-0140,PHOTO,/evidence/MP-RAJ-2024-0140/photo_680.jpg,Site progress photo,2025-04-30,Field Officer App,sha256:37775ae1938d94f93fd2bce351d00b8e
MP-TN-2023-0119,PHOTO,/evidence/MP-TN-2023-0119/photo_113.jpg,Site progress photo,2024-05-28,Field Officer App,sha256:45bf202b3d5531afcb82049571232ce4
MP-DEL-2022-0075,PHOTO,/evidence/MP-DEL-2022-0075/photo_704.jpg,Site progress photo,2023-06-13,Field Officer App,sha256:683e58fbeaa3257d8dfa051706474ce7
MP-MH-2024-0131,PHOTO,/evidence/MP-MH-2024-0131/photo_238.jpg,Site progress photo,2024-11-11,Field Officer App,sha256:e65047a795f9b0abf0fe0ccac811130d
MP-UP-2023-0150,PHOTO,/evidence/MP-UP-2023-0150/photo_442.jpg,Site progress photo,2023-12-27,Field Officer App,sha256:b5c45efc07686a75198f431a82e93b64
MP-TEL-2024-0134,PHOTO,/evidence/MP-TEL-2024-0134/photo_280.jpg,Site progress photo,2025-04-06,Field Officer App,sha256:3e68dd224da994581303deb23de0e906
MP-MP-2023-0133,PHOTO,/evidence/MP-MP-2023-0133/photo_716.jpg,Site progress photo,2023-04-09,Field Officer App,sha256:a0d2249f96a5150dfbb1262a414fbf89
MP-WB-2024-0132,PHOTO,/evidence/MP-WB-2024-0132/photo_366.jpg,Site progress photo,2024-10-07,Field Officer App,sha256:095ed187052390c7202f06ca0ee79fec
MP-MH-2022-0077,PHOTO,/evidence/MP-MH-2022-0077/photo_686.jpg,Site progress photo,2023-03-28,Field Officer App,sha256:0dd96ea2879c98a7340cafae6df2c872
MP-KAR-2024-0153,PHOTO,/evidence/MP-KAR-2024-0153/photo_750.jpg,Site progress photo,2025-03-24,Field Officer App,sha256:cd07858e7c44192c297fa848a8cecc6c
MP-ASM-2023-0145,PHOTO,/evidence/MP-ASM-2023-0145/photo_899.jpg,Site progress photo,2023-08-26,Field Officer App,sha256:a852e1c2a7a5e7885931b9c7ec790661
MP-ASM-2022-0060,PHOTO,/evidence/MP-ASM-2022-0060/photo_215.jpg,Site progress photo,2022-09-02,Field Officer App,sha256:9fb2b2eeb490939446919fea0226658b
MP-KAR-2025-0117,PHOTO,/evidence/MP-KAR-2025-0117/photo_691.jpg,Site progress photo,2025-08-16,Field Officer App,sha256:fd97a92cad772c075644b37643d634ed
MP-KER-2025-0100,PHOTO,/evidence/MP-KER-2025-0100/photo_933.jpg,Site progress photo,2025-10-15,Field Officer App,sha256:30b35871a5469928317f8f465dd5c0aa
MP-MP-2024-0137,PHOTO,/evidence/MP-MP-2024-0137/photo_585.jpg,Site progress photo,2024-09-03,Field Officer App,sha256:9f27a32ce42d71b8a1964afc4e1af49b
MP-KER-2024-0145,PHOTO,/evidence/MP-KER-2024-0145/photo_419.jpg,Site progress photo,2024-11-08,Field Officer App,sha256:6037a65dee0824bf4811c47daea86a55
MP-MP-2024-0138,PHOTO,/evidence/MP-MP-2024-0138/photo_325.jpg,Site progress photo,2024-03-22,Field Officer App,sha256:750e74e74a99fece8f1f8ba61e71a73e
MP-BHR-2023-0137,PHOTO,/evidence/MP-BHR-2023-0137/photo_135.jpg,Site progress photo,2024-03-08,Field Officer App,sha256:124bf38fe211f91d2e00c8119ca0765b
MP-ASM-2024-0160,PHOTO,/evidence/MP-ASM-2024-0160/photo_664.jpg,Site progress photo,2025-01-14,Field Officer App,sha256:2936e35af3a8a5a48bacf716e9f61f9e
MP-KAR-2022-0082,PHOTO,/evidence/MP-KAR-2022-0082/photo_413.jpg,Site progress photo,2022-11-25,Field Officer App,sha256:d65261d11da4d538aa6153bcbec153d6
MP-ASM-2024-0161,PHOTO,/evidence/MP-ASM-2024-0161/photo_238.jpg,Site progress photo,2024-09-24,Field Officer App,sha256:cb28703b617bcf34dead597ff16cf838
MP-KAR-2022-0083,PHOTO,/evidence/MP-KAR-2022-0083/photo_437.jpg,Site progress photo,2023-02-24,Field Officer App,sha256:666bc146dfd35eee7cb73eadce276d7a
MP-ASM-2022-0061,PHOTO,/evidence/MP-ASM-2022-0061/photo_136.jpg,Site progress photo,2022-10-12,Field Officer App,sha256:5844a818145ae96706244c92765d0737
MP-KER-2022-0093,PHOTO,/evidence/MP-KER-2022-0093/photo_212.jpg,Site progress photo,2023-05-29,Field Officer App,sha256:a64f1749584cce54133f6eeda091d829
MP-KAR-2023-0160,PHOTO,/evidence/MP-KAR-2023-0160/photo_536.jpg,Site progress photo,2023-09-05,Field Officer App,sha256:03c859ac2144296d6ea186130afb0db7
MP-TEL-2024-0135,PHOTO,/evidence/MP-TEL-2024-0135/photo_188.jpg,Site progress photo,2024-10-22,Field Officer App,sha256:1eb0d7a06b106619787c9eaef72f44f3
MP-KAR-2024-0154,PHOTO,/evidence/MP-KAR-2024-0154/photo_648.jpg,Site progress photo,2024-06-28,Field Officer App,sha256:9e2df4769cdb8d15263d06d3c7754b89
MP-MP-2025-0111,PHOTO,/evidence/MP-MP-2025-0111/photo_987.jpg,Site progress photo,2025-12-10,Field Officer App,sha256:381879f4bac0f67629e4bfe91c1bfa8a
MP-KER-2024-0147,PHOTO,/evidence/MP-KER-2024-0147/photo_508.jpg,Site progress photo,2024-06-11,Field Officer App,sha256:aad63350796f46a83b5522158e4f0dae
MP-MH-2024-0132,PHOTO,/evidence/MP-MH-2024-0132/photo_376.jpg,Site progress photo,2024-05-28,Field Officer App,sha256:e5271521f87f0cc76b7c2ad71ab9ced3
MP-TEL-2025-0091,PHOTO,/evidence/MP-TEL-2025-0091/photo_468.jpg,Site progress photo,2025-02-07,Field Officer App,sha256:d870c94c6334ba0b743fc8ea9ca66092
MP-ODI-2022-0095,PHOTO,/evidence/MP-ODI-2022-0095/photo_550.jpg,Site progress photo,2023-06-08,Field Officer App,sha256:dd414f6bd4583859a96201a9f6ba77f8
MP-KER-2024-0148,PHOTO,/evidence/MP-KER-2024-0148/photo_156.jpg,Site progress photo,2025-01-10,Field Officer App,sha256:dca130ad0c0fe01c8c03235292adb3ab
MP-TN-2023-0120,PHOTO,/evidence/MP-TN-2023-0120/photo_504.jpg,Site progress photo,2024-09-29,Field Officer App,sha256:d7ac7242a59900642a1b9aa192fbc530
MP-PUN-2024-0131,PHOTO,/evidence/MP-PUN-2024-0131/photo_10.jpg,Site progress photo,2024-09-16,Field Officer App,sha256:0f87e2291e37e3055f84bb7a2b8d00a7
MP-MP-2025-0112,PHOTO,/evidence/MP-MP-2025-0112/photo_425.jpg,Site progress photo,2025-07-12,Field Officer App,sha256:d6e4c166354a4d8ede5c773e506401a3
MP-NAG-2025-0103,PHOTO,/evidence/MP-NAG-2025-0103/photo_135.jpg,Site progress photo,2025-07-27,Field Officer App,sha256:fff40856c3da3694f5f501a3ab005acd
MP-KER-2023-0140,PHOTO,/evidence/MP-KER-2023-0140/photo_14.jpg,Site progress photo,2023-09-20,Field Officer App,sha256:6c89587ddc4f9b324f99779d47f0d6cd
MP-TN-2023-0121,PHOTO,/evidence/MP-TN-2023-0121/photo_226.jpg,Site progress photo,2023-07-06,Field Officer App,sha256:be6f8b83268d9cb45f4d44ffb0f19333
MP-KER-2022-0094,PHOTO,/evidence/MP-KER-2022-0094/photo_734.jpg,Site progress photo,2022-10-05,Field Officer App,sha256:f058294ee3da4769e54195b3cf40bd55
MP-KER-2023-0141,PHOTO,/evidence/MP-KER-2023-0141/photo_647.jpg,Site progress photo,2024-02-24,Field Officer App,sha256:a62778da10228d0b08b786a853b7f535
MP-TN-2023-0122,PHOTO,/evidence/MP-TN-2023-0122/photo_217.jpg,Site progress photo,2023-12-10,Field Officer App,sha256:39850769c504c50fddeed895676c842d
MP-UP-2025-0106,PHOTO,/evidence/MP-UP-2025-0106/photo_28.jpg,Site progress photo,2025-09-20,Field Officer App,sha256:bc459bfb9dd76d53730a364e8b2cbf88
MP-TN-2022-0059,PHOTO,/evidence/MP-TN-2022-0059/photo_365.jpg,Site progress photo,2023-06-27,Field Officer App,sha256:e7ac77ccc028322d8ca934ded561f24f
MP-WB-2023-0132,PHOTO,/evidence/MP-WB-2023-0132/photo_757.jpg,Site progress photo,2023-09-29,Field Officer App,sha256:48906e760f238c8f8f89d40dd296e85d
MP-NAG-2024-0126,PHOTO,/evidence/MP-NAG-2024-0126/photo_577.jpg,Site progress photo,2024-08-21,Field Officer App,sha256:43cd11b330713de2fcf6157b30a1902d
MP-UP-2025-0107,PHOTO,/evidence/MP-UP-2025-0107/photo_215.jpg,Site progress photo,2025-04-09,Field Officer App,sha256:50357f9b2b86bfb702c09ab7d8fe4c20
MP-MP-2022-0081,PHOTO,/evidence/MP-MP-2022-0081/photo_267.jpg,Site progress photo,2023-03-04,Field Officer App,sha256:e837abede1b4e5888ecac4cc22234259
MP-BHR-2023-0138,PHOTO,/evidence/MP-BHR-2023-0138/photo_34.jpg,Site progress photo,2023-03-14,Field Officer App,sha256:e343c23181ebce7cf2610fa5adb4fa23
MP-MP-2025-0113,PHOTO,/evidence/MP-MP-2025-0113/photo_327.jpg,Site progress photo,2025-02-11,Field Officer App,sha256:ce39ccac60c3437173a2c45e661b5211
MP-DEL-2023-0152,PHOTO,/evidence/MP-DEL-2023-0152/photo_995.jpg,Site progress photo,2023-07-16,Field Officer App,sha256:65237c155f33cdeb661617bfac78e6cd
MP-WB-2022-0086,PHOTO,/evidence/MP-WB-2022-0086/photo_57.jpg,Site progress photo,2022-10-24,Field Officer App,sha256:b6a2a7a40aa5f7f8d9b3a303498bde2b
MP-ASM-2025-0102,PHOTO,/evidence/MP-ASM-2025-0102/photo_572.jpg,Site progress photo,2025-11-09,Field Officer App,sha256:6ff78a42d0296aa5e7c2ed8d3e1aa378
MP-MP-2023-0136,PHOTO,/evidence/MP-MP-2023-0136/photo_355.jpg,Site progress photo,2023-04-16,Field Officer App,sha256:754b2d273b5d72683ba8867c8aaf7853
MP-BHR-2025-0098,PHOTO,/evidence/MP-BHR-2025-0098/photo_30.jpg,Site progress photo,2025-06-20,Field Officer App,sha256:e329f1582f0b878db6d3cdf81b53cdef
MP-TN-2024-0135,PHOTO,/evidence/MP-TN-2024-0135/photo_166.jpg,Site progress photo,2024-05-30,Field Officer App,sha256:bff4af08a05c9054ef75a8cc241b85a3
MP-MP-2023-0137,PHOTO,/evidence/MP-MP-2023-0137/photo_518.jpg,Site progress photo,2023-08-18,Field Officer App,sha256:8f389b302a24a0b28abfabf60f00ceb0
MP-WB-2023-0133,PHOTO,/evidence/MP-WB-2023-0133/photo_682.jpg,Site progress photo,2023-07-08,Field Officer App,sha256:e6867d0a28d68dc6cb2b5de1808a4343
MP-TN-2023-0123,PHOTO,/evidence/MP-TN-2023-0123/photo_63.jpg,Site progress photo,2024-03-13,Field Officer App,sha256:7d65eff4d04f3f380b71f5c9ca7812d4
MP-MP-2022-0084,PHOTO,/evidence/MP-MP-2022-0084/photo_624.jpg,Site progress photo,2023-03-10,Field Officer App,sha256:9e4db2f3d8ca4273fdf68e5c67edacf2
MP-MP-2022-0085,PHOTO,/evidence/MP-MP-2022-0085/photo_32.jpg,Site progress photo,2023-03-26,Field Officer App,sha256:1580233b24247c8cb3a6d1a5b70e4117
MP-BHR-2025-0099,PHOTO,/evidence/MP-BHR-2025-0099/photo_2.jpg,Site progress photo,2025-07-12,Field Officer App,sha256:dcf657edbd5f26d5441b9321645b54c9
MP-TEL-2024-0136,PHOTO,/evidence/MP-TEL-2024-0136/photo_986.jpg,Site progress photo,2024-08-05,Field Officer App,sha256:82d598526f1bb87007f533230788a4ef
MP-DEL-2025-0118,PHOTO,/evidence/MP-DEL-2025-0118/photo_117.jpg,Site progress photo,2025-09-11,Field Officer App,sha256:33b9026359c5e89a2f345f18623f9b6a
MP-UP-2025-0108,PHOTO,/evidence/MP-UP-2025-0108/photo_821.jpg,Site progress photo,2025-09-01,Field Officer App,sha256:64c477805c44fa2ce24f3b1e4c89a5c0
MP-PUN-2022-0076,PHOTO,/evidence/MP-PUN-2022-0076/photo_291.jpg,Site progress photo,2022-07-30,Field Officer App,sha256:162ea03f2f964dad42b6e57cc4d80de7
MP-MP-2024-0139,PHOTO,/evidence/MP-MP-2024-0139/photo_681.jpg,Site progress photo,2024-11-24,Field Officer App,sha256:9eee26a396b5aa84d5b14be9012b4fa4
MP-GUJ-2024-0135,PHOTO,/evidence/MP-GUJ-2024-0135/photo_222.jpg,Site progress photo,2025-06-12,Field Officer App,sha256:df3c14e98554448a934fa9e0b737b8aa
MP-WB-2022-0087,PHOTO,/evidence/MP-WB-2022-0087/photo_797.jpg,Site progress photo,2023-01-28,Field Officer App,sha256:036650029dffcba4dffbf40b47a07d46
MP-TN-2022-0060,PHOTO,/evidence/MP-TN-2022-0060/photo_468.jpg,Site progress photo,2023-02-01,Field Officer App,sha256:86b7aa2f8d7cf7e0c8a128e522e37d6a
MP-WB-2023-0134,PHOTO,/evidence/MP-WB-2023-0134/photo_245.jpg,Site progress photo,2023-03-07,Field Officer App,sha256:7d16051349f179254ab48fc8c2dce00a
MP-RAJ-2023-0135,PHOTO,/evidence/MP-RAJ-2023-0135/photo_460.jpg,Site progress photo,2024-01-02,Field Officer App,sha256:3590c038288067a6a4bfe6a6f5bb6ecc
MP-KAR-2022-0086,PHOTO,/evidence/MP-KAR-2022-0086/photo_56.jpg,Site progress photo,2023-01-01,Field Officer App,sha256:fde13a3964c2a907d9a711a95cb7f102
MP-DEL-2023-0156,PHOTO,/evidence/MP-DEL-2023-0156/photo_374.jpg,Site progress photo,2023-10-03,Field Officer App,sha256:5a7963c88cf07b3302de2e7d493ff89f
MP-WB-2024-0135,PHOTO,/evidence/MP-WB-2024-0135/photo_21.jpg,Site progress photo,2025-01-31,Field Officer App,sha256:5176293f5f53fc5113dee87718d7dc6d
MP-KER-2024-0152,PHOTO,/evidence/MP-KER-2024-0152/photo_695.jpg,Site progress photo,2024-05-20,Field Officer App,sha256:dc83300ac34098825f9368898f0344e2
MP-GUJ-2023-0116,PHOTO,/evidence/MP-GUJ-2023-0116/photo_507.jpg,Site progress photo,2024-03-05,Field Officer App,sha256:26aaf6fe7f29be72f271c844d2a23257
MP-ODI-2025-0103,PHOTO,/evidence/MP-ODI-2025-0103/photo_628.jpg,Site progress photo,2025-06-04,Field Officer App,sha256:b6490dfc864b61559e77cc7c1f7f2975
MP-ASM-2025-0103,PHOTO,/evidence/MP-ASM-2025-0103/photo_819.jpg,Site progress photo,2025-10-09,Field Officer App,sha256:ae618b1d9f221a5ff47a1ae5b5e82395
MP-TN-2023-0124,PHOTO,/evidence/MP-TN-2023-0124/photo_63.jpg,Site progress photo,2023-07-24,Field Officer App,sha256:69cc1a6e3d5859453807ac2cdd4fa433
MP-BHR-2024-0146,PHOTO,/evidence/MP-BHR-2024-0146/photo_334.jpg,Site progress photo,2025-04-10,Field Officer App,sha256:7b8e02292f90622ffed0fa7728ee8307
MP-MP-2025-0115,PHOTO,/evidence/MP-MP-2025-0115/photo_771.jpg,Site progress photo,2025-08-24,Field Officer App,sha256:eb55207f7534f4dac5a23a7942719160
MP-MH-2024-0135,PHOTO,/evidence/MP-MH-2024-0135/photo_48.jpg,Site progress photo,2025-01-11,Field Officer App,sha256:4fe8270a0aba500dffdf05a42a6f41f3
MP-MH-2023-0145,PHOTO,/evidence/MP-MH-2023-0145/photo_588.jpg,Site progress photo,2024-03-02,Field Officer App,sha256:836b0710f6ab7bb2c74a296ac007dc41
MP-PUN-2024-0133,PHOTO,/evidence/MP-PUN-2024-0133/photo_126.jpg,Site progress photo,2025-03-25,Field Officer App,sha256:55e8e71a5abe87000d9444abef70b927
MP-KAR-2023-0161,PHOTO,/evidence/MP-KAR-2023-0161/photo_365.jpg,Site progress photo,2024-02-06,Field Officer App,sha256:a6ff6cd723d7470d896281bd73a9bb29
MP-ASM-2023-0149,PHOTO,/evidence/MP-ASM-2023-0149/photo_66.jpg,Site progress photo,2023-07-02,Field Officer App,sha256:7cbbcbd3b084cbef7dc068507f8d2c1c
MP-UP-2022-0083,PHOTO,/evidence/MP-UP-2022-0083/photo_917.jpg,Site progress photo,2023-03-14,Field Officer App,sha256:b6bc8e2cc2ec0c947e0c31efa9227131
MP-MP-2024-0140,PHOTO,/evidence/MP-MP-2024-0140/photo_674.jpg,Site progress photo,2025-01-15,Field Officer App,sha256:ecd060a5991e91a0bce251ce2edf373c
MP-TEL-2023-0134,PHOTO,/evidence/MP-TEL-2023-0134/photo_715.jpg,Site progress photo,2023-11-05,Field Officer App,sha256:5d17851c598abbbf533e43932bdeedd9
MP-ODI-2025-0104,PHOTO,/evidence/MP-ODI-2025-0104/photo_39.jpg,Site progress photo,2025-08-17,Field Officer App,sha256:c951d2424a6dc76ce1c21627945fc182
MP-MH-2024-0137,PHOTO,/evidence/MP-MH-2024-0137/photo_420.jpg,Site progress photo,2024-04-21,Field Officer App,sha256:34fd616b84a73b8827869837b7caa099
MP-PUN-2025-0110,PHOTO,/evidence/MP-PUN-2025-0110/photo_672.jpg,Site progress photo,2025-04-25,Field Officer App,sha256:b43a83f1c5374c2d96660bcf9fd0388a
MP-ODI-2024-0129,PHOTO,/evidence/MP-ODI-2024-0129/photo_758.jpg,Site progress photo,2024-07-21,Field Officer App,sha256:9763569488bab224371137b237d2820d
MP-DEL-2023-0157,PHOTO,/evidence/MP-DEL-2023-0157/photo_706.jpg,Site progress photo,2024-02-16,Field Officer App,sha256:62b203f70aa371bd41198c5fab29da37
MP-ODI-2022-0097,PHOTO,/evidence/MP-ODI-2022-0097/photo_316.jpg,Site progress photo,2023-02-23,Field Officer App,sha256:708a4cdc92b46d852bef7e8b04f2722a
MP-KER-2023-0142,PHOTO,/evidence/MP-KER-2023-0142/photo_691.jpg,Site progress photo,2023-04-30,Field Officer App,sha256:965bb46326348fa1272ca876db74d75a
MP-GUJ-2022-0082,PHOTO,/evidence/MP-GUJ-2022-0082/photo_304.jpg,Site progress photo,2023-01-20,Field Officer App,sha256:1080a63b79e1c65724f53166d48a0ccc
MP-MP-2022-0086,PHOTO,/evidence/MP-MP-2022-0086/photo_433.jpg,Site progress photo,2023-04-05,Field Officer App,sha256:2d189c3dfdd0a7fadcb4473618996dc7
MP-MH-2022-0080,PHOTO,/evidence/MP-MH-2022-0080/photo_300.jpg,Site progress photo,2023-01-16,Field Officer App,sha256:4686d0c1ea2f6044e9fc2794220db2ca
MP-KER-2024-0153,PHOTO,/evidence/MP-KER-2024-0153/photo_905.jpg,Site progress photo,2025-07-13,Field Officer App,sha256:cdb5a8a27232570bdc837a8cf0a91647
MP-DEL-2025-0119,PHOTO,/evidence/MP-DEL-2025-0119/photo_597.jpg,Site progress photo,2025-07-01,Field Officer App,sha256:8e920cb8c5a69a165ed723036d1e7373
MP-MH-2024-0139,PHOTO,/evidence/MP-MH-2024-0139/photo_765.jpg,Site progress photo,2024-07-29,Field Officer App,sha256:95771aaea812b3d6225e9c8892016481
MP-UP-2024-0144,PHOTO,/evidence/MP-UP-2024-0144/photo_429.jpg,Site progress photo,2024-04-19,Field Officer App,sha256:e0a3d7f77535e9aa816adb6310a4f4af
MP-GUJ-2022-0083,PHOTO,/evidence/MP-GUJ-2022-0083/photo_190.jpg,Site progress photo,2022-11-11,Field Officer App,sha256:dbae0951d52a9b5d878ed95814a5231a
MP-BHR-2022-0087,PHOTO,/evidence/MP-BHR-2022-0087/photo_398.jpg,Site progress photo,2023-02-02,Field Officer App,sha256:1064cff2debb70cb2ec2316da2f1bd95
MP-RAJ-2024-0145,PHOTO,/evidence/MP-RAJ-2024-0145/photo_635.jpg,Site progress photo,2025-06-29,Field Officer App,sha256:e71844a6a5663031710ff2d4a52dfe89
MP-BHR-2025-0100,PHOTO,/evidence/MP-BHR-2025-0100/photo_604.jpg,Site progress photo,2025-03-23,Field Officer App,sha256:dd7c6124d620cc1f9f70a3c1cdf7fc6a
MP-WB-2023-0136,PHOTO,/evidence/MP-WB-2023-0136/photo_661.jpg,Site progress photo,2024-04-27,Field Officer App,sha256:0e421d2eca3d363830af7d89c38b7d23
MP-BHR-2023-0139,PHOTO,/evidence/MP-BHR-2023-0139/photo_417.jpg,Site progress photo,2023-07-12,Field Officer App,sha256:15223c4ddd778727d172750a06401cb4
MP-DEL-2025-0120,PHOTO,/evidence/MP-DEL-2025-0120/photo_153.jpg,Site progress photo,2026-01-22,Field Officer App,sha256:852ef20beb258c7b6a08dcb476efd883
MP-TEL-2025-0093,PHOTO,/evidence/MP-TEL-2025-0093/photo_196.jpg,Site progress photo,2025-12-19,Field Officer App,sha256:f8b21728452ce07a99622c57f07307ff
MP-DEL-2025-0121,PHOTO,/evidence/MP-DEL-2025-0121/photo_107.jpg,Site progress photo,2025-07-16,Field Officer App,sha256:baa64df2316ce58dc9ea3d57d91eaa11
MP-DEL-2023-0158,PHOTO,/evidence/MP-DEL-2023-0158/photo_545.jpg,Site progress photo,2024-06-03,Field Officer App,sha256:e5049613cc4be3f66c222e99d48e921b
MP-GUJ-2022-0084,PHOTO,/evidence/MP-GUJ-2022-0084/photo_997.jpg,Site progress photo,2023-02-11,Field Officer App,sha256:71d634d6d71709a6c17b56b04672ff1f
MP-NAG-2024-0128,PHOTO,/evidence/MP-NAG-2024-0128/photo_167.jpg,Site progress photo,2025-05-16,Field Officer App,sha256:82804fb0697c41935364ea91a6cbd2d4
MP-BHR-2023-0140,PHOTO,/evidence/MP-BHR-2023-0140/photo_883.jpg,Site progress photo,2024-03-01,Field Officer App,sha256:b772c3ad8db1483cda052574bcf1cfae
MP-MP-2023-0139,PHOTO,/evidence/MP-MP-2023-0139/photo_212.jpg,Site progress photo,2023-04-27,Field Officer App,sha256:06c422c03241a5e1925f498d0c072fd3
MP-KAR-2025-0119,PHOTO,/evidence/MP-KAR-2025-0119/photo_419.jpg,Site progress photo,2025-11-12,Field Officer App,sha256:ea9210848b3ae9cf1c9515380b4b535a
MP-ODI-2023-0170,PHOTO,/evidence/MP-ODI-2023-0170/photo_160.jpg,Site progress photo,2023-10-04,Field Officer App,sha256:eb591861ab580c9a5225236b707c7d9e
MP-GUJ-2025-0100,PHOTO,/evidence/MP-GUJ-2025-0100/photo_328.jpg,Site progress photo,2025-10-17,Field Officer App,sha256:6d21ead338b9ce7adaffd9f01f2ec600
MP-ASM-2024-0162,PHOTO,/evidence/MP-ASM-2024-0162/photo_420.jpg,Site progress photo,2024-12-06,Field Officer App,sha256:1fd216102810c77f61545191f26327fd
MP-ASM-2024-0164,PHOTO,/evidence/MP-ASM-2024-0164/photo_363.jpg,Site progress photo,2025-05-03,Field Officer App,sha256:a1ea80388a7d4a7a683fb788a1da2319
MP-KER-2024-0154,PHOTO,/evidence/MP-KER-2024-0154/photo_896.jpg,Site progress photo,2024-05-31,Field Officer App,sha256:a407c2a88b856a66e346e4987e6bb9dc
MP-TN-2023-0128,PHOTO,/evidence/MP-TN-2023-0128/photo_822.jpg,Site progress photo,2023-10-16,Field Officer App,sha256:64c2dde15205de012d1ee2d8fc61763b
MP-MH-2023-0148,PHOTO,/evidence/MP-MH-2023-0148/photo_525.jpg,Site progress photo,2024-05-20,Field Officer App,sha256:81df495ce09a941502e269c638cd87d4
MP-ASM-2023-0150,PHOTO,/evidence/MP-ASM-2023-0150/photo_22.jpg,Site progress photo,2024-06-03,Field Officer App,sha256:d60e88730f63cc0673aa912ea909f7b0
MP-GUJ-2022-0085,PHOTO,/evidence/MP-GUJ-2022-0085/photo_161.jpg,Site progress photo,2022-10-05,Field Officer App,sha256:8a99523d98bcd76f59cfcb2d5d2b622b
MP-GUJ-2025-0101,PHOTO,/evidence/MP-GUJ-2025-0101/photo_311.jpg,Site progress photo,2025-02-20,Field Officer App,sha256:cd13b53ce566788a91874b3c1bd3c7b0
MP-KER-2022-0095,PHOTO,/evidence/MP-KER-2022-0095/photo_517.jpg,Site progress photo,2023-01-27,Field Officer App,sha256:06f4128565981b9dd05db85c7ac0bd86
MP-RAJ-2024-0147,PHOTO,/evidence/MP-RAJ-2024-0147/photo_869.jpg,Site progress photo,2024-10-03,Field Officer App,sha256:e3c2fb28ef21773451ef0f997ff061b0
MP-ODI-2024-0133,PHOTO,/evidence/MP-ODI-2024-0133/photo_509.jpg,Site progress photo,2024-08-13,Field Officer App,sha256:d757de6ebc215f1467ebff5ffb824786
MP-WB-2024-0137,PHOTO,/evidence/MP-WB-2024-0137/photo_287.jpg,Site progress photo,2024-11-01,Field Officer App,sha256:60cd9af0996b0477af813544765abe9a
MP-TN-2025-0093,PHOTO,/evidence/MP-TN-2025-0093/photo_436.jpg,Site progress photo,2025-05-12,Field Officer App,sha256:dff4a56ed5483997e4e6dbbe913d5bbe
MP-ODI-2023-0172,PHOTO,/evidence/MP-ODI-2023-0172/photo_545.jpg,Site progress photo,2024-01-08,Field Officer App,sha256:66559028a58b1cab62fed3003cbeb7f3
MP-DEL-2023-0161,PHOTO,/evidence/MP-DEL-2023-0161/photo_970.jpg,Site progress photo,2023-12-23,Field Officer App,sha256:521d445c5732e74632f9183a039fc730
MP-MP-2022-0087,PHOTO,/evidence/MP-MP-2022-0087/photo_944.jpg,Site progress photo,2022-08-10,Field Officer App,sha256:aec351c676cd453605b74273248ca0ad
MP-UP-2022-0084,PHOTO,/evidence/MP-UP-2022-0084/photo_630.jpg,Site progress photo,2022-12-10,Field Officer App,sha256:507f9096476e4e3d985d32597b68fafa
MP-ASM-2023-0151,PHOTO,/evidence/MP-ASM-2023-0151/photo_474.jpg,Site progress photo,2023-07-26,Field Officer App,sha256:f195d7b0b35205005538e9ab6d405161
MP-GUJ-2024-0137,PHOTO,/evidence/MP-GUJ-2024-0137/photo_463.jpg,Site progress photo,2024-07-23,Field Officer App,sha256:0b0a375ca0427fd9eee135d619d9ebfe
MP-KER-2025-0104,PHOTO,/evidence/MP-KER-2025-0104/photo_644.jpg,Site progress photo,2025-04-14,Field Officer App,sha256:4f48268ae3b7a3a1769d31ce3f451452
MP-MH-2022-0081,PHOTO,/evidence/MP-MH-2022-0081/photo_295.jpg,Site progress photo,2022-12-15,Field Officer App,sha256:5f8a34d347f7311e2c1e8a1be37ca796
MP-WB-2024-0138,PHOTO,/evidence/MP-WB-2024-0138/photo_50.jpg,Site progress photo,2024-07-01,Field Officer App,sha256:011aa910445bcd73fc78a4429d14ee41
MP-KER-2024-0155,PHOTO,/evidence/MP-KER-2024-0155/photo_744.jpg,Site progress photo,2024-07-16,Field Officer App,sha256:2cb1c0b5df79e74e5d0eb64ab32b6d2c
MP-RAJ-2024-0148,PHOTO,/evidence/MP-RAJ-2024-0148/photo_925.jpg,Site progress photo,2024-12-08,Field Officer App,sha256:9d422f71cbf9b061fc7722a97b91f45a
MP-KER-2024-0156,PHOTO,/evidence/MP-KER-2024-0156/photo_469.jpg,Site progress photo,2025-01-28,Field Officer App,sha256:6672eec5bbba12b05da4042582d2b078
MP-KER-2022-0096,PHOTO,/evidence/MP-KER-2022-0096/photo_486.jpg,Site progress photo,2022-10-24,Field Officer App,sha256:ffd702c102bd576ac9e861df13de1cf2
MP-BHR-2022-0089,PHOTO,/evidence/MP-BHR-2022-0089/photo_227.jpg,Site progress photo,2022-12-10,Field Officer App,sha256:98c52f68576cb3e720eee9e31d3d6ab0
MP-PUN-2023-0125,PHOTO,/evidence/MP-PUN-2023-0125/photo_133.jpg,Site progress photo,2024-01-14,Field Officer App,sha256:1b3518d372dd1f294f1b39affcb2ee20
MP-DEL-2024-0155,PHOTO,/evidence/MP-DEL-2024-0155/photo_729.jpg,Site progress photo,2024-10-25,Field Officer App,sha256:c84351803d2b1c2d40336ca959ac8c23
MP-MH-2024-0142,PHOTO,/evidence/MP-MH-2024-0142/photo_968.jpg,Site progress photo,2024-09-24,Field Officer App,sha256:b27f53c5b377d4641c8506d1e7fcf5cd
MP-MH-2022-0082,PHOTO,/evidence/MP-MH-2022-0082/photo_753.jpg,Site progress photo,2023-02-02,Field Officer App,sha256:d5a313d22e8452c7a95a669b0e6b6b9f
MP-NAG-2025-0107,PHOTO,/evidence/MP-NAG-2025-0107/photo_65.jpg,Site progress photo,2026-02-08,Field Officer App,sha256:3f7dd489abea719ddb8404fc74519616
MP-TEL-2024-0138,PHOTO,/evidence/MP-TEL-2024-0138/photo_34.jpg,Site progress photo,2024-06-09,Field Officer App,sha256:fbf9174cdfe013717df40b004c94f64f
MP-UP-2025-0109,PHOTO,/evidence/MP-UP-2025-0109/photo_161.jpg,Site progress photo,2025-10-22,Field Officer App,sha256:6cfdfe190ca54a1299c85f0e01bdab96
MP-MH-2024-0143,PHOTO,/evidence/MP-MH-2024-0143/photo_374.jpg,Site progress photo,2024-10-07,Field Officer App,sha256:431b90de82aab6d890668bbdd3ece7d0
MP-TN-2022-0061,PHOTO,/evidence/MP-TN-2022-0061/photo_919.jpg,Site progress photo,2023-01-18,Field Officer App,sha256:d3224c861820934524fad21fc10df53b
MP-TN-2023-0130,PHOTO,/evidence/MP-TN-2023-0130/photo_783.jpg,Site progress photo,2023-03-17,Field Officer App,sha256:a2f8419f4dc6ec241684d3a1e2cd7a8f
MP-PUN-2022-0077,PHOTO,/evidence/MP-PUN-2022-0077/photo_337.jpg,Site progress photo,2023-02-23,Field Officer App,sha256:23f067bedeeac1698181b74a6424183a
MP-RAJ-2023-0136,PHOTO,/evidence/MP-RAJ-2023-0136/photo_841.jpg,Site progress photo,2023-10-09,Field Officer App,sha256:af5d8742e85f5c6d25767074fa19f370
MP-DEL-2024-0156,PHOTO,/evidence/MP-DEL-2024-0156/photo_450.jpg,Site progress photo,2024-07-04,Field Officer App,sha256:9b3c1f6e88cd277843f38afe718432d0
MP-WB-2023-0139,PHOTO,/evidence/MP-WB-2023-0139/photo_877.jpg,Site progress photo,2024-04-13,Field Officer App,sha256:7c42524dc1a6d54dfe367cdc8487c0d9
MP-MH-2024-0144,PHOTO,/evidence/MP-MH-2024-0144/photo_274.jpg,Site progress photo,2024-08-15,Field Officer App,sha256:c99f554368905b62aaf82560d3c56264
MP-TN-2024-0136,PHOTO,/evidence/MP-TN-2024-0136/photo_459.jpg,Site progress photo,2024-07-19,Field Officer App,sha256:f0aa73f4b22b49a1ad004705b6ee535f
MP-UP-2024-0147,PHOTO,/evidence/MP-UP-2024-0147/photo_677.jpg,Site progress photo,2024-04-22,Field Officer App,sha256:9853bb18e150c11e92dc85cf641b67b7
MP-DEL-2023-0162,PHOTO,/evidence/MP-DEL-2023-0162/photo_679.jpg,Site progress photo,2023-02-12,Field Officer App,sha256:1f36a85861efaa9b56ec0badf46848e9
MP-MH-2023-0149,PHOTO,/evidence/MP-MH-2023-0149/photo_952.jpg,Site progress photo,2023-09-05,Field Officer App,sha256:d118bbfb934be9e0a0f12c96beb00d59
MP-PUN-2024-0136,PHOTO,/evidence/MP-PUN-2024-0136/photo_543.jpg,Site progress photo,2024-11-03,Field Officer App,sha256:93c30dc04519d096344dc1e762ec3e9d
MP-UP-2024-0148,PHOTO,/evidence/MP-UP-2024-0148/photo_664.jpg,Site progress photo,2025-01-26,Field Officer App,sha256:20203316b41a79f190015cc2b29215e2
MP-DEL-2024-0157,PHOTO,/evidence/MP-DEL-2024-0157/photo_354.jpg,Site progress photo,2024-11-01,Field Officer App,sha256:cf28719bab2d92ace640bee2ae2842b4
MP-NAG-2023-0150,PHOTO,/evidence/MP-NAG-2023-0150/photo_949.jpg,Site progress photo,2024-01-10,Field Officer App,sha256:b3869ef81ab0b465885a14754df4309d
MP-WB-2023-0140,PHOTO,/evidence/MP-WB-2023-0140/photo_624.jpg,Site progress photo,2024-03-22,Field Officer App,sha256:5d854f9f0e7759939a08b85493ce08c8
MP-MP-2023-0141,PHOTO,/evidence/MP-MP-2023-0141/photo_625.jpg,Site progress photo,2023-08-17,Field Officer App,sha256:a62edbf030ee2ae47a70ba8828b5c25e
MP-BHR-2023-0141,PHOTO,/evidence/MP-BHR-2023-0141/photo_645.jpg,Site progress photo,2023-08-21,Field Officer App,sha256:522e5f3637e461973b06ed005148fc52
MP-GUJ-2023-0119,PHOTO,/evidence/MP-GUJ-2023-0119/photo_202.jpg,Site progress photo,2024-02-22,Field Officer App,sha256:ca29632b110928a4f65faba196487398
MP-MP-2023-0142,PHOTO,/evidence/MP-MP-2023-0142/photo_496.jpg,Site progress photo,2024-03-21,Field Officer App,sha256:f80a7f5b0d4b410de8328cd3d5184f73
MP-MH-2024-0145,PHOTO,/evidence/MP-MH-2024-0145/photo_984.jpg,Site progress photo,2024-02-22,Field Officer App,sha256:860473400c7d780887f45c27cbef9f3d
MP-KAR-2022-0089,PHOTO,/evidence/MP-KAR-2022-0089/photo_467.jpg,Site progress photo,2023-03-10,Field Officer App,sha256:566078ee6cb8841d601106183556c1fb
MP-KER-2023-0143,PHOTO,/evidence/MP-KER-2023-0143/photo_712.jpg,Site progress photo,2023-10-15,Field Officer App,sha256:8ac66bb1aa513460e1bf88bfd87c6b0b
MP-KER-2024-0158,PHOTO,/evidence/MP-KER-2024-0158/photo_625.jpg,Site progress photo,2025-03-04,Field Officer App,sha256:f2c9355cce8657305d66223483a64cd8
MP-TN-2024-0138,PHOTO,/evidence/MP-TN-2024-0138/photo_932.jpg,Site progress photo,2024-08-13,Field Officer App,sha256:28b9fd95ca9d4526eb3b6987a7462e26
MP-BHR-2025-0102,PHOTO,/evidence/MP-BHR-2025-0102/photo_265.jpg,Site progress photo,2025-07-02,Field Officer App,sha256:111d0f7dfe001cc7b2dc7af4f90bde65
MP-KAR-2024-0157,PHOTO,/evidence/MP-KAR-2024-0157/photo_553.jpg,Site progress photo,2025-02-10,Field Officer App,sha256:584831c2768b0c3fe158f4ed205176b3
MP-TEL-2025-0095,PHOTO,/evidence/MP-TEL-2025-0095/photo_86.jpg,Site progress photo,2025-05-13,Field Officer App,sha256:ef5a390eeb913628041737cc93fcd88c
MP-UP-2023-0156,PHOTO,/evidence/MP-UP-2023-0156/photo_135.jpg,Site progress photo,2023-09-17,Field Officer App,sha256:005460cf81a4c0e5e968c4c35763a6f3
MP-PUN-2023-0127,PHOTO,/evidence/MP-PUN-2023-0127/photo_360.jpg,Site progress photo,2024-05-15,Field Officer App,sha256:829df5fa96434caf4d41e82296a1b210
MP-PUN-2023-0128,PHOTO,/evidence/MP-PUN-2023-0128/photo_763.jpg,Site progress photo,2024-02-03,Field Officer App,sha256:10ce58cd2e346c9e78c402c61b1eb400
MP-PUN-2024-0137,PHOTO,/evidence/MP-PUN-2024-0137/photo_884.jpg,Site progress photo,2025-01-13,Field Officer App,sha256:f4aee0cab217316e8cd1d4533842fe5e
MP-DEL-2024-0158,PHOTO,/evidence/MP-DEL-2024-0158/photo_675.jpg,Site progress photo,2024-06-18,Field Officer App,sha256:271a15e6f506b283900380ba61998cfc
MP-KAR-2024-0158,PHOTO,/evidence/MP-KAR-2024-0158/photo_231.jpg,Site progress photo,2024-07-10,Field Officer App,sha256:1f501da5e3436065bc9e2d96dc228eed
MP-ODI-2023-0175,PHOTO,/evidence/MP-ODI-2023-0175/photo_239.jpg,Site progress photo,2023-08-25,Field Officer App,sha256:37290759a6ce37659cf329fdc01a3e1d
MP-RAJ-2024-0151,PHOTO,/evidence/MP-RAJ-2024-0151/photo_439.jpg,Site progress photo,2024-11-29,Field Officer App,sha256:624f25764c7c4175147d778c5b251cf6
MP-ASM-2024-0168,PHOTO,/evidence/MP-ASM-2024-0168/photo_971.jpg,Site progress photo,2024-12-01,Field Officer App,sha256:267594df283508be9779c83e5409d24c
MP-KER-2025-0107,PHOTO,/evidence/MP-KER-2025-0107/photo_379.jpg,Site progress photo,2025-06-25,Field Officer App,sha256:c39cbf975bfeaadf5c437c2bba6aff9e
MP-UP-2025-0111,PHOTO,/evidence/MP-UP-2025-0111/photo_110.jpg,Site progress photo,2025-05-20,Field Officer App,sha256:7e8ae120c319fcde9e6e15388de2ea4b
MP-WB-2023-0141,PHOTO,/evidence/MP-WB-2023-0141/photo_729.jpg,Site progress photo,2024-01-19,Field Officer App,sha256:1880874ea31b09673a62baa0e05ec4d0
MP-KER-2023-0145,PHOTO,/evidence/MP-KER-2023-0145/photo_17.jpg,Site progress photo,2024-02-04,Field Officer App,sha256:0fd8ddf9001d8dc29926a8f998fd2977
MP-MH-2024-0146,PHOTO,/evidence/MP-MH-2024-0146/photo_556.jpg,Site progress photo,2025-06-30,Field Officer App,sha256:01aedae585d4a698c04dd973d6da48fe
MP-RAJ-2025-0108,PHOTO,/evidence/MP-RAJ-2025-0108/photo_501.jpg,Site progress photo,2026-03-01,Field Officer App,sha256:b4e17bff102d718270c442b6acfc40a5
MP-GUJ-2022-0087,PHOTO,/evidence/MP-GUJ-2022-0087/photo_695.jpg,Site progress photo,2023-03-05,Field Officer App,sha256:7422330c54eaaee4ab132f934b359c1d
MP-GUJ-2023-0120,PHOTO,/evidence/MP-GUJ-2023-0120/photo_330.jpg,Site progress photo,2023-06-20,Field Officer App,sha256:e0fe8c25e4585b555c5664429c5a8f58
MP-WB-2024-0139,PHOTO,/evidence/MP-WB-2024-0139/photo_857.jpg,Site progress photo,2024-10-12,Field Officer App,sha256:68996ab30c05727fb739d1142ae24d21
MP-BHR-2024-0149,PHOTO,/evidence/MP-BHR-2024-0149/photo_667.jpg,Site progress photo,2024-09-06,Field Officer App,sha256:82bff775a0229e8fd44468f7b731d2f0
MP-WB-2024-0140,PHOTO,/evidence/MP-WB-2024-0140/photo_25.jpg,Site progress photo,2024-08-03,Field Officer App,sha256:c37656f45f414c0e6b3095d68163ddcd
MP-BHR-2024-0150,PHOTO,/evidence/MP-BHR-2024-0150/photo_204.jpg,Site progress photo,2025-01-02,Field Officer App,sha256:cf8526b3e82cc8b0e7f81043a3756c15
MP-NAG-2025-0108,PHOTO,/evidence/MP-NAG-2025-0108/photo_458.jpg,Site progress photo,2025-09-20,Field Officer App,sha256:c1298f8bb727ea4946d977b2146cf7ff
MP-KAR-2023-0163,PHOTO,/evidence/MP-KAR-2023-0163/photo_413.jpg,Site progress photo,2023-10-11,Field Officer App,sha256:987d7176c5f68dba92be30ca1ad50156
MP-ODI-2025-0107,PHOTO,/evidence/MP-ODI-2025-0107/photo_156.jpg,Site progress photo,2026-02-20,Field Officer App,sha256:2ea208d140105fcc6d86853cc799b594
MP-ASM-2023-0156,PHOTO,/evidence/MP-ASM-2023-0156/photo_630.jpg,Site progress photo,2023-07-18,Field Officer App,sha256:518fd341ea086523f31a595a536176d4
MP-ODI-2024-0137,PHOTO,/evidence/MP-ODI-2024-0137/photo_178.jpg,Site progress photo,2024-08-20,Field Officer App,sha256:1ef0ea3f3d0cc05fe286daa0a2b257ef
MP-ODI-2024-0138,PHOTO,/evidence/MP-ODI-2024-0138/photo_87.jpg,Site progress photo,2024-09-29,Field Officer App,sha256:a52a56fa57b26ae69ca2cb6dfe7dad58
MP-TEL-2024-0139,PHOTO,/evidence/MP-TEL-2024-0139/photo_104.jpg,Site progress photo,2025-01-31,Field Officer App,sha256:ddfbc073f72b421419ea8b715411eb07
MP-NAG-2024-0131,PHOTO,/evidence/MP-NAG-2024-0131/photo_937.jpg,Site progress photo,2024-05-21,Field Officer App,sha256:449bf4bc9fc946c1d6ea455f32cdf47c
MP-ASM-2023-0157,PHOTO,/evidence/MP-ASM-2023-0157/photo_863.jpg,Site progress photo,2023-07-13,Field Officer App,sha256:2d06a1589c32d035a568161d77809649
MP-DEL-2023-0163,PHOTO,/evidence/MP-DEL-2023-0163/photo_820.jpg,Site progress photo,2023-08-03,Field Officer App,sha256:a34cbb585690577304da5340d263c7ae
MP-KER-2024-0159,PHOTO,/evidence/MP-KER-2024-0159/photo_331.jpg,Site progress photo,2024-10-01,Field Officer App,sha256:f5bab82ef499d31d16a108f7bddb2a17
MP-RAJ-2023-0137,PHOTO,/evidence/MP-RAJ-2023-0137/photo_999.jpg,Site progress photo,2024-04-17,Field Officer App,sha256:8d689eebe33030d817d760ef91d506dd
MP-ASM-2024-0170,PHOTO,/evidence/MP-ASM-2024-0170/photo_29.jpg,Site progress photo,2024-09-21,Field Officer App,sha256:86321e5e207e7d53b6c9a742e5493e69
MP-KAR-2023-0164,PHOTO,/evidence/MP-KAR-2023-0164/photo_24.jpg,Site progress photo,2023-06-18,Field Officer App,sha256:297529ebbb1c80bb36c4f5bf5e1502d8
MP-GUJ-2024-0138,PHOTO,/evidence/MP-GUJ-2024-0138/photo_398.jpg,Site progress photo,2024-05-30,Field Officer App,sha256:cac9db9534861212891353b91dd4b6fb
MP-GUJ-2025-0104,PHOTO,/evidence/MP-GUJ-2025-0104/photo_162.jpg,Site progress photo,2025-12-08,Field Officer App,sha256:b03f0d3721efebb36bd9e96f5141c182
MP-PUN-2023-0130,PHOTO,/evidence/MP-PUN-2023-0130/photo_687.jpg,Site progress photo,2023-06-02,Field Officer App,sha256:822946954b7d3e4bb4073ae4aab8cc0d
MP-PUN-2025-0111,PHOTO,/evidence/MP-PUN-2025-0111/photo_847.jpg,Site progress photo,2025-03-31,Field Officer App,sha256:d291c49010552cdec90ad86f2a66128c
MP-GUJ-2022-0088,PHOTO,/evidence/MP-GUJ-2022-0088/photo_981.jpg,Site progress photo,2023-06-12,Field Officer App,sha256:fdc174cab29ae6d7bdacd8d4812350b4
MP-TN-2022-0062,PHOTO,/evidence/MP-TN-2022-0062/photo_419.jpg,Site progress photo,2022-07-11,Field Officer App,sha256:d3b40812b25b1ad65c152c4e17cc31b5
MP-WB-2023-0142,PHOTO,/evidence/MP-WB-2023-0142/photo_60.jpg,Site progress photo,2023-11-11,Field Officer App,sha256:c529775db9bad07b2e22adce150ac29f
MP-TEL-2023-0137,PHOTO,/evidence/MP-TEL-2023-0137/photo_639.jpg,Site progress photo,2024-01-03,Field Officer App,sha256:c413ff6bcbe86dcfeda6d1d353f2db52
MP-PUN-2024-0138,PHOTO,/evidence/MP-PUN-2024-0138/photo_856.jpg,Site progress photo,2024-09-30,Field Officer App,sha256:435e31a757417affeece0cd22135685b
MP-KAR-2025-0125,PHOTO,/evidence/MP-KAR-2025-0125/photo_407.jpg,Site progress photo,2025-10-30,Field Officer App,sha256:cf470a6b502fa26512e154079905e7a2
MP-WB-2024-0141,PHOTO,/evidence/MP-WB-2024-0141/photo_613.jpg,Site progress photo,2024-01-30,Field Officer App,sha256:fe520d9f2c6c88bfb3dbe3ce7a4fafbf
MP-DEL-2024-0160,PHOTO,/evidence/MP-DEL-2024-0160/photo_992.jpg,Site progress photo,2025-02-15,Field Officer App,sha256:5b8b4069119d4bc82a32481c5fec2ee0
MP-MH-2023-0151,PHOTO,/evidence/MP-MH-2023-0151/photo_400.jpg,Site progress photo,2024-03-26,Field Officer App,sha256:e567723a4966585d7ce2295f7cec20f8
MP-ODI-2023-0177,PHOTO,/evidence/MP-ODI-2023-0177/photo_306.jpg,Site progress photo,2023-12-12,Field Officer App,sha256:792cf91ee827938ac17de10140ccc153
MP-KER-2023-0148,PHOTO,/evidence/MP-KER-2023-0148/photo_485.jpg,Site progress photo,2024-04-13,Field Officer App,sha256:d6c2affbae1dadfec52c4822fd28bbe6
MP-UP-2022-0086,PHOTO,/evidence/MP-UP-2022-0086/photo_232.jpg,Site progress photo,2022-12-25,Field Officer App,sha256:6e9c8405c9bb6f5cc75209ce8f301f79
MP-KAR-2024-0159,PHOTO,/evidence/MP-KAR-2024-0159/photo_360.jpg,Site progress photo,2024-02-11,Field Officer App,sha256:d4847904792c8b7efd12587680fd25c2
MP-ASM-2024-0171,PHOTO,/evidence/MP-ASM-2024-0171/photo_942.jpg,Site progress photo,2024-11-10,Field Officer App,sha256:2244d7466a7f3ec5e9d3de77235a7dda
MP-UP-2024-0150,PHOTO,/evidence/MP-UP-2024-0150/photo_686.jpg,Site progress photo,2024-03-08,Field Officer App,sha256:383bef855a57d5b85a65fd15ff703271
MP-ODI-2022-0099,PHOTO,/evidence/MP-ODI-2022-0099/photo_859.jpg,Site progress photo,2022-06-20,Field Officer App,sha256:253175e1da9b02d9ab3522ae01758620
MP-MH-2023-0152,PHOTO,/evidence/MP-MH-2023-0152/photo_582.jpg,Site progress photo,2023-06-13,Field Officer App,sha256:f5176ee8208b1d5076b70cd8e8f55b56
MP-PUN-2025-0112,PHOTO,/evidence/MP-PUN-2025-0112/photo_934.jpg,Site progress photo,2025-04-13,Field Officer App,sha256:733015a83512f9879928a5d8f3422d90
MP-MH-2025-0126,PHOTO,/evidence/MP-MH-2025-0126/photo_97.jpg,Site progress photo,2025-11-16,Field Officer App,sha256:3d44e74ffc3da355afd92497b76debb1
MP-NAG-2023-0152,PHOTO,/evidence/MP-NAG-2023-0152/photo_812.jpg,Site progress photo,2024-03-01,Field Officer App,sha256:dd34487c4f407bb2a297a92c5398ffdc
MP-RAJ-2025-0109,PHOTO,/evidence/MP-RAJ-2025-0109/photo_911.jpg,Site progress photo,2025-10-07,Field Officer App,sha256:c15043c9fa0bd849a0dc2ea4444e1429
MP-NAG-2024-0132,PHOTO,/evidence/MP-NAG-2024-0132/photo_201.jpg,Site progress photo,2024-09-11,Field Officer App,sha256:75c9e55bf12ac349afc3075157b2a9e4
MP-KAR-2024-0160,PHOTO,/evidence/MP-KAR-2024-0160/photo_341.jpg,Site progress photo,2024-12-07,Field Officer App,sha256:66a098e3e3b62819497185cf91d553cc
MP-WB-2023-0143,PHOTO,/evidence/MP-WB-2023-0143/photo_351.jpg,Site progress photo,2024-02-22,Field Officer App,sha256:31f6f3dca98162a1611671f3a1a466fc
MP-MH-2022-0084,PHOTO,/evidence/MP-MH-2022-0084/photo_246.jpg,Site progress photo,2022-11-18,Field Officer App,sha256:cdc147665f8dda7f1a5b6a49404c208e
MP-TN-2024-0140,PHOTO,/evidence/MP-TN-2024-0140/photo_230.jpg,Site progress photo,2024-01-18,Field Officer App,sha256:9c40a343413e1aa4cf848971fc104fcf
MP-MP-2023-0144,PHOTO,/evidence/MP-MP-2023-0144/photo_236.jpg,Site progress photo,2023-08-29,Field Officer App,sha256:fcabc563209abc666a183276cf824f05
MP-BHR-2024-0153,PHOTO,/evidence/MP-BHR-2024-0153/photo_348.jpg,Site progress photo,2024-10-21,Field Officer App,sha256:21196667ebc53d60b0529c10ff8398da
MP-TEL-2025-0096,PHOTO,/evidence/MP-TEL-2025-0096/photo_5.jpg,Site progress photo,2025-04-26,Field Officer App,sha256:da65fb8aa9e9f73c0ce9556e9b2f8069
MP-DEL-2025-0122,PHOTO,/evidence/MP-DEL-2025-0122/photo_58.jpg,Site progress photo,2025-10-06,Field Officer App,sha256:08ef353dd17a3c8b787424427860c9f9
MP-TEL-2022-0074,PHOTO,/evidence/MP-TEL-2022-0074/photo_670.jpg,Site progress photo,2023-02-13,Field Officer App,sha256:799c386b619322c476c4f70c83f16fd8
MP-KAR-2025-0126,PHOTO,/evidence/MP-KAR-2025-0126/photo_948.jpg,Site progress photo,2025-03-18,Field Officer App,sha256:3dbe8a4d8d1dfea0f5e8086cdb33052f
MP-GUJ-2024-0139,PHOTO,/evidence/MP-GUJ-2024-0139/photo_934.jpg,Site progress photo,2024-08-12,Field Officer App,sha256:2436dd287994a59bbccd4b4978fd8863
MP-BHR-2024-0154,PHOTO,/evidence/MP-BHR-2024-0154/photo_310.jpg,Site progress photo,2024-11-17,Field Officer App,sha256:28ce667efdaf7d852445cc9b6130a970
MP-RAJ-2022-0072,PHOTO,/evidence/MP-RAJ-2022-0072/photo_448.jpg,Site progress photo,2022-12-16,Field Officer App,sha256:7389cebb027e11e7779f312473d8d575
MP-ASM-2024-0172,PHOTO,/evidence/MP-ASM-2024-0172/photo_679.jpg,Site progress photo,2024-12-13,Field Officer App,sha256:4c87247a3cedbf1ea3309e28b780b602
MP-RAJ-2025-0110,PHOTO,/evidence/MP-RAJ-2025-0110/photo_221.jpg,Site progress photo,2025-12-09,Field Officer App,sha256:429e2b34df5fd314a0556168c8445c1a
MP-MP-2024-0146,PHOTO,/evidence/MP-MP-2024-0146/photo_391.jpg,Site progress photo,2024-07-22,Field Officer App,sha256:2a635db57acfd7d22dce3a3ab2dcaa60
MP-ASM-2024-0173,PHOTO,/evidence/MP-ASM-2024-0173/photo_179.jpg,Site progress photo,2024-08-09,Field Officer App,sha256:4bb2453de4fa67b1e517fe526d23c561
MP-ASM-2024-0174,PHOTO,/evidence/MP-ASM-2024-0174/photo_671.jpg,Site progress photo,2024-12-01,Field Officer App,sha256:c767dd8268c8241cc17a01099ed4ae36
MP-RAJ-2023-0142,PHOTO,/evidence/MP-RAJ-2023-0142/photo_13.jpg,Site progress photo,2024-03-27,Field Officer App,sha256:04683f1d6366750715621f7e2848a828
MP-GUJ-2022-0089,PHOTO,/evidence/MP-GUJ-2022-0089/photo_80.jpg,Site progress photo,2023-08-19,Field Officer App,sha256:4af0aec21304250a35ff4e393bfd0bcd
MP-MP-2024-0147,PHOTO,/evidence/MP-MP-2024-0147/photo_664.jpg,Site progress photo,2024-10-21,Field Officer App,sha256:6243bcce543fdb88de8ea6100470bbf8
MP-ASM-2022-0064,PHOTO,/evidence/MP-ASM-2022-0064/photo_226.jpg,Site progress photo,2022-08-11,Field Officer App,sha256:796defca6bedfd982c283929a2742ffc
MP-BHR-2023-0143,PHOTO,/evidence/MP-BHR-2023-0143/photo_470.jpg,Site progress photo,2024-06-04,Field Officer App,sha256:6a561cbc946d1b86e5cd4408ab8ed205
MP-RAJ-2023-0143,PHOTO,/evidence/MP-RAJ-2023-0143/photo_205.jpg,Site progress photo,2023-06-26,Field Officer App,sha256:eca4c62141da5a2c992c58514108aaba
MP-MP-2025-0119,PHOTO,/evidence/MP-MP-2025-0119/photo_743.jpg,Site progress photo,2025-07-29,Field Officer App,sha256:14d7308eed3ea8630491511bc0cc2a92
MP-MP-2024-0148,PHOTO,/evidence/MP-MP-2024-0148/photo_320.jpg,Site progress photo,2024-11-30,Field Officer App,sha256:a4cf57a11a02b438ec2d0338cdd2fd18
MP-WB-2025-0093,PHOTO,/evidence/MP-WB-2025-0093/photo_221.jpg,Site progress photo,2025-11-27,Field Officer App,sha256:8a6cbe730f127931fbde80d6688d74a5
MP-PUN-2024-0141,PHOTO,/evidence/MP-PUN-2024-0141/photo_740.jpg,Site progress photo,2024-05-15,Field Officer App,sha256:410f3d4bb45c9f974e9e0b43aeae75b4
MP-MH-2022-0086,PHOTO,/evidence/MP-MH-2022-0086/photo_513.jpg,Site progress photo,2022-09-13,Field Officer App,sha256:ff24b4a394d7a96cc4604c0b4a72f3ef
MP-BHR-2023-0144,PHOTO,/evidence/MP-BHR-2023-0144/photo_29.jpg,Site progress photo,2023-05-17,Field Officer App,sha256:935c3b8997cecb76838d4b4a24e8ead8
MP-KAR-2023-0168,PHOTO,/evidence/MP-KAR-2023-0168/photo_517.jpg,Site progress photo,2024-04-18,Field Officer App,sha256:005713822b5c056e4f8b1cd0ed5aa8ba
MP-DEL-2023-0165,PHOTO,/evidence/MP-DEL-2023-0165/photo_261.jpg,Site progress photo,2023-05-23,Field Officer App,sha256:a47e009a940c3af2a6d0590286e002d4
MP-WB-2023-0145,PHOTO,/evidence/MP-WB-2023-0145/photo_293.jpg,Site progress photo,2023-07-20,Field Officer App,sha256:fd7a83f1d72741e81ac121343414245b
MP-KAR-2025-0127,PHOTO,/evidence/MP-KAR-2025-0127/photo_834.jpg,Site progress photo,2025-10-19,Field Officer App,sha256:2e52949f4d1a01f7cbf7e5efed385e31
MP-BHR-2022-0094,PHOTO,/evidence/MP-BHR-2022-0094/photo_681.jpg,Site progress photo,2022-10-20,Field Officer App,sha256:f90ec23d32d72c500dcc57829971b147
MP-BHR-2024-0155,PHOTO,/evidence/MP-BHR-2024-0155/photo_300.jpg,Site progress photo,2024-08-01,Field Officer App,sha256:b330651ce8127890d7047a104a05e8c4
MP-UP-2024-0152,PHOTO,/evidence/MP-UP-2024-0152/photo_340.jpg,Site progress photo,2024-06-01,Field Officer App,sha256:5acc859bd84a97c236a57cff3da15b45
MP-WB-2023-0146,PHOTO,/evidence/MP-WB-2023-0146/photo_565.jpg,Site progress photo,2023-09-23,Field Officer App,sha256:136b7df971db4c3d8fc639e56e4c1512
MP-ODI-2023-0179,PHOTO,/evidence/MP-ODI-2023-0179/photo_542.jpg,Site progress photo,2023-12-16,Field Officer App,sha256:951705211e8b14f12513d7f65ce0d580
MP-WB-2023-0147,PHOTO,/evidence/MP-WB-2023-0147/photo_517.jpg,Site progress photo,2023-05-12,Field Officer App,sha256:54ee7743ba49e3c63abbb71ac32ca00f
MP-PUN-2023-0132,PHOTO,/evidence/MP-PUN-2023-0132/photo_504.jpg,Site progress photo,2023-05-20,Field Officer App,sha256:e2c43cc35a7a92c077c9964ec6f76051
MP-UP-2023-0157,PHOTO,/evidence/MP-UP-2023-0157/photo_391.jpg,Site progress photo,2023-09-09,Field Officer App,sha256:1eca10f604c320ad69c1d4e7dad7f281
MP-RAJ-2024-0152,PHOTO,/evidence/MP-RAJ-2024-0152/photo_616.jpg,Site progress photo,2024-08-28,Field Officer App,sha256:b1cf8c7479f992ac49feddd192c18f51
MP-TN-2023-0133,PHOTO,/evidence/MP-TN-2023-0133/photo_115.jpg,Site progress photo,2023-08-23,Field Officer App,sha256:15f6b9863548d1a4c46caf15ff290fcd
MP-KAR-2023-0170,PHOTO,/evidence/MP-KAR-2023-0170/photo_155.jpg,Site progress photo,2023-03-28,Field Officer App,sha256:4cf45fcb82b83486f746a7b8fd5fe18a
MP-WB-2025-0094,PHOTO,/evidence/MP-WB-2025-0094/photo_249.jpg,Site progress photo,2026-01-26,Field Officer App,sha256:3c2a48e9b91a5dd5258b90c96eba32fb
MP-KAR-2025-0128,PHOTO,/evidence/MP-KAR-2025-0128/photo_142.jpg,Site progress photo,2025-09-01,Field Officer App,sha256:71ca7f47870e6e0bd660077791b7150c
MP-PUN-2023-0133,PHOTO,/evidence/MP-PUN-2023-0133/photo_330.jpg,Site progress photo,2023-09-29,Field Officer App,sha256:6f5cf88f4782df124c8604d32bb1cb0c
MP-KAR-2025-0129,PHOTO,/evidence/MP-KAR-2025-0129/photo_152.jpg,Site progress photo,2025-08-08,Field Officer App,sha256:fb57c3c8d67b0ed003752057aef25a49
MP-BHR-2025-0104,PHOTO,/evidence/MP-BHR-2025-0104/photo_888.jpg,Site progress photo,2025-03-23,Field Officer App,sha256:704c3cc703d5d3a9c27af3f59214d5a4
MP-RAJ-2022-0073,PHOTO,/evidence/MP-RAJ-2022-0073/photo_702.jpg,Site progress photo,2023-01-30,Field Officer App,sha256:a76c301a0aac3d10828aa9104f97b0e2
MP-ASM-2024-0175,PHOTO,/evidence/MP-ASM-2024-0175/photo_52.jpg,Site progress photo,2025-02-13,Field Officer App,sha256:9cfbdbca7468f0d7d193a5f81749648c
MP-NAG-2024-0134,PHOTO,/evidence/MP-NAG-2024-0134/photo_479.jpg,Site progress photo,2024-04-09,Field Officer App,sha256:e60427780128486cb7eedbaea92203f4
MP-BHR-2023-0146,PHOTO,/evidence/MP-BHR-2023-0146/photo_822.jpg,Site progress photo,2023-12-08,Field Officer App,sha256:0bf1544cae172e03a712da34319c7bd5
MP-ODI-2024-0140,PHOTO,/evidence/MP-ODI-2024-0140/photo_321.jpg,Site progress photo,2025-02-12,Field Officer App,sha256:a1b89cda5946c8a1052807ddc501aa35
MP-DEL-2025-0124,PHOTO,/evidence/MP-DEL-2025-0124/photo_717.jpg,Site progress photo,2025-03-27,Field Officer App,sha256:e0151ba163e67c859a58fa7e23a01465
MP-TEL-2024-0141,PHOTO,/evidence/MP-TEL-2024-0141/photo_694.jpg,Site progress photo,2025-03-15,Field Officer App,sha256:31c60440fd517f4d10e19f50bff0a2a6
MP-BHR-2022-0096,PHOTO,/evidence/MP-BHR-2022-0096/photo_858.jpg,Site progress photo,2023-01-27,Field Officer App,sha256:1a49d5b9a4ed66379e1d8203af93d069
MP-KER-2022-0097,PHOTO,/evidence/MP-KER-2022-0097/photo_394.jpg,Site progress photo,2023-01-01,Field Officer App,sha256:f84d522f43862c59b4b02550d1efd5b7
MP-KAR-2024-0163,PHOTO,/evidence/MP-KAR-2024-0163/photo_674.jpg,Site progress photo,2024-07-03,Field Officer App,sha256:99e27cbeda003e4a6c3fd16a0e206d87
MP-MP-2025-0120,PHOTO,/evidence/MP-MP-2025-0120/photo_40.jpg,Site progress photo,2025-06-17,Field Officer App,sha256:93af8c5dbb06e18b9f4c7ac25aad3341
MP-WB-2023-0148,PHOTO,/evidence/MP-WB-2023-0148/photo_640.jpg,Site progress photo,2023-12-07,Field Officer App,sha256:4a3776aa15e1960e625ba63eb2faa6a3
MP-UP-2024-0153,PHOTO,/evidence/MP-UP-2024-0153/photo_127.jpg,Site progress photo,2024-11-27,Field Officer App,sha256:f9083630db25c48a23d0a475f77b5119
MP-PUN-2024-0143,PHOTO,/evidence/MP-PUN-2024-0143/photo_300.jpg,Site progress photo,2024-05-06,Field Officer App,sha256:250bb43ee54dc3149d1ade1897c0a457
MP-DEL-2022-0081,PHOTO,/evidence/MP-DEL-2022-0081/photo_353.jpg,Site progress photo,2023-03-28,Field Officer App,sha256:014246c9a75a133453d9bc8cb8ef1515
MP-RAJ-2022-0074,PHOTO,/evidence/MP-RAJ-2022-0074/photo_78.jpg,Site progress photo,2022-08-23,Field Officer App,sha256:6edd4fa1c43ff2475493673a2f280d4a
MP-MH-2025-0127,PHOTO,/evidence/MP-MH-2025-0127/photo_125.jpg,Site progress photo,2025-11-18,Field Officer App,sha256:a9a0e797dfb02aa4ed4253f73a6b750a
MP-NAG-2025-0110,PHOTO,/evidence/MP-NAG-2025-0110/photo_794.jpg,Site progress photo,2025-12-13,Field Officer App,sha256:049189a57940caa3e3dfa3aae17e4642
MP-PUN-2024-0145,PHOTO,/evidence/MP-PUN-2024-0145/photo_193.jpg,Site progress photo,2024-08-13,Field Officer App,sha256:1b652779bfb5c04ff2797dd5a0cb4225
MP-GUJ-2025-0105,PHOTO,/evidence/MP-GUJ-2025-0105/photo_339.jpg,Site progress photo,2025-06-30,Field Officer App,sha256:a677545bd1725d465ef3187f65494712
MP-WB-2023-0149,PHOTO,/evidence/MP-WB-2023-0149/photo_554.jpg,Site progress photo,2024-01-14,Field Officer App,sha256:d7611b296a2762f047679b2df946a004
MP-ODI-2025-0108,PHOTO,/evidence/MP-ODI-2025-0108/photo_474.jpg,Site progress photo,2025-07-06,Field Officer App,sha256:992badd4d5846a12d942324d97032c8d
MP-GUJ-2023-0123,PHOTO,/evidence/MP-GUJ-2023-0123/photo_793.jpg,Site progress photo,2024-05-29,Field Officer App,sha256:8fde798d550c7deb10726618491a24a5
MP-TEL-2025-0099,PHOTO,/evidence/MP-TEL-2025-0099/photo_65.jpg,Site progress photo,2025-10-11,Field Officer App,sha256:5b6f9c986df9072bce76f0c0a3f4eea8
MP-KAR-2023-0171,PHOTO,/evidence/MP-KAR-2023-0171/photo_218.jpg,Site progress photo,2023-11-05,Field Officer App,sha256:0e998684290cdd7e59dff1946c61c4f9
MP-ASM-2024-0176,PHOTO,/evidence/MP-ASM-2024-0176/photo_391.jpg,Site progress photo,2025-02-08,Field Officer App,sha256:bf7808e2a0ec012a069a4537a0191cdf
MP-UP-2023-0159,PHOTO,/evidence/MP-UP-2023-0159/photo_879.jpg,Site progress photo,2023-10-29,Field Officer App,sha256:df9d0c907df247360b1c1495d7a204ce
MP-TN-2025-0098,PHOTO,/evidence/MP-TN-2025-0098/photo_35.jpg,Site progress photo,2025-06-05,Field Officer App,sha256:3ad15b21a73275ed079c15be3977f7ef
MP-UP-2023-0160,PHOTO,/evidence/MP-UP-2023-0160/photo_458.jpg,Site progress photo,2023-10-20,Field Officer App,sha256:bb9e802407c9215d97b8e0e43299c003
MP-ASM-2024-0177,PHOTO,/evidence/MP-ASM-2024-0177/photo_481.jpg,Site progress photo,2024-03-15,Field Officer App,sha256:d7bb0763337e4c3941e6e2bdd7a7f5b3
MP-MH-2025-0129,PHOTO,/evidence/MP-MH-2025-0129/photo_54.jpg,Site progress photo,2025-06-19,Field Officer App,sha256:5447837e012a621b841b54fa17a588bd
MP-DEL-2023-0166,PHOTO,/evidence/MP-DEL-2023-0166/photo_342.jpg,Site progress photo,2023-12-31,Field Officer App,sha256:48794809c3a9047a2af7acc1f636cf55
MP-RAJ-2023-0144,PHOTO,/evidence/MP-RAJ-2023-0144/photo_58.jpg,Site progress photo,2023-10-02,Field Officer App,sha256:ea1905a61c945cb9d21e3f37099685ff
MP-KER-2025-0112,PHOTO,/evidence/MP-KER-2025-0112/photo_493.jpg,Site progress photo,2025-04-08,Field Officer App,sha256:7af0c34efe61c59d0fae753166d71a7e
MP-TN-2022-0064,PHOTO,/evidence/MP-TN-2022-0064/photo_393.jpg,Site progress photo,2023-02-14,Field Officer App,sha256:7a7c20822250953fe173565f9ae15443
MP-MH-2023-0154,PHOTO,/evidence/MP-MH-2023-0154/photo_941.jpg,Site progress photo,2023-03-16,Field Officer App,sha256:16bdfccf617d3b55cdb83ed853a7fe9b
MP-PUN-2025-0114,PHOTO,/evidence/MP-PUN-2025-0114/photo_481.jpg,Site progress photo,2025-05-10,Field Officer App,sha256:5c902471d2258e192ad8be836a889e53
MP-PUN-2022-0080,PHOTO,/evidence/MP-PUN-2022-0080/photo_470.jpg,Site progress photo,2022-12-16,Field Officer App,sha256:a362239fc64effce698f658c66150715
MP-NAG-2023-0154,PHOTO,/evidence/MP-NAG-2023-0154/photo_522.jpg,Site progress photo,2023-06-09,Field Officer App,sha256:3b584208c47092d7d0bb803bcaee830b
MP-RAJ-2025-0113,PHOTO,/evidence/MP-RAJ-2025-0113/photo_929.jpg,Site progress photo,2025-06-14,Field Officer App,sha256:b7ecee4bff1a39324e0ec78da4fa8685
MP-BHR-2025-0107,PHOTO,/evidence/MP-BHR-2025-0107/photo_345.jpg,Site progress photo,2025-03-03,Field Officer App,sha256:9ea1764b7fb6355504981a42b5bf317a
MP-TN-2022-0065,PHOTO,/evidence/MP-TN-2022-0065/photo_690.jpg,Site progress photo,2023-03-14,Field Officer App,sha256:ef7a53c31f94f300f05444649c00c8c5
MP-DEL-2022-0082,PHOTO,/evidence/MP-DEL-2022-0082/photo_801.jpg,Site progress photo,2023-05-15,Field Officer App,sha256:4062f1fa1acbcc57650683aeb552f41b
MP-GUJ-2023-0125,PHOTO,/evidence/MP-GUJ-2023-0125/photo_979.jpg,Site progress photo,2024-03-18,Field Officer App,sha256:96e4807bb2e8759d935ca5703afd8167
MP-PUN-2025-0115,PHOTO,/evidence/MP-PUN-2025-0115/photo_420.jpg,Site progress photo,2025-09-14,Field Officer App,sha256:c9ffed864a488036e25b5f8a33824043
MP-MP-2025-0122,PHOTO,/evidence/MP-MP-2025-0122/photo_83.jpg,Site progress photo,2025-09-02,Field Officer App,sha256:3b3ad8f60cb4fc0977b271fc14411df2
MP-MH-2023-0155,PHOTO,/evidence/MP-MH-2023-0155/photo_827.jpg,Site progress photo,2023-12-31,Field Officer App,sha256:39b0472cead5824e9ba70c73241bc789
MP-DEL-2024-0162,PHOTO,/evidence/MP-DEL-2024-0162/photo_202.jpg,Site progress photo,2024-12-12,Field Officer App,sha256:f3dc2e794d9f6adfc90ccab8b42959c3
MP-TEL-2022-0076,PHOTO,/evidence/MP-TEL-2022-0076/photo_470.jpg,Site progress photo,2022-12-03,Field Officer App,sha256:23d72cfe9c77525f848678cc7f872b7b
MP-WB-2023-0151,PHOTO,/evidence/MP-WB-2023-0151/photo_257.jpg,Site progress photo,2024-04-18,Field Officer App,sha256:3fbdbdde5a8a38dfa74963a237d276be
MP-KAR-2024-0164,PHOTO,/evidence/MP-KAR-2024-0164/photo_450.jpg,Site progress photo,2024-08-02,Field Officer App,sha256:396eb41e3c306fc1a3742d232320f9a7
MP-UP-2022-0089,PHOTO,/evidence/MP-UP-2022-0089/photo_540.jpg,Site progress photo,2022-12-18,Field Officer App,sha256:fb8df16175b9031edb8a3003b69c0a56
MP-ODI-2024-0141,PHOTO,/evidence/MP-ODI-2024-0141/photo_129.jpg,Site progress photo,2024-09-28,Field Officer App,sha256:1df4b716901a19779e3c04bd3b64cd60
MP-TN-2024-0143,PHOTO,/evidence/MP-TN-2024-0143/photo_169.jpg,Site progress photo,2024-07-22,Field Officer App,sha256:e3acaf9cc5e4867ee2fccf082d1dab6c
MP-RAJ-2025-0114,PHOTO,/evidence/MP-RAJ-2025-0114/photo_823.jpg,Site progress photo,2025-03-19,Field Officer App,sha256:c0951be90facd12c0db5b5543411ea63
MP-TEL-2023-0141,PHOTO,/evidence/MP-TEL-2023-0141/photo_520.jpg,Site progress photo,2023-12-02,Field Officer App,sha256:093e478bfa365d0c7a387b1b2062e1f8
MP-ASM-2023-0161,PHOTO,/evidence/MP-ASM-2023-0161/photo_709.jpg,Site progress photo,2024-05-20,Field Officer App,sha256:97058d3b9d2e8fa7a48e9d5338182908
MP-KER-2023-0149,PHOTO,/evidence/MP-KER-2023-0149/photo_710.jpg,Site progress photo,2023-07-24,Field Officer App,sha256:e60044cd8e69600e8af866f415c2bbff
MP-GUJ-2023-0126,PHOTO,/evidence/MP-GUJ-2023-0126/photo_280.jpg,Site progress photo,2023-10-13,Field Officer App,sha256:6c4d2feffca91e644f268fb85d1ad375
MP-PUN-2024-0147,PHOTO,/evidence/MP-PUN-2024-0147/photo_287.jpg,Site progress photo,2024-07-01,Field Officer App,sha256:8a21ebe5759990c2a73849385e9d7ebe
MP-BHR-2024-0158,PHOTO,/evidence/MP-BHR-2024-0158/photo_89.jpg,Site progress photo,2025-01-03,Field Officer App,sha256:3f30c9b0a7a31b16e985809a1bd73062
MP-PUN-2024-0148,PHOTO,/evidence/MP-PUN-2024-0148/photo_966.jpg,Site progress photo,2025-01-24,Field Officer App,sha256:19aede3cc237416bccdec1a5125666f2
MP-WB-2025-0095,PHOTO,/evidence/MP-WB-2025-0095/photo_338.jpg,Site progress photo,2025-12-11,Field Officer App,sha256:5b66e5c2df3c16c59aa104d2d17debdc
MP-RAJ-2024-0154,PHOTO,/evidence/MP-RAJ-2024-0154/photo_292.jpg,Site progress photo,2024-04-15,Field Officer App,sha256:5274700f97764512d1382b260ba1ccd0
MP-MP-2024-0151,PHOTO,/evidence/MP-MP-2024-0151/photo_200.jpg,Site progress photo,2024-07-22,Field Officer App,sha256:9e66f705b01d8f94e2d90b5fa15ad77f
MP-TEL-2023-0142,PHOTO,/evidence/MP-TEL-2023-0142/photo_914.jpg,Site progress photo,2024-03-10,Field Officer App,sha256:50604806f1bdea15c7af654ec1bd0f11
MP-ASM-2025-0109,PHOTO,/evidence/MP-ASM-2025-0109/photo_735.jpg,Site progress photo,2025-04-21,Field Officer App,sha256:924d7696a9057146e5bb16f397143ffe
MP-KAR-2025-0130,PHOTO,/evidence/MP-KAR-2025-0130/photo_74.jpg,Site progress photo,2025-09-13,Field Officer App,sha256:9f3f9a9c5f4c2676e79337beb5d16129
MP-MH-2025-0132,PHOTO,/evidence/MP-MH-2025-0132/photo_631.jpg,Site progress photo,2025-09-16,Field Officer App,sha256:c30c5fea722b572b9ab21ed3e420f4ae
MP-MP-2024-0152,PHOTO,/evidence/MP-MP-2024-0152/photo_994.jpg,Site progress photo,2024-10-31,Field Officer App,sha256:ccf74d5f7f25429c11d7cfd8bbb2dab6
MP-KAR-2024-0166,PHOTO,/evidence/MP-KAR-2024-0166/photo_244.jpg,Site progress photo,2025-02-15,Field Officer App,sha256:c83b10b87aafdaec855527b85e6de207
MP-TN-2024-0145,PHOTO,/evidence/MP-TN-2024-0145/photo_654.jpg,Site progress photo,2025-03-07,Field Officer App,sha256:ebf02064cdf5a57fa88947af59270797
MP-DEL-2023-0168,PHOTO,/evidence/MP-DEL-2023-0168/photo_154.jpg,Site progress photo,2023-10-02,Field Officer App,sha256:ea6e790566d69b14344b976dc499ff75
MP-UP-2024-0155,PHOTO,/evidence/MP-UP-2024-0155/photo_284.jpg,Site progress photo,2025-01-27,Field Officer App,sha256:c35ac05d52663770b78255b51679b719
MP-GUJ-2022-0091,PHOTO,/evidence/MP-GUJ-2022-0091/photo_688.jpg,Site progress photo,2022-12-23,Field Officer App,sha256:84f57cb0d2c7ea6805a79545e1f6c1b6
MP-KAR-2022-0091,PHOTO,/evidence/MP-KAR-2022-0091/photo_403.jpg,Site progress photo,2022-12-26,Field Officer App,sha256:f83ed4d08bf5494b390096bf662e14d5
MP-BHR-2024-0160,PHOTO,/evidence/MP-BHR-2024-0160/photo_497.jpg,Site progress photo,2024-08-09,Field Officer App,sha256:05904108f66d3e1a7e571cd72a8279e9
MP-KAR-2023-0173,PHOTO,/evidence/MP-KAR-2023-0173/photo_525.jpg,Site progress photo,2023-09-26,Field Officer App,sha256:87cd48612d2d8a5cfa1eddbcc8547f41
MP-ODI-2023-0181,PHOTO,/evidence/MP-ODI-2023-0181/photo_171.jpg,Site progress photo,2024-06-08,Field Officer App,sha256:c28f9f4e167a20f2d8493c3e1eb17b79
MP-PUN-2022-0081,PHOTO,/evidence/MP-PUN-2022-0081/photo_850.jpg,Site progress photo,2022-08-23,Field Officer App,sha256:2bc2590d65e455f62d1c736675566b27
MP-TEL-2023-0144,PHOTO,/evidence/MP-TEL-2023-0144/photo_947.jpg,Site progress photo,2023-06-25,Field Officer App,sha256:cb242911b8b262ed85e225611459a08c
MP-GUJ-2024-0140,PHOTO,/evidence/MP-GUJ-2024-0140/photo_508.jpg,Site progress photo,2024-09-11,Field Officer App,sha256:1270b81b80b67b9fe77d938a871b1005
MP-PUN-2024-0149,PHOTO,/evidence/MP-PUN-2024-0149/photo_115.jpg,Site progress photo,2025-04-24,Field Officer App,sha256:9fa0ba63fa7def365c52b6ffe96a7f73
MP-DEL-2024-0164,PHOTO,/evidence/MP-DEL-2024-0164/photo_106.jpg,Site progress photo,2025-06-06,Field Officer App,sha256:21652e6b9f4cc9edc8a75744ea463048
MP-TN-2023-0134,PHOTO,/evidence/MP-TN-2023-0134/photo_477.jpg,Site progress photo,2024-01-01,Field Officer App,sha256:28b2eaa9c67bdf0e98a00594c54870e3
MP-NAG-2024-0138,PHOTO,/evidence/MP-NAG-2024-0138/photo_493.jpg,Site progress photo,2025-03-10,Field Officer App,sha256:db904e765873188ade098c6b27a411a1
MP-ODI-2022-0101,PHOTO,/evidence/MP-ODI-2022-0101/photo_374.jpg,Site progress photo,2023-01-06,Field Officer App,sha256:ab8d94ca27255f365ee47644db509a06
MP-MH-2022-0089,PHOTO,/evidence/MP-MH-2022-0089/photo_79.jpg,Site progress photo,2022-12-08,Field Officer App,sha256:3fcebc63cf506c522500b060f5e7236e
MP-ODI-2024-0142,PHOTO,/evidence/MP-ODI-2024-0142/photo_319.jpg,Site progress photo,2024-08-29,Field Officer App,sha256:538510f1d209a83001c300f3b940248f
MP-BHR-2024-0161,PHOTO,/evidence/MP-BHR-2024-0161/photo_691.jpg,Site progress photo,2025-04-08,Field Officer App,sha256:399d74577f92f8e6e572d4b05bf309e9
MP-WB-2024-0144,PHOTO,/evidence/MP-WB-2024-0144/photo_350.jpg,Site progress photo,2024-03-22,Field Officer App,sha256:098f64fb27a5303d1008811a61a79bdf
MP-DEL-2025-0126,PHOTO,/evidence/MP-DEL-2025-0126/photo_693.jpg,Site progress photo,2026-04-07,Field Officer App,sha256:a49f47a5230f9c3bf2aaa08df0cc16db
MP-KAR-2025-0131,PHOTO,/evidence/MP-KAR-2025-0131/photo_222.jpg,Site progress photo,2025-12-13,Field Officer App,sha256:6acdde7292af061b54a38459d1505029
MP-DEL-2022-0085,PHOTO,/evidence/MP-DEL-2022-0085/photo_186.jpg,Site progress photo,2023-03-23,Field Officer App,sha256:d54f2651cce80d056dd1d561800958e8
MP-MH-2023-0156,PHOTO,/evidence/MP-MH-2023-0156/photo_387.jpg,Site progress photo,2024-05-28,Field Officer App,sha256:e68564ef3cb9aba102b8964ccc86d4d7
MP-BHR-2024-0162,PHOTO,/evidence/MP-BHR-2024-0162/photo_286.jpg,Site progress photo,2024-07-04,Field Officer App,sha256:895ebb9d6423e0f715bc3803bffa2462
MP-MH-2022-0090,PHOTO,/evidence/MP-MH-2022-0090/photo_311.jpg,Site progress photo,2022-12-18,Field Officer App,sha256:9f38368bfd44adc109ac28bcbd8faf82
MP-GUJ-2023-0127,PHOTO,/evidence/MP-GUJ-2023-0127/photo_257.jpg,Site progress photo,2023-07-24,Field Officer App,sha256:aac361451beaea6b10a3afa9411ab650
MP-ODI-2022-0102,PHOTO,/evidence/MP-ODI-2022-0102/photo_400.jpg,Site progress photo,2023-05-11,Field Officer App,sha256:75dfc9cb0d052c6b5364b89c8cc06f51
MP-MP-2024-0153,PHOTO,/evidence/MP-MP-2024-0153/photo_836.jpg,Site progress photo,2024-11-03,Field Officer App,sha256:0d8152a4d612e7ba495021a41b774ee6
MP-TEL-2022-0077,PHOTO,/evidence/MP-TEL-2022-0077/photo_714.jpg,Site progress photo,2022-10-26,Field Officer App,sha256:53f8284c5237adb772bfacd0f2434d9d
MP-MP-2025-0123,PHOTO,/evidence/MP-MP-2025-0123/photo_842.jpg,Site progress photo,2025-07-10,Field Officer App,sha256:1a6e321a61a597d3266b49551121b979
MP-MP-2023-0145,PHOTO,/evidence/MP-MP-2023-0145/photo_635.jpg,Site progress photo,2023-06-15,Field Officer App,sha256:4b3975e594ea5591f12cab1e4c5797e9
MP-MH-2023-0157,PHOTO,/evidence/MP-MH-2023-0157/photo_651.jpg,Site progress photo,2024-01-28,Field Officer App,sha256:c899e6ef4a39c0677df09c6681ebaaaf
MP-KAR-2023-0174,PHOTO,/evidence/MP-KAR-2023-0174/photo_223.jpg,Site progress photo,2023-05-31,Field Officer App,sha256:5861a5522d8969b67bfa61e05aa48799
MP-RAJ-2023-0145,PHOTO,/evidence/MP-RAJ-2023-0145/photo_118.jpg,Site progress photo,2024-04-18,Field Officer App,sha256:19cf961502e8c1cdfd74c251e678548e
MP-ODI-2025-0112,PHOTO,/evidence/MP-ODI-2025-0112/photo_703.jpg,Site progress photo,2025-11-27,Field Officer App,sha256:455b40d613ab4aa5635bd85b633717f5
MP-MH-2024-0150,PHOTO,/evidence/MP-MH-2024-0150/photo_298.jpg,Site progress photo,2024-07-19,Field Officer App,sha256:2b734395fbb08619cdaf73568575d815
MP-UP-2022-0092,PHOTO,/evidence/MP-UP-2022-0092/photo_540.jpg,Site progress photo,2022-09-13,Field Officer App,sha256:bc54d276f5f5390de0227bc7224fda65
MP-TN-2025-0099,PHOTO,/evidence/MP-TN-2025-0099/photo_524.jpg,Site progress photo,2025-05-09,Field Officer App,sha256:37e92edf8e608fc80d9075be91ec0edc
MP-NAG-2024-0140,PHOTO,/evidence/MP-NAG-2024-0140/photo_242.jpg,Site progress photo,2024-08-25,Field Officer App,sha256:500e9d2bb3bb71bd6dc30af5a24c6280
MP-BHR-2022-0099,PHOTO,/evidence/MP-BHR-2022-0099/photo_317.jpg,Site progress photo,2023-06-18,Field Officer App,sha256:fe6bec904c4396148d4c6b6cc0e02a47
MP-DEL-2022-0086,PHOTO,/evidence/MP-DEL-2022-0086/photo_475.jpg,Site progress photo,2023-01-21,Field Officer App,sha256:6d38b702fd6696e3c8f75354f0db2454
MP-MP-2024-0154,PHOTO,/evidence/MP-MP-2024-0154/photo_343.jpg,Site progress photo,2024-08-08,Field Officer App,sha256:739ea001650943944d04a54f3fe86258
MP-ODI-2023-0183,PHOTO,/evidence/MP-ODI-2023-0183/photo_489.jpg,Site progress photo,2023-07-25,Field Officer App,sha256:73c8b9c6545556f2af2eb21365baa818
MP-ODI-2022-0103,PHOTO,/evidence/MP-ODI-2022-0103/photo_585.jpg,Site progress photo,2022-11-18,Field Officer App,sha256:698011d76eae4f652867ac8c33ebab01
MP-GUJ-2022-0092,PHOTO,/evidence/MP-GUJ-2022-0092/photo_310.jpg,Site progress photo,2023-06-07,Field Officer App,sha256:109fd3a2761268c540202089285da416
MP-MH-2023-0158,PHOTO,/evidence/MP-MH-2023-0158/photo_860.jpg,Site progress photo,2024-01-09,Field Officer App,sha256:09614871840e0ac9300fe78a14a22657
MP-ASM-2025-0111,PHOTO,/evidence/MP-ASM-2025-0111/photo_89.jpg,Site progress photo,2025-12-07,Field Officer App,sha256:2628c6a313ba2c8a0963aa4a343ea074
MP-BHR-2025-0108,PHOTO,/evidence/MP-BHR-2025-0108/photo_244.jpg,Site progress photo,2026-03-11,Field Officer App,sha256:b3730225978ddd2bbee7d8830eff2b5a
MP-TEL-2024-0143,PHOTO,/evidence/MP-TEL-2024-0143/photo_399.jpg,Site progress photo,2024-07-31,Field Officer App,sha256:07503e3fc789813b1e4aa341d84c3d7f
MP-KER-2024-0163,PHOTO,/evidence/MP-KER-2024-0163/photo_210.jpg,Site progress photo,2024-07-14,Field Officer App,sha256:adf5952625b176379656924421db20db
MP-KER-2023-0152,PHOTO,/evidence/MP-KER-2023-0152/photo_419.jpg,Site progress photo,2024-01-20,Field Officer App,sha256:84546257ff35e382955dcf1114631e64
MP-TEL-2023-0145,PHOTO,/evidence/MP-TEL-2023-0145/photo_798.jpg,Site progress photo,2023-11-13,Field Officer App,sha256:225bebba3496031e4f3fc87ba847701b
MP-GUJ-2022-0093,PHOTO,/evidence/MP-GUJ-2022-0093/photo_265.jpg,Site progress photo,2023-02-04,Field Officer App,sha256:a310a440c6eda540f190c459db7d8437
MP-TN-2025-0100,PHOTO,/evidence/MP-TN-2025-0100/photo_721.jpg,Site progress photo,2025-04-02,Field Officer App,sha256:9c3705e0cc58404a9c1136eed748096a
MP-NAG-2025-0111,PHOTO,/evidence/MP-NAG-2025-0111/photo_410.jpg,Site progress photo,2025-09-22,Field Officer App,sha256:2a499c659a9354ba41dc996de9c5ad55
MP-MH-2024-0151,PHOTO,/evidence/MP-MH-2024-0151/photo_871.jpg,Site progress photo,2025-03-24,Field Officer App,sha256:950f9eeae53fb7a3db3c54b9e4e433c3
MP-ASM-2023-0165,PHOTO,/evidence/MP-ASM-2023-0165/photo_390.jpg,Site progress photo,2023-12-09,Field Officer App,sha256:a76b40839c2548b93200c35e9c054fbb
MP-BHR-2025-0109,PHOTO,/evidence/MP-BHR-2025-0109/photo_51.jpg,Site progress photo,2026-03-08,Field Officer App,sha256:739dcabf6011da02ce226dabf5dc46e3
MP-WB-2024-0147,PHOTO,/evidence/MP-WB-2024-0147/photo_960.jpg,Site progress photo,2024-12-11,Field Officer App,sha256:1d3498afa0779fdc6475e2d443e15bf7
MP-PUN-2022-0082,PHOTO,/evidence/MP-PUN-2022-0082/photo_684.jpg,Site progress photo,2022-10-31,Field Officer App,sha256:7d8e03840b60c4784b8a745764709b4c
MP-PUN-2024-0152,PHOTO,/evidence/MP-PUN-2024-0152/photo_182.jpg,Site progress photo,2024-06-19,Field Officer App,sha256:3dd16e784c9764818e3715a0369db13c
MP-TN-2025-0101,PHOTO,/evidence/MP-TN-2025-0101/photo_962.jpg,Site progress photo,2025-06-21,Field Officer App,sha256:1645a8656e297d0dcd2db03a48651e21
MP-MP-2025-0124,PHOTO,/evidence/MP-MP-2025-0124/photo_794.jpg,Site progress photo,2025-10-07,Field Officer App,sha256:14b53b1d05b7d1961c28f41f13fdedb1
MP-ASM-2025-0112,PHOTO,/evidence/MP-ASM-2025-0112/photo_384.jpg,Site progress photo,2025-07-26,Field Officer App,sha256:b9b444cd10589b8fa9dee5d2db550744
MP-DEL-2022-0087,PHOTO,/evidence/MP-DEL-2022-0087/photo_545.jpg,Site progress photo,2022-11-25,Field Officer App,sha256:b139b49c0afb386046ca391dea8a3c07
MP-ODI-2023-0186,PHOTO,/evidence/MP-ODI-2023-0186/photo_67.jpg,Site progress photo,2023-07-30,Field Officer App,sha256:dd820827d8df40d9ac31a9d34b4a2ed1
MP-MH-2024-0152,PHOTO,/evidence/MP-MH-2024-0152/photo_98.jpg,Site progress photo,2025-02-23,Field Officer App,sha256:208bf5a9c1b61b4c99af9c83580b0ec3
MP-RAJ-2022-0076,PHOTO,/evidence/MP-RAJ-2022-0076/photo_602.jpg,Site progress photo,2022-10-13,Field Officer App,sha256:5933f2d07c80b119a4962519b6dc9e30
MP-ASM-2024-0182,PHOTO,/evidence/MP-ASM-2024-0182/photo_144.jpg,Site progress photo,2024-06-12,Field Officer App,sha256:f9ec503efd571bb20dbc745b5b2feccd
MP-KAR-2023-0176,PHOTO,/evidence/MP-KAR-2023-0176/photo_934.jpg,Site progress photo,2023-09-03,Field Officer App,sha256:008d318c15a454b1a7a930ad5db42523
MP-ASM-2024-0183,PHOTO,/evidence/MP-ASM-2024-0183/photo_324.jpg,Site progress photo,2024-12-17,Field Officer App,sha256:b322b2f6ea08ac19c6d2c8a48ae87973
MP-WB-2023-0152,PHOTO,/evidence/MP-WB-2023-0152/photo_770.jpg,Site progress photo,2024-03-19,Field Officer App,sha256:f6f4ab148e2724294a1eef140e1b1c91
MP-DEL-2024-0166,PHOTO,/evidence/MP-DEL-2024-0166/photo_347.jpg,Site progress photo,2024-07-23,Field Officer App,sha256:7731d281b962af368dd0599394eab289
MP-ASM-2023-0166,PHOTO,/evidence/MP-ASM-2023-0166/photo_580.jpg,Site progress photo,2024-03-06,Field Officer App,sha256:6027b854c489ed5be0aa65bc2d2f7b7d
MP-WB-2023-0153,PHOTO,/evidence/MP-WB-2023-0153/photo_779.jpg,Site progress photo,2024-03-03,Field Officer App,sha256:eb44ea4de830f8bd04aa50b1e12328e3
MP-KAR-2024-0168,PHOTO,/evidence/MP-KAR-2024-0168/photo_895.jpg,Site progress photo,2024-02-15,Field Officer App,sha256:56a30fb2ff71e14f05d895242d88c0c9
MP-MH-2025-0135,PHOTO,/evidence/MP-MH-2025-0135/photo_743.jpg,Site progress photo,2025-09-08,Field Officer App,sha256:f7e0199ae493126bc988febd662df3d2
MP-MP-2024-0155,PHOTO,/evidence/MP-MP-2024-0155/photo_819.jpg,Site progress photo,2024-07-07,Field Officer App,sha256:960ef71bd0a42c2e9fddb6430642ac1a
MP-TN-2023-0136,PHOTO,/evidence/MP-TN-2023-0136/photo_800.jpg,Site progress photo,2023-09-22,Field Officer App,sha256:592c1b431f1c5b760cad164a7efc4886
MP-MH-2024-0153,PHOTO,/evidence/MP-MH-2024-0153/photo_310.jpg,Site progress photo,2024-09-01,Field Officer App,sha256:354c207cc6f23c022bb8a39f158cd257
MP-TEL-2025-0101,PHOTO,/evidence/MP-TEL-2025-0101/photo_153.jpg,Site progress photo,2025-06-30,Field Officer App,sha256:eb7b5991c2da85347e56c94319355020
MP-ASM-2023-0167,PHOTO,/evidence/MP-ASM-2023-0167/photo_179.jpg,Site progress photo,2023-09-23,Field Officer App,sha256:31cead008841bc98a0fb7460d3a274aa
MP-ASM-2024-0184,PHOTO,/evidence/MP-ASM-2024-0184/photo_663.jpg,Site progress photo,2024-07-23,Field Officer App,sha256:a9386c2be4eb268ff04d6b8f5b38a52b
MP-WB-2024-0148,PHOTO,/evidence/MP-WB-2024-0148/photo_844.jpg,Site progress photo,2024-08-15,Field Officer App,sha256:361c8ebe8c1ae06e14232c09aee39de1
MP-UP-2025-0116,PHOTO,/evidence/MP-UP-2025-0116/photo_28.jpg,Site progress photo,2026-01-05,Field Officer App,sha256:b6ff58e81193e53496c3ff0258d51704
MP-MH-2024-0154,PHOTO,/evidence/MP-MH-2024-0154/photo_48.jpg,Site progress photo,2025-04-08,Field Officer App,sha256:d4aac54b83ff8c304062756417440783
MP-TN-2025-0102,PHOTO,/evidence/MP-TN-2025-0102/photo_206.jpg,Site progress photo,2026-01-22,Field Officer App,sha256:9c9c9de3b91f0028cb04e800e0b59df1
MP-TN-2023-0137,PHOTO,/evidence/MP-TN-2023-0137/photo_103.jpg,Site progress photo,2023-06-10,Field Officer App,sha256:33701b131346098e858c9c17aa14fa90
MP-WB-2023-0155,PHOTO,/evidence/MP-WB-2023-0155/photo_63.jpg,Site progress photo,2023-04-16,Field Officer App,sha256:3453be92b9f9c671eaadc51dca586e0e
MP-DEL-2022-0088,PHOTO,/evidence/MP-DEL-2022-0088/photo_35.jpg,Site progress photo,2023-01-29,Field Officer App,sha256:5ec9c30e8422db4047262534d8e09762
MP-ASM-2025-0113,PHOTO,/evidence/MP-ASM-2025-0113/photo_946.jpg,Site progress photo,2025-08-15,Field Officer App,sha256:a331e7b480784892468fa09e8a67fe88
MP-MP-2024-0156,PHOTO,/evidence/MP-MP-2024-0156/photo_960.jpg,Site progress photo,2025-02-26,Field Officer App,sha256:19c6717e68385408f11501947ac87cd7
MP-KAR-2024-0169,PHOTO,/evidence/MP-KAR-2024-0169/photo_186.jpg,Site progress photo,2024-03-01,Field Officer App,sha256:f47e2aa40fe3e0b050d091d213e1df61
MP-TN-2024-0149,PHOTO,/evidence/MP-TN-2024-0149/photo_699.jpg,Site progress photo,2025-01-06,Field Officer App,sha256:0a34c7e577eeff85a76a631ef8f895c2
MP-BHR-2022-0100,PHOTO,/evidence/MP-BHR-2022-0100/photo_638.jpg,Site progress photo,2022-12-21,Field Officer App,sha256:d46d93d0772d7c1a96fe2a95f13862c4
MP-DEL-2025-0127,PHOTO,/evidence/MP-DEL-2025-0127/photo_677.jpg,Site progress photo,2025-07-15,Field Officer App,sha256:849166a19668eb823e67ddc11cc056ac
MP-UP-2024-0158,PHOTO,/evidence/MP-UP-2024-0158/photo_569.jpg,Site progress photo,2024-10-04,Field Officer App,sha256:e812191011a929e88abbcb6401a783fe
MP-TN-2022-0067,PHOTO,/evidence/MP-TN-2022-0067/photo_533.jpg,Site progress photo,2023-04-25,Field Officer App,sha256:dbeecf1eee834a3ba92870c55e14c497
MP-NAG-2022-0086,PHOTO,/evidence/MP-NAG-2022-0086/photo_279.jpg,Site progress photo,2022-12-21,Field Officer App,sha256:0356998d007d82bcfc4264cabe7c05d9
MP-KAR-2024-0170,PHOTO,/evidence/MP-KAR-2024-0170/photo_251.jpg,Site progress photo,2025-05-30,Field Officer App,sha256:9a45b932e3a6ec5392cd6b6ad23e3206
MP-GUJ-2024-0142,PHOTO,/evidence/MP-GUJ-2024-0142/photo_88.jpg,Site progress photo,2024-05-15,Field Officer App,sha256:2ff27ee8e6b43651a4e67ec69a8f53e3
MP-WB-2025-0097,PHOTO,/evidence/MP-WB-2025-0097/photo_794.jpg,Site progress photo,2025-03-31,Field Officer App,sha256:d49cbd3f17e42ce93bb4f4be6aa606a6
MP-WB-2022-0092,PHOTO,/evidence/MP-WB-2022-0092/photo_581.jpg,Site progress photo,2023-01-24,Field Officer App,sha256:401aeb3a24241356d875e7efe6ce779a
MP-DEL-2022-0089,PHOTO,/evidence/MP-DEL-2022-0089/photo_338.jpg,Site progress photo,2022-10-09,Field Officer App,sha256:ae065147012fb8d79486a94e9ed0763b
MP-DEL-2024-0169,PHOTO,/evidence/MP-DEL-2024-0169/photo_924.jpg,Site progress photo,2024-10-21,Field Officer App,sha256:97043ff7f40deb81cc955ab7913d526e
MP-UP-2023-0162,PHOTO,/evidence/MP-UP-2023-0162/photo_300.jpg,Site progress photo,2024-01-12,Field Officer App,sha256:4484d1b7d1cdd9c2a850a135ef4a9191
MP-WB-2024-0149,PHOTO,/evidence/MP-WB-2024-0149/photo_911.jpg,Site progress photo,2025-01-29,Field Officer App,sha256:d77e4122dba881ce7ad68486df7563bc
MP-MP-2024-0157,PHOTO,/evidence/MP-MP-2024-0157/photo_640.jpg,Site progress photo,2024-09-05,Field Officer App,sha256:6e047629cedd3e26420c7a9a24b3de8d
MP-TEL-2025-0102,PHOTO,/evidence/MP-TEL-2025-0102/photo_547.jpg,Site progress photo,2025-08-03,Field Officer App,sha256:a1b10dce34ed24a39d220b345a846e02
MP-KER-2024-0165,PHOTO,/evidence/MP-KER-2024-0165/photo_919.jpg,Site progress photo,2025-05-20,Field Officer App,sha256:3190f50ef59dfa3b9a4ecca96421b46c
MP-TEL-2023-0148,PHOTO,/evidence/MP-TEL-2023-0148/photo_721.jpg,Site progress photo,2023-12-18,Field Officer App,sha256:5b39ff4edbfaef254df6fac450344e38
MP-MH-2024-0155,PHOTO,/evidence/MP-MH-2024-0155/photo_403.jpg,Site progress photo,2024-10-18,Field Officer App,sha256:4dcdfd7bd7abcaee45dc2bbb0a614804
MP-ASM-2022-0065,PHOTO,/evidence/MP-ASM-2022-0065/photo_929.jpg,Site progress photo,2022-09-24,Field Officer App,sha256:e1be2f81190831aa26701289beeea39d
MP-RAJ-2024-0157,PHOTO,/evidence/MP-RAJ-2024-0157/photo_61.jpg,Site progress photo,2024-06-24,Field Officer App,sha256:b591eb721d1c4db05ccaae51dfb7e678
MP-ASM-2023-0168,PHOTO,/evidence/MP-ASM-2023-0168/photo_285.jpg,Site progress photo,2023-07-08,Field Officer App,sha256:15678282a792ef40ba9cd467af4cccee
MP-KAR-2022-0092,PHOTO,/evidence/MP-KAR-2022-0092/photo_309.jpg,Site progress photo,2023-01-18,Field Officer App,sha256:7ccd6c9aafbca4f9e9e4eccefe5b3ab1
MP-TN-2024-0150,PHOTO,/evidence/MP-TN-2024-0150/photo_145.jpg,Site progress photo,2024-12-25,Field Officer App,sha256:da75fbdde2783c4ead4af1519b2342a6
MP-NAG-2023-0157,PHOTO,/evidence/MP-NAG-2023-0157/photo_819.jpg,Site progress photo,2023-11-26,Field Officer App,sha256:59dd846348db01328432c96b41ff9d64
MP-MP-2024-0159,PHOTO,/evidence/MP-MP-2024-0159/photo_971.jpg,Site progress photo,2025-03-28,Field Officer App,sha256:76344b6c3a9b78908735ab07604197fa
MP-DEL-2023-0172,PHOTO,/evidence/MP-DEL-2023-0172/photo_269.jpg,Site progress photo,2024-04-05,Field Officer App,sha256:df93398cfb7789519286c58a0f6ceb74
MP-KAR-2022-0093,PHOTO,/evidence/MP-KAR-2022-0093/photo_278.jpg,Site progress photo,2022-08-01,Field Officer App,sha256:f6cc5e6e6ab8b58ab78c0b0ba9d16995
MP-TEL-2022-0078,PHOTO,/evidence/MP-TEL-2022-0078/photo_270.jpg,Site progress photo,2023-02-23,Field Officer App,sha256:4854e75db933ec40f6b30dba8e72e42d
MP-GUJ-2024-0143,PHOTO,/evidence/MP-GUJ-2024-0143/photo_845.jpg,Site progress photo,2024-07-15,Field Officer App,sha256:df6d7038b393d606cdc31bd66370299a
MP-BHR-2024-0168,PHOTO,/evidence/MP-BHR-2024-0168/photo_334.jpg,Site progress photo,2024-06-23,Field Officer App,sha256:99e5af400b57a1ed770d8c961895dce1
MP-WB-2025-0098,PHOTO,/evidence/MP-WB-2025-0098/photo_746.jpg,Site progress photo,2025-08-01,Field Officer App,sha256:3067791bed8ee47d963325e770726f9c
MP-RAJ-2024-0158,PHOTO,/evidence/MP-RAJ-2024-0158/photo_137.jpg,Site progress photo,2025-04-30,Field Officer App,sha256:ca588c724cd0c58f7fa336a99be47cca
MP-MH-2024-0156,PHOTO,/evidence/MP-MH-2024-0156/photo_591.jpg,Site progress photo,2024-10-08,Field Officer App,sha256:23937e3382cd6ad7a09c09de994f5174
MP-PUN-2024-0153,PHOTO,/evidence/MP-PUN-2024-0153/photo_133.jpg,Site progress photo,2024-08-27,Field Officer App,sha256:7b17636877edcf969cdf2b0a560735c4
MP-TN-2023-0138,PHOTO,/evidence/MP-TN-2023-0138/photo_957.jpg,Site progress photo,2023-11-01,Field Officer App,sha256:d65fe2722a7c963e2f1a3df5fa3cdffc
MP-GUJ-2023-0129,PHOTO,/evidence/MP-GUJ-2023-0129/photo_531.jpg,Site progress photo,2023-07-19,Field Officer App,sha256:b6abd4a7cc9751dbb8e85e50f460a87a
MP-MP-2024-0160,PHOTO,/evidence/MP-MP-2024-0160/photo_811.jpg,Site progress photo,2025-01-14,Field Officer App,sha256:9a34dee8b141a48cc5ed75832d00a8e6
MP-RAJ-2025-0117,PHOTO,/evidence/MP-RAJ-2025-0117/photo_22.jpg,Site progress photo,2025-12-27,Field Officer App,sha256:b479df35d6348064597f8ea43f1d254a
MP-ODI-2022-0104,PHOTO,/evidence/MP-ODI-2022-0104/photo_323.jpg,Site progress photo,2023-04-14,Field Officer App,sha256:95bde69f3806ad8a32b79b1f60852d14
MP-MP-2023-0147,PHOTO,/evidence/MP-MP-2023-0147/photo_505.jpg,Site progress photo,2023-08-05,Field Officer App,sha256:b7170d534b960bcafaa84edd1ab0eb07
MP-PUN-2023-0140,PHOTO,/evidence/MP-PUN-2023-0140/photo_56.jpg,Site progress photo,2023-12-05,Field Officer App,sha256:cf1ffacbe4833bf3bcc808c2bc516f62
MP-NAG-2024-0142,PHOTO,/evidence/MP-NAG-2024-0142/photo_714.jpg,Site progress photo,2024-03-25,Field Officer App,sha256:0457812d3f4877b72ca728b447a0e06a
MP-KER-2023-0153,PHOTO,/evidence/MP-KER-2023-0153/photo_904.jpg,Site progress photo,2024-01-03,Field Officer App,sha256:29845c42bb6d15057e63284aa57b03fb
MP-KER-2024-0167,PHOTO,/evidence/MP-KER-2024-0167/photo_979.jpg,Site progress photo,2024-06-30,Field Officer App,sha256:61d5fee54431c657d4b669e04259632e
MP-ASM-2024-0186,PHOTO,/evidence/MP-ASM-2024-0186/photo_392.jpg,Site progress photo,2025-01-18,Field Officer App,sha256:4a6d1676aa6539d973623339f7a2f62f
MP-DEL-2025-0129,PHOTO,/evidence/MP-DEL-2025-0129/photo_997.jpg,Site progress photo,2025-12-15,Field Officer App,sha256:815fcb2d6694ca219737df73737044c8
MP-MH-2024-0159,PHOTO,/evidence/MP-MH-2024-0159/photo_636.jpg,Site progress photo,2024-08-12,Field Officer App,sha256:d9259f888982c74356e2213f157056d3
MP-NAG-2023-0160,PHOTO,/evidence/MP-NAG-2023-0160/photo_586.jpg,Site progress photo,2023-07-18,Field Officer App,sha256:65335d592beeeb02e001b3dbdc354c2f
MP-RAJ-2024-0159,PHOTO,/evidence/MP-RAJ-2024-0159/photo_601.jpg,Site progress photo,2024-12-24,Field Officer App,sha256:26de2312bb409304721c732552bcbbb1
MP-MP-2022-0091,PHOTO,/evidence/MP-MP-2022-0091/photo_286.jpg,Site progress photo,2022-07-27,Field Officer App,sha256:841647d91da597ffedf98e3ce05bdc4a
MP-KAR-2022-0094,PHOTO,/evidence/MP-KAR-2022-0094/photo_465.jpg,Site progress photo,2023-01-11,Field Officer App,sha256:06f98cf017ddcc119729caaa8edb5323
MP-ODI-2024-0144,PHOTO,/evidence/MP-ODI-2024-0144/photo_96.jpg,Site progress photo,2024-09-18,Field Officer App,sha256:182b51696160857159d55e0338240c79
MP-WB-2025-0099,PHOTO,/evidence/MP-WB-2025-0099/photo_625.jpg,Site progress photo,2025-12-31,Field Officer App,sha256:981e0d6faa973f5aece3c9bd5d61a6d6
MP-NAG-2024-0144,PHOTO,/evidence/MP-NAG-2024-0144/photo_360.jpg,Site progress photo,2024-05-22,Field Officer App,sha256:598a0de602bf36f7685ee2eda9b6e97d
MP-KER-2022-0101,PHOTO,/evidence/MP-KER-2022-0101/photo_572.jpg,Site progress photo,2022-08-27,Field Officer App,sha256:2777fb7bbe6627954319f6ec6599e7fd
MP-DEL-2023-0173,PHOTO,/evidence/MP-DEL-2023-0173/photo_855.jpg,Site progress photo,2023-12-30,Field Officer App,sha256:dc170f136ba13c526e6768e688f75d02
MP-WB-2022-0093,PHOTO,/evidence/MP-WB-2022-0093/photo_900.jpg,Site progress photo,2023-03-22,Field Officer App,sha256:33c512ad4fde4a737b83e778944f898b
MP-ASM-2022-0066,PHOTO,/evidence/MP-ASM-2022-0066/photo_80.jpg,Site progress photo,2022-10-03,Field Officer App,sha256:79ee4c1551c754e5abc337346371cd32
MP-MH-2023-0160,PHOTO,/evidence/MP-MH-2023-0160/photo_776.jpg,Site progress photo,2024-05-16,Field Officer App,sha256:9b4e6ac7e48349e737ef0f0a3656e809
MP-MH-2023-0161,PHOTO,/evidence/MP-MH-2023-0161/photo_169.jpg,Site progress photo,2023-11-14,Field Officer App,sha256:769c494425e44331c5bd342d845c3a74
MP-MP-2022-0092,PHOTO,/evidence/MP-MP-2022-0092/photo_467.jpg,Site progress photo,2022-12-06,Field Officer App,sha256:c66a1375e784e1c2159e725175f50c26
MP-MP-2022-0093,PHOTO,/evidence/MP-MP-2022-0093/photo_354.jpg,Site progress photo,2023-01-01,Field Officer App,sha256:3821af71cfa33df4c17210f8f1b575a4
MP-TN-2024-0151,PHOTO,/evidence/MP-TN-2024-0151/photo_684.jpg,Site progress photo,2024-12-16,Field Officer App,sha256:04e75d6592366659323110f2fbd74d76
MP-ASM-2023-0170,PHOTO,/evidence/MP-ASM-2023-0170/photo_803.jpg,Site progress photo,2024-04-02,Field Officer App,sha256:7276166b6c9f9af0ae4ee3d72683f890
MP-TEL-2023-0151,PHOTO,/evidence/MP-TEL-2023-0151/photo_71.jpg,Site progress photo,2023-04-26,Field Officer App,sha256:1e3660e62716448d87539d4b59080ddd
MP-NAG-2023-0161,PHOTO,/evidence/MP-NAG-2023-0161/photo_304.jpg,Site progress photo,2023-06-04,Field Officer App,sha256:377b15fbb50252604cbc6fe6c33f3002
MP-KER-2022-0102,PHOTO,/evidence/MP-KER-2022-0102/photo_463.jpg,Site progress photo,2023-01-20,Field Officer App,sha256:2ae1407f901326bc4f0520084838b375
MP-PUN-2024-0155,PHOTO,/evidence/MP-PUN-2024-0155/photo_902.jpg,Site progress photo,2024-07-25,Field Officer App,sha256:59c1e54d30ed211ea7599d16372c0e49
MP-KER-2023-0154,PHOTO,/evidence/MP-KER-2023-0154/photo_21.jpg,Site progress photo,2023-11-23,Field Officer App,sha256:5164e872632b01bcdcd40c12d6f75e13
MP-ODI-2023-0187,PHOTO,/evidence/MP-ODI-2023-0187/photo_670.jpg,Site progress photo,2024-01-09,Field Officer App,sha256:1efac7c5c79fe1911969170ba83f4664
MP-KAR-2024-0174,PHOTO,/evidence/MP-KAR-2024-0174/photo_608.jpg,Site progress photo,2024-07-13,Field Officer App,sha256:13aac7ef5a925c3abce8934165fa5a1f
MP-DEL-2024-0172,PHOTO,/evidence/MP-DEL-2024-0172/photo_184.jpg,Site progress photo,2024-11-19,Field Officer App,sha256:516b56c99dfe787e3146dc5261a27fe7
MP-ODI-2024-0145,PHOTO,/evidence/MP-ODI-2024-0145/photo_353.jpg,Site progress photo,2025-03-08,Field Officer App,sha256:f6328fc031a8b2b6f73a5a07b9f08a19
MP-TN-2024-0153,PHOTO,/evidence/MP-TN-2024-0153/photo_210.jpg,Site progress photo,2024-09-26,Field Officer App,sha256:9b230a10de152bd366d563823e6bfefc
MP-KER-2025-0114,PHOTO,/evidence/MP-KER-2025-0114/photo_288.jpg,Site progress photo,2025-11-07,Field Officer App,sha256:b07eb1278ab1767f2436eacc71f1a7c4
MP-KER-2024-0170,PHOTO,/evidence/MP-KER-2024-0170/photo_791.jpg,Site progress photo,2025-06-03,Field Officer App,sha256:883d7ab8e5fec929d42f16e5142c9e6e
MP-TN-2023-0139,PHOTO,/evidence/MP-TN-2023-0139/photo_554.jpg,Site progress photo,2023-10-14,Field Officer App,sha256:d2a0b7578bb25421cdb79ea91be33f02
MP-TN-2024-0154,PHOTO,/evidence/MP-TN-2024-0154/photo_224.jpg,Site progress photo,2024-06-10,Field Officer App,sha256:c48317e491cf6c3cd9f29455b19eb1a3
MP-KAR-2022-0096,PHOTO,/evidence/MP-KAR-2022-0096/photo_362.jpg,Site progress photo,2022-10-30,Field Officer App,sha256:aea0fc8bcaefe4c058be11ddd9beac9f
MP-RAJ-2024-0160,PHOTO,/evidence/MP-RAJ-2024-0160/photo_25.jpg,Site progress photo,2024-10-21,Field Officer App,sha256:deecb9036d70447bc5cb18f617e750d6
MP-MH-2023-0163,PHOTO,/evidence/MP-MH-2023-0163/photo_486.jpg,Site progress photo,2023-08-05,Field Officer App,sha256:0f2a97ce875c56aec7d9ae5c0c1ba420
MP-RAJ-2023-0148,PHOTO,/evidence/MP-RAJ-2023-0148/photo_893.jpg,Site progress photo,2023-05-20,Field Officer App,sha256:b30afa174a96e0cd7fd5fa0e3430d005
MP-PUN-2023-0141,PHOTO,/evidence/MP-PUN-2023-0141/photo_991.jpg,Site progress photo,2024-01-27,Field Officer App,sha256:bc46923d6acdc7fe049aa54d1126a733
MP-MH-2024-0160,PHOTO,/evidence/MP-MH-2024-0160/photo_109.jpg,Site progress photo,2025-03-28,Field Officer App,sha256:94ffd64aebd823759c6f738d7de46f0d
MP-ASM-2025-0114,PHOTO,/evidence/MP-ASM-2025-0114/photo_592.jpg,Site progress photo,2025-08-25,Field Officer App,sha256:e870096c7ff6d7c1f90f318002f57fc3
MP-GUJ-2025-0109,PHOTO,/evidence/MP-GUJ-2025-0109/photo_150.jpg,Site progress photo,2025-09-12,Field Officer App,sha256:f96601d8f1fa163fe4a26384dec59282
MP-ODI-2022-0106,PHOTO,/evidence/MP-ODI-2022-0106/photo_246.jpg,Site progress photo,2022-12-03,Field Officer App,sha256:8d15a5714d0efd20565276fc3ff8a423
MP-PUN-2025-0119,PHOTO,/evidence/MP-PUN-2025-0119/photo_461.jpg,Site progress photo,2025-10-04,Field Officer App,sha256:940885938c23961e6226d71eb9209748
MP-TEL-2025-0104,PHOTO,/evidence/MP-TEL-2025-0104/photo_411.jpg,Site progress photo,2026-01-20,Field Officer App,sha256:c33b22270348013e7ba1be1ad0f8b01e
MP-TEL-2024-0146,PHOTO,/evidence/MP-TEL-2024-0146/photo_881.jpg,Site progress photo,2024-09-23,Field Officer App,sha256:8bc76a3418278f0681044c2608b24098
MP-TN-2022-0068,PHOTO,/evidence/MP-TN-2022-0068/photo_124.jpg,Site progress photo,2023-01-12,Field Officer App,sha256:4ea5b6e1931171e010b7ffe3c121888a
MP-KER-2023-0156,PHOTO,/evidence/MP-KER-2023-0156/photo_68.jpg,Site progress photo,2023-07-31,Field Officer App,sha256:ef8ca052708045b17d96bc3b7657e845
MP-BHR-2025-0110,PHOTO,/evidence/MP-BHR-2025-0110/photo_652.jpg,Site progress photo,2025-10-17,Field Officer App,sha256:e560cd28f1300365b43c8495fc9117ae
MP-NAG-2023-0163,PHOTO,/evidence/MP-NAG-2023-0163/photo_280.jpg,Site progress photo,2024-06-09,Field Officer App,sha256:038bea4a03859d13d90de9679f66234e
MP-TN-2025-0104,PHOTO,/evidence/MP-TN-2025-0104/photo_44.jpg,Site progress photo,2025-11-20,Field Officer App,sha256:d5137b4465b35fda59e803c4c36a3ff1
MP-TEL-2023-0152,PHOTO,/evidence/MP-TEL-2023-0152/photo_934.jpg,Site progress photo,2023-09-05,Field Officer App,sha256:f06febc38028df0681c3662bea923bd3
MP-NAG-2024-0146,PHOTO,/evidence/MP-NAG-2024-0146/photo_200.jpg,Site progress photo,2024-12-28,Field Officer App,sha256:b39363e490a87d370cd3a62db9494e36
MP-MP-2025-0126,PHOTO,/evidence/MP-MP-2025-0126/photo_297.jpg,Site progress photo,2025-09-04,Field Officer App,sha256:d6ebeb888a91e3ba04266ac72968c255
MP-DEL-2023-0174,PHOTO,/evidence/MP-DEL-2023-0174/photo_100.jpg,Site progress photo,2024-02-12,Field Officer App,sha256:6b58298115894f188262f6ac5e9c145e
MP-KAR-2024-0176,PHOTO,/evidence/MP-KAR-2024-0176/photo_471.jpg,Site progress photo,2024-09-30,Field Officer App,sha256:0f4678a0eb7de2620167d41c2d86a62a
MP-TEL-2024-0147,PHOTO,/evidence/MP-TEL-2024-0147/photo_691.jpg,Site progress photo,2025-01-05,Field Officer App,sha256:e980b97ab7a6fdd01d6a05e0fbe74610
MP-WB-2023-0156,PHOTO,/evidence/MP-WB-2023-0156/photo_772.jpg,Site progress photo,2023-12-19,Field Officer App,sha256:eb6e43c52b6954f833b49a78b0d140f1
MP-TEL-2025-0105,PHOTO,/evidence/MP-TEL-2025-0105/photo_962.jpg,Site progress photo,2025-05-10,Field Officer App,sha256:25ed74955c99907588dc99833bbb3939
MP-TEL-2023-0153,PHOTO,/evidence/MP-TEL-2023-0153/photo_6.jpg,Site progress photo,2023-10-27,Field Officer App,sha256:f9bd299443c9ea0fdb954171dd6e93c9
MP-MP-2023-0148,PHOTO,/evidence/MP-MP-2023-0148/photo_71.jpg,Site progress photo,2023-04-15,Field Officer App,sha256:36092aa566371d55e042d41f53ef3591
MP-MP-2022-0094,PHOTO,/evidence/MP-MP-2022-0094/photo_796.jpg,Site progress photo,2022-11-24,Field Officer App,sha256:1467728af83def8e9bfc24a47d992006
MP-BHR-2023-0151,PHOTO,/evidence/MP-BHR-2023-0151/photo_318.jpg,Site progress photo,2023-04-10,Field Officer App,sha256:3a3f4815875b4a62aa93cacfdf5f7cd5
MP-KAR-2025-0132,PHOTO,/evidence/MP-KAR-2025-0132/photo_727.jpg,Site progress photo,2025-08-03,Field Officer App,sha256:6107c25ee9443c04159494625f2c2e63
MP-GUJ-2024-0144,PHOTO,/evidence/MP-GUJ-2024-0144/photo_575.jpg,Site progress photo,2024-10-30,Field Officer App,sha256:b02885d389ad9589df9b6e6c6550afa1
MP-UP-2024-0159,PHOTO,/evidence/MP-UP-2024-0159/photo_733.jpg,Site progress photo,2024-10-30,Field Officer App,sha256:05c275ef6c0672d99dafd84f5a9d36be
MP-MH-2025-0136,PHOTO,/evidence/MP-MH-2025-0136/photo_70.jpg,Site progress photo,2025-03-23,Field Officer App,sha256:4e5cf6575a0d69e6975e65d3d749a19e
MP-TEL-2024-0148,PHOTO,/evidence/MP-TEL-2024-0148/photo_935.jpg,Site progress photo,2024-04-22,Field Officer App,sha256:395fd63b78252717e86e5ceb1aa326a2
MP-GUJ-2023-0131,PHOTO,/evidence/MP-GUJ-2023-0131/photo_305.jpg,Site progress photo,2024-01-13,Field Officer App,sha256:879d64e2534beb5fff08bbc626dc65e0
MP-GUJ-2025-0110,PHOTO,/evidence/MP-GUJ-2025-0110/photo_285.jpg,Site progress photo,2025-10-25,Field Officer App,sha256:14b671fbc19d29c7ffa50bded6753019
MP-TEL-2024-0149,PHOTO,/evidence/MP-TEL-2024-0149/photo_996.jpg,Site progress photo,2025-01-17,Field Officer App,sha256:b06e892b91d9de0fb25fd729675838d6
MP-TN-2024-0155,PHOTO,/evidence/MP-TN-2024-0155/photo_612.jpg,Site progress photo,2024-08-12,Field Officer App,sha256:2927957c56e8deb033162c2515ee1d44
MP-GUJ-2023-0132,PHOTO,/evidence/MP-GUJ-2023-0132/photo_1.jpg,Site progress photo,2023-11-20,Field Officer App,sha256:e00016e4639afc00cceb4b487e0a047b
MP-GUJ-2024-0145,PHOTO,/evidence/MP-GUJ-2024-0145/photo_801.jpg,Site progress photo,2025-01-14,Field Officer App,sha256:d759cab3519fae963c93209f87c7b8c9
MP-NAG-2022-0088,PHOTO,/evidence/MP-NAG-2022-0088/photo_79.jpg,Site progress photo,2023-04-06,Field Officer App,sha256:64e0c89cf0b33522d5854ddd8ede7d86
MP-TEL-2025-0106,PHOTO,/evidence/MP-TEL-2025-0106/photo_870.jpg,Site progress photo,2025-08-12,Field Officer App,sha256:2cbfaf346858d305d658697dfc2ce47e
MP-MH-2023-0164,PHOTO,/evidence/MP-MH-2023-0164/photo_440.jpg,Site progress photo,2023-12-11,Field Officer App,sha256:f6cb5fbceba15b76e8297b19e9e42fd0
MP-RAJ-2024-0162,PHOTO,/evidence/MP-RAJ-2024-0162/photo_783.jpg,Site progress photo,2024-08-30,Field Officer App,sha256:2978f6bbe0f2dfba20b1e01e57dfe5a5
MP-TN-2022-0069,PHOTO,/evidence/MP-TN-2022-0069/photo_553.jpg,Site progress photo,2023-03-05,Field Officer App,sha256:0ad135e0aa083245f5bfa914b1e841a5
MP-BHR-2022-0103,PHOTO,/evidence/MP-BHR-2022-0103/photo_118.jpg,Site progress photo,2023-02-23,Field Officer App,sha256:4bfda4974c4884719e3fb02d23ec86ef
MP-DEL-2023-0176,PHOTO,/evidence/MP-DEL-2023-0176/photo_624.jpg,Site progress photo,2023-03-30,Field Officer App,sha256:0c1e6b2fa659ad03c3156a047c31bbd0
MP-MH-2025-0137,PHOTO,/evidence/MP-MH-2025-0137/photo_625.jpg,Site progress photo,2025-11-11,Field Officer App,sha256:5d4a21292a1fe984620a84304afb5120
MP-TEL-2024-0151,PHOTO,/evidence/MP-TEL-2024-0151/photo_86.jpg,Site progress photo,2024-12-02,Field Officer App,sha256:4a0d31c472c2657f01393bfd16cbc820
MP-UP-2024-0160,PHOTO,/evidence/MP-UP-2024-0160/photo_846.jpg,Site progress photo,2024-05-05,Field Officer App,sha256:c6e0ba13ccb9a4a0fcccafa7af9579e0
MP-PUN-2024-0157,PHOTO,/evidence/MP-PUN-2024-0157/photo_462.jpg,Site progress photo,2024-11-30,Field Officer App,sha256:442a78e15d3f1e7dd2b7b68e03fa5078
MP-KAR-2023-0179,PHOTO,/evidence/MP-KAR-2023-0179/photo_717.jpg,Site progress photo,2023-09-29,Field Officer App,sha256:95c232f681fd4c33f575aa2857327921
MP-ODI-2023-0188,PHOTO,/evidence/MP-ODI-2023-0188/photo_893.jpg,Site progress photo,2023-05-16,Field Officer App,sha256:380e4fbeb3c6a1750c64c129b15a999f
MP-WB-2025-0102,PHOTO,/evidence/MP-WB-2025-0102/photo_525.jpg,Site progress photo,2025-03-18,Field Officer App,sha256:70ff484673e521fe575f88ae882791e3
MP-ASM-2023-0173,PHOTO,/evidence/MP-ASM-2023-0173/photo_794.jpg,Site progress photo,2023-08-25,Field Officer App,sha256:c337adda6013b1c0c2e84c023c502b7f
MP-BHR-2025-0113,PHOTO,/evidence/MP-BHR-2025-0113/photo_942.jpg,Site progress photo,2025-07-26,Field Officer App,sha256:5e73ce90f0c5a2655babc06c15a884ff
MP-MH-2024-0162,PHOTO,/evidence/MP-MH-2024-0162/photo_404.jpg,Site progress photo,2024-12-02,Field Officer App,sha256:6ec50e7567398470c83c94406819a5af
MP-ASM-2023-0174,PHOTO,/evidence/MP-ASM-2023-0174/photo_768.jpg,Site progress photo,2023-12-23,Field Officer App,sha256:8eaebf607b71fee00f3562b4efa5137b
MP-KER-2022-0105,PHOTO,/evidence/MP-KER-2022-0105/photo_10.jpg,Site progress photo,2022-12-23,Field Officer App,sha256:a7837662d3ee6743a5ea230d11284c5b
MP-BHR-2023-0152,PHOTO,/evidence/MP-BHR-2023-0152/photo_507.jpg,Site progress photo,2023-07-03,Field Officer App,sha256:f299ca92d33b20dce768bd55814e986e
MP-ODI-2025-0117,PHOTO,/evidence/MP-ODI-2025-0117/photo_455.jpg,Site progress photo,2025-10-15,Field Officer App,sha256:e84a8609ff700854c53b1f2e54f72432
MP-MH-2023-0166,PHOTO,/evidence/MP-MH-2023-0166/photo_851.jpg,Site progress photo,2023-02-04,Field Officer App,sha256:24a0a4d7968e96adf0fd1405bf2a1e36
MP-KER-2023-0157,PHOTO,/evidence/MP-KER-2023-0157/photo_444.jpg,Site progress photo,2023-10-20,Field Officer App,sha256:7a9f31ee0ef1f86d64106a2a929ab865
MP-KAR-2024-0177,PHOTO,/evidence/MP-KAR-2024-0177/photo_878.jpg,Site progress photo,2024-10-10,Field Officer App,sha256:076a0b9eef45b5c43dab93ce64d58547
MP-BHR-2023-0153,PHOTO,/evidence/MP-BHR-2023-0153/photo_889.jpg,Site progress photo,2024-02-01,Field Officer App,sha256:4de2036a0145fbdcec207935bb3aeaef
MP-MH-2024-0163,PHOTO,/evidence/MP-MH-2024-0163/photo_80.jpg,Site progress photo,2024-07-19,Field Officer App,sha256:70a031c4252777e202a883d171842137
MP-TN-2024-0156,PHOTO,/evidence/MP-TN-2024-0156/photo_706.jpg,Site progress photo,2024-07-23,Field Officer App,sha256:d0b32c65a646b338d2d01125357c6357
MP-BHR-2025-0115,PHOTO,/evidence/MP-BHR-2025-0115/photo_530.jpg,Site progress photo,2026-01-26,Field Officer App,sha256:a918a81d14602c8d9d806620464335f4
MP-KAR-2023-0180,PHOTO,/evidence/MP-KAR-2023-0180/photo_589.jpg,Site progress photo,2023-07-02,Field Officer App,sha256:c2d0a7e26509989a992caa0d749c8942
MP-MP-2023-0150,PHOTO,/evidence/MP-MP-2023-0150/photo_559.jpg,Site progress photo,2023-09-28,Field Officer App,sha256:2039c1ca753d885c4485dd8f3a2c5435
MP-BHR-2023-0154,PHOTO,/evidence/MP-BHR-2023-0154/photo_917.jpg,Site progress photo,2023-08-12,Field Officer App,sha256:a60159474189c3762a95d13f650e445d
MP-KAR-2024-0179,PHOTO,/evidence/MP-KAR-2024-0179/photo_526.jpg,Site progress photo,2024-12-04,Field Officer App,sha256:6e515e3e78d1f9c8c4cffacac4b7e706
MP-PUN-2025-0120,PHOTO,/evidence/MP-PUN-2025-0120/photo_968.jpg,Site progress photo,2025-07-22,Field Officer App,sha256:d4adf23d0316b2fea329b68fc96b76c9
MP-MP-2023-0151,PHOTO,/evidence/MP-MP-2023-0151/photo_412.jpg,Site progress photo,2023-11-25,Field Officer App,sha256:884af8153ebc4ecda41eda6f602ac7ec
MP-ODI-2024-0146,PHOTO,/evidence/MP-ODI-2024-0146/photo_450.jpg,Site progress photo,2024-03-15,Field Officer App,sha256:7a46e6edbda17733abb83f569cc3149e
MP-MP-2023-0152,PHOTO,/evidence/MP-MP-2023-0152/photo_320.jpg,Site progress photo,2023-12-21,Field Officer App,sha256:fa3c82d72883bdea2ce0b37da5c5daac
MP-ASM-2025-0115,PHOTO,/evidence/MP-ASM-2025-0115/photo_20.jpg,Site progress photo,2026-02-14,Field Officer App,sha256:613d0b2cd83037af19fa90c39f009175
MP-RAJ-2022-0078,PHOTO,/evidence/MP-RAJ-2022-0078/photo_975.jpg,Site progress photo,2022-08-10,Field Officer App,sha256:ba9807c6e8e0993ea03e9f860204ba91
MP-TN-2022-0070,PHOTO,/evidence/MP-TN-2022-0070/photo_909.jpg,Site progress photo,2023-01-31,Field Officer App,sha256:237867ef63cdd52441ae757800e9ec82
MP-BHR-2025-0117,PHOTO,/evidence/MP-BHR-2025-0117/photo_565.jpg,Site progress photo,2025-07-26,Field Officer App,sha256:b81e27659ffffe2286c67d33dfd2e5f2
MP-MP-2023-0153,PHOTO,/evidence/MP-MP-2023-0153/photo_814.jpg,Site progress photo,2023-05-27,Field Officer App,sha256:39790c8461cbf6715a2a18de3a633dd2
MP-PUN-2025-0122,PHOTO,/evidence/MP-PUN-2025-0122/photo_561.jpg,Site progress photo,2025-11-01,Field Officer App,sha256:6fc469c9c6bfe5f9eeaf301ec3919769
MP-BHR-2023-0155,PHOTO,/evidence/MP-BHR-2023-0155/photo_747.jpg,Site progress photo,2023-07-19,Field Officer App,sha256:df1aca5948279393f1e3f1688f45866f
MP-KER-2025-0116,PHOTO,/evidence/MP-KER-2025-0116/photo_572.jpg,Site progress photo,2025-03-27,Field Officer App,sha256:2b2efddabdb81ebee55b7d9efe41feb1
MP-GUJ-2023-0134,PHOTO,/evidence/MP-GUJ-2023-0134/photo_476.jpg,Site progress photo,2023-10-14,Field Officer App,sha256:44c110e41a295b875002deb8bd9bce8b
MP-ODI-2022-0108,PHOTO,/evidence/MP-ODI-2022-0108/photo_517.jpg,Site progress photo,2023-04-29,Field Officer App,sha256:959cfba233d224aa7c11ef287b35eec3
MP-BHR-2022-0105,PHOTO,/evidence/MP-BHR-2022-0105/photo_242.jpg,Site progress photo,2022-08-10,Field Officer App,sha256:25e71a0e6bc8c0a9540c24b1d3c5b3e3
MP-PUN-2023-0143,PHOTO,/evidence/MP-PUN-2023-0143/photo_678.jpg,Site progress photo,2023-08-26,Field Officer App,sha256:36a7425518c0b6da6de377039234a831
MP-GUJ-2025-0112,PHOTO,/evidence/MP-GUJ-2025-0112/photo_563.jpg,Site progress photo,2025-03-14,Field Officer App,sha256:f94da3fda0f517b3933fe01ea2d1e867
MP-RAJ-2022-0079,PHOTO,/evidence/MP-RAJ-2022-0079/photo_190.jpg,Site progress photo,2023-03-20,Field Officer App,sha256:3818dcfa59389729f54fb5f4ab79f5ca
MP-PUN-2025-0124,PHOTO,/evidence/MP-PUN-2025-0124/photo_379.jpg,Site progress photo,2025-09-21,Field Officer App,sha256:a1304fca0ab7aee1151f4f787175569c
MP-UP-2025-0117,PHOTO,/evidence/MP-UP-2025-0117/photo_464.jpg,Site progress photo,2025-06-09,Field Officer App,sha256:99a2add834cdfde7d0a8b0a64d9bce1d
MP-MH-2022-0092,PHOTO,/evidence/MP-MH-2022-0092/photo_400.jpg,Site progress photo,2022-10-20,Field Officer App,sha256:0e37c568b460670163837321771b06a7
MP-NAG-2023-0164,PHOTO,/evidence/MP-NAG-2023-0164/photo_653.jpg,Site progress photo,2024-03-15,Field Officer App,sha256:3a43ec5b915b12c24280d4a416b173f4
MP-BHR-2023-0157,PHOTO,/evidence/MP-BHR-2023-0157/photo_91.jpg,Site progress photo,2023-11-14,Field Officer App,sha256:b2280d13f394d0753372e7b196f39918
MP-KER-2023-0163,PHOTO,/evidence/MP-KER-2023-0163/photo_315.jpg,Site progress photo,2023-08-06,Field Officer App,sha256:d0bf995776b7b30177340343efbe7756
MP-GUJ-2023-0135,PHOTO,/evidence/MP-GUJ-2023-0135/photo_149.jpg,Site progress photo,2024-01-26,Field Officer App,sha256:5a69f721722ba608644d6c9296b8f06a
MP-RAJ-2025-0119,PHOTO,/evidence/MP-RAJ-2025-0119/photo_100.jpg,Site progress photo,2025-07-26,Field Officer App,sha256:3d9735cce7e879c8132ef4ecc7d8fdeb
MP-RAJ-2025-0120,PHOTO,/evidence/MP-RAJ-2025-0120/photo_645.jpg,Site progress photo,2025-03-01,Field Officer App,sha256:4f1c3d696bcc9083c6c1f4a0875ddb5c
MP-TEL-2023-0156,PHOTO,/evidence/MP-TEL-2023-0156/photo_838.jpg,Site progress photo,2023-06-29,Field Officer App,sha256:60d5186b0165b7d550097f989a4915de
MP-ASM-2022-0067,PHOTO,/evidence/MP-ASM-2022-0067/photo_511.jpg,Site progress photo,2023-04-29,Field Officer App,sha256:4b13bec6cce3e0468c683a005b431a96
MP-KER-2024-0173,PHOTO,/evidence/MP-KER-2024-0173/photo_714.jpg,Site progress photo,2025-03-05,Field Officer App,sha256:d6c3243e47dd8b8e0313053e43f196f6
MP-DEL-2022-0092,PHOTO,/evidence/MP-DEL-2022-0092/photo_3.jpg,Site progress photo,2022-10-26,Field Officer App,sha256:dea6e56fdf8fb738caa0843624260d48
MP-ASM-2025-0117,PHOTO,/evidence/MP-ASM-2025-0117/photo_725.jpg,Site progress photo,2025-07-23,Field Officer App,sha256:513db75aa7b157a80e35046510cd1368
MP-TEL-2022-0080,PHOTO,/evidence/MP-TEL-2022-0080/photo_233.jpg,Site progress photo,2022-11-03,Field Officer App,sha256:b2f1ccdeeaf83115b3b224f4ee3e51ec
MP-MH-2024-0166,PHOTO,/evidence/MP-MH-2024-0166/photo_456.jpg,Site progress photo,2024-10-21,Field Officer App,sha256:ba820e8693b80cd0915025060ef99b13
MP-TN-2022-0071,PHOTO,/evidence/MP-TN-2022-0071/photo_492.jpg,Site progress photo,2022-11-04,Field Officer App,sha256:5f2566e24600a1a4840f49ed54be099a
MP-TN-2025-0107,PHOTO,/evidence/MP-TN-2025-0107/photo_952.jpg,Site progress photo,2025-08-08,Field Officer App,sha256:cb1faa55d276b50944dc34c82747e9b2
MP-MP-2023-0155,PHOTO,/evidence/MP-MP-2023-0155/photo_400.jpg,Site progress photo,2024-01-14,Field Officer App,sha256:d66e135c0e127559e4d6aad2a6bc214e
MP-NAG-2025-0114,PHOTO,/evidence/MP-NAG-2025-0114/photo_99.jpg,Site progress photo,2025-11-29,Field Officer App,sha256:6f519892797096de89a4d9cc10c4711a
MP-PUN-2022-0087,PHOTO,/evidence/MP-PUN-2022-0087/photo_614.jpg,Site progress photo,2023-02-13,Field Officer App,sha256:e1a9323d88ad3864cd854c50033d4132
MP-DEL-2023-0179,PHOTO,/evidence/MP-DEL-2023-0179/photo_424.jpg,Site progress photo,2023-10-27,Field Officer App,sha256:1eb298dab7e585223c7466f6cc65f987
MP-ODI-2023-0190,PHOTO,/evidence/MP-ODI-2023-0190/photo_207.jpg,Site progress photo,2024-04-15,Field Officer App,sha256:d2fed6d5a3cd28b2a77d29936bb5f9dc
MP-NAG-2022-0090,PHOTO,/evidence/MP-NAG-2022-0090/photo_123.jpg,Site progress photo,2022-10-29,Field Officer App,sha256:3ac130021e1894c20024c46540e18117
MP-BHR-2023-0158,PHOTO,/evidence/MP-BHR-2023-0158/photo_519.jpg,Site progress photo,2023-11-23,Field Officer App,sha256:1e86a03f89f62d048cc115ec42ea8e88
MP-MP-2025-0128,PHOTO,/evidence/MP-MP-2025-0128/photo_593.jpg,Site progress photo,2025-11-11,Field Officer App,sha256:8756f447047151a75c66a0296dbb1d58
MP-ODI-2025-0118,PHOTO,/evidence/MP-ODI-2025-0118/photo_476.jpg,Site progress photo,2025-11-26,Field Officer App,sha256:1c5a5775c01d6438697966306272daa8
MP-MP-2022-0096,PHOTO,/evidence/MP-MP-2022-0096/photo_564.jpg,Site progress photo,2022-11-18,Field Officer App,sha256:edc87c87654e5767ff25dae4193b73b0
MP-MH-2024-0167,PHOTO,/evidence/MP-MH-2024-0167/photo_926.jpg,Site progress photo,2025-02-23,Field Officer App,sha256:68740af6fc55a85059179678fc99444f
MP-TEL-2023-0158,PHOTO,/evidence/MP-TEL-2023-0158/photo_778.jpg,Site progress photo,2024-01-01,Field Officer App,sha256:5549333305ba00f7acd1327aac39382a
MP-ODI-2023-0191,PHOTO,/evidence/MP-ODI-2023-0191/photo_587.jpg,Site progress photo,2023-11-27,Field Officer App,sha256:5426a79be5245cfd18abb47025f886b4
MP-MP-2024-0163,PHOTO,/evidence/MP-MP-2024-0163/photo_550.jpg,Site progress photo,2025-04-11,Field Officer App,sha256:141fc0d36079418ba130e0c41a85a817
MP-ODI-2022-0111,PHOTO,/evidence/MP-ODI-2022-0111/photo_766.jpg,Site progress photo,2023-02-05,Field Officer App,sha256:07d681c20f101ba21985277a66e692bd
MP-TEL-2023-0159,PHOTO,/evidence/MP-TEL-2023-0159/photo_820.jpg,Site progress photo,2023-03-20,Field Officer App,sha256:a5e2ea564baf9c014423185f4038eec1
MP-UP-2025-0120,PHOTO,/evidence/MP-UP-2025-0120/photo_262.jpg,Site progress photo,2025-06-03,Field Officer App,sha256:bf5869efb92f75e018de0663fc8e0569
MP-MH-2025-0140,PHOTO,/evidence/MP-MH-2025-0140/photo_599.jpg,Site progress photo,2026-01-15,Field Officer App,sha256:d83aa8fa565d365dbbba3feb100a7c08
MP-ASM-2022-0069,PHOTO,/evidence/MP-ASM-2022-0069/photo_56.jpg,Site progress photo,2023-02-18,Field Officer App,sha256:2f67e9ef9aba45bbc14dae3312dc8724
MP-RAJ-2023-0150,PHOTO,/evidence/MP-RAJ-2023-0150/photo_547.jpg,Site progress photo,2024-03-05,Field Officer App,sha256:82d4e8228a248431c984a940439a6b61
MP-TEL-2022-0082,PHOTO,/evidence/MP-TEL-2022-0082/photo_35.jpg,Site progress photo,2022-12-30,Field Officer App,sha256:093037f1a67436e4177cbe18cde341f1
MP-PUN-2023-0146,PHOTO,/evidence/MP-PUN-2023-0146/photo_998.jpg,Site progress photo,2024-02-05,Field Officer App,sha256:313fc1f839d8d91568487b2bbdfa1d2a
MP-GUJ-2023-0138,PHOTO,/evidence/MP-GUJ-2023-0138/photo_12.jpg,Site progress photo,2024-05-13,Field Officer App,sha256:89a7311438dab0c889a7a8d0c0369800
MP-TEL-2024-0152,PHOTO,/evidence/MP-TEL-2024-0152/photo_544.jpg,Site progress photo,2024-08-17,Field Officer App,sha256:2ecedb08f0149740c4f6cd4d38e4f235
MP-KER-2023-0164,PHOTO,/evidence/MP-KER-2023-0164/photo_228.jpg,Site progress photo,2023-01-31,Field Officer App,sha256:affbd4fe14cd7dead54bc977080a8728
MP-RAJ-2024-0166,PHOTO,/evidence/MP-RAJ-2024-0166/photo_347.jpg,Site progress photo,2025-01-08,Field Officer App,sha256:e6d85733593b9ef5f1a238c5bc20a116
MP-KAR-2024-0180,PHOTO,/evidence/MP-KAR-2024-0180/photo_719.jpg,Site progress photo,2024-12-06,Field Officer App,sha256:9a8c3c3233d54ddc4a815b2dc7c965e5
MP-TEL-2024-0153,PHOTO,/evidence/MP-TEL-2024-0153/photo_567.jpg,Site progress photo,2024-11-30,Field Officer App,sha256:0032e0dab83586991c9bc5aee416f522
MP-KER-2025-0117,PHOTO,/evidence/MP-KER-2025-0117/photo_931.jpg,Site progress photo,2026-01-03,Field Officer App,sha256:1d2ce95a71307289183fb4ba7a3f3672
MP-TEL-2023-0160,PHOTO,/evidence/MP-TEL-2023-0160/photo_368.jpg,Site progress photo,2024-02-28,Field Officer App,sha256:776badf9471de32c6feaf09abf9e3444
MP-UP-2024-0164,PHOTO,/evidence/MP-UP-2024-0164/photo_19.jpg,Site progress photo,2024-11-24,Field Officer App,sha256:9b7f29fdab81054ccb4cfe8cf952e69c
MP-TEL-2022-0084,PHOTO,/evidence/MP-TEL-2022-0084/photo_121.jpg,Site progress photo,2023-07-01,Field Officer App,sha256:a021cd09014258d3b198e507c7cde32c
MP-DEL-2023-0180,PHOTO,/evidence/MP-DEL-2023-0180/photo_956.jpg,Site progress photo,2023-10-16,Field Officer App,sha256:387e2229fdeed6a9e7a49bb34244fb73
MP-KAR-2024-0182,PHOTO,/evidence/MP-KAR-2024-0182/photo_389.jpg,Site progress photo,2024-12-22,Field Officer App,sha256:05c86afeec6422e06a0a7e99bf926ca8
MP-WB-2025-0106,PHOTO,/evidence/MP-WB-2025-0106/photo_962.jpg,Site progress photo,2025-04-30,Field Officer App,sha256:d7e8c7b0932ee1db945085e6129da3dd
MP-ODI-2022-0112,PHOTO,/evidence/MP-ODI-2022-0112/photo_44.jpg,Site progress photo,2022-10-15,Field Officer App,sha256:8c1d36f1329262db8d07b83bc606eca0
MP-GUJ-2024-0149,PHOTO,/evidence/MP-GUJ-2024-0149/photo_212.jpg,Site progress photo,2024-07-20,Field Officer App,sha256:4959931a828b02038b1fe73d047e8c52
MP-TEL-2023-0161,PHOTO,/evidence/MP-TEL-2023-0161/photo_20.jpg,Site progress photo,2023-06-17,Field Officer App,sha256:dbbd30bb51b331c824c7326ca7d05bbb
MP-TN-2024-0159,PHOTO,/evidence/MP-TN-2024-0159/photo_772.jpg,Site progress photo,2024-12-14,Field Officer App,sha256:1aed649bf296e7bfd8b71615cfa7b550
MP-TEL-2024-0154,PHOTO,/evidence/MP-TEL-2024-0154/photo_575.jpg,Site progress photo,2024-12-11,Field Officer App,sha256:b4739e4a3a51c676354c7d189179cf10
MP-BHR-2024-0171,PHOTO,/evidence/MP-BHR-2024-0171/photo_300.jpg,Site progress photo,2024-05-02,Field Officer App,sha256:7ca96ab025ee5dd92ac151ad25926682
MP-MP-2023-0156,PHOTO,/evidence/MP-MP-2023-0156/photo_769.jpg,Site progress photo,2024-03-02,Field Officer App,sha256:36a988bfe50577767c497612a2b667b2
MP-DEL-2023-0181,PHOTO,/evidence/MP-DEL-2023-0181/photo_599.jpg,Site progress photo,2024-03-14,Field Officer App,sha256:25570695aa8a8d03d9c0162720c2933b
MP-WB-2024-0153,PHOTO,/evidence/MP-WB-2024-0153/photo_941.jpg,Site progress photo,2024-12-10,Field Officer App,sha256:f1e11a8366db93a03fc1b1a5462e07cc
MP-KER-2025-0118,PHOTO,/evidence/MP-KER-2025-0118/photo_588.jpg,Site progress photo,2025-12-01,Field Officer App,sha256:c9bcd1596f4b12d60c698a44064d795e
MP-WB-2025-0107,PHOTO,/evidence/MP-WB-2025-0107/photo_553.jpg,Site progress photo,2025-08-12,Field Officer App,sha256:e8933b5ea1052814023001a7f6289156
MP-MH-2024-0168,PHOTO,/evidence/MP-MH-2024-0168/photo_628.jpg,Site progress photo,2025-06-01,Field Officer App,sha256:cc13e03a93fdbabda7b11330eabb5415
MP-MP-2024-0165,PHOTO,/evidence/MP-MP-2024-0165/photo_485.jpg,Site progress photo,2025-01-16,Field Officer App,sha256:62ef7f91c1589044b3e14c91a12343ed
MP-BHR-2024-0173,PHOTO,/evidence/MP-BHR-2024-0173/photo_127.jpg,Site progress photo,2025-02-26,Field Officer App,sha256:8c2a5b530b15250bcef289ebc842768e
MP-NAG-2022-0091,PHOTO,/evidence/MP-NAG-2022-0091/photo_83.jpg,Site progress photo,2022-09-05,Field Officer App,sha256:8b24029d9ef094d8c7c7861a7c82fcf2
MP-NAG-2022-0092,PHOTO,/evidence/MP-NAG-2022-0092/photo_307.jpg,Site progress photo,2023-02-19,Field Officer App,sha256:ebbde0d3abf80dd949db01200923671d
MP-GUJ-2023-0141,PHOTO,/evidence/MP-GUJ-2023-0141/photo_24.jpg,Site progress photo,2023-05-10,Field Officer App,sha256:87d854695078498916dd82ccc61d1c54
MP-KER-2023-0165,PHOTO,/evidence/MP-KER-2023-0165/photo_840.jpg,Site progress photo,2023-09-22,Field Officer App,sha256:c9d655ac5c4628f0f14c8f9cd5fbb47c
MP-PUN-2025-0126,PHOTO,/evidence/MP-PUN-2025-0126/photo_177.jpg,Site progress photo,2025-10-06,Field Officer App,sha256:07a237e4cb6cf789e3afd047c6d60050
MP-PUN-2025-0127,PHOTO,/evidence/MP-PUN-2025-0127/photo_753.jpg,Site progress photo,2025-05-08,Field Officer App,sha256:65b40303ff66d1da937f479e90da02c8
MP-DEL-2023-0183,PHOTO,/evidence/MP-DEL-2023-0183/photo_786.jpg,Site progress photo,2023-09-01,Field Officer App,sha256:082cefca01012695e9a1e3b2238c4356
MP-RAJ-2022-0080,PHOTO,/evidence/MP-RAJ-2022-0080/photo_649.jpg,Site progress photo,2023-01-13,Field Officer App,sha256:42967e3f7a16a13523cf5b770f494ed9
MP-KAR-2025-0136,PHOTO,/evidence/MP-KAR-2025-0136/photo_438.jpg,Site progress photo,2025-06-24,Field Officer App,sha256:a682558236978cfa55559878978701f8
MP-DEL-2024-0176,PHOTO,/evidence/MP-DEL-2024-0176/photo_590.jpg,Site progress photo,2024-12-12,Field Officer App,sha256:dfd652ae9f256fb3b0a24307449eb33a
MP-BHR-2023-0159,PHOTO,/evidence/MP-BHR-2023-0159/photo_589.jpg,Site progress photo,2023-06-23,Field Officer App,sha256:7e88dc8c6058f4cb06c2937fa267570c
MP-ASM-2023-0175,PHOTO,/evidence/MP-ASM-2023-0175/photo_46.jpg,Site progress photo,2023-10-31,Field Officer App,sha256:73d7e7c57d56a4a1f7cb12570785d683
MP-KAR-2023-0182,PHOTO,/evidence/MP-KAR-2023-0182/photo_908.jpg,Site progress photo,2024-05-03,Field Officer App,sha256:185e253f723ae85a8bc640bc7d5602db
MP-MP-2023-0157,PHOTO,/evidence/MP-MP-2023-0157/photo_407.jpg,Site progress photo,2023-03-21,Field Officer App,sha256:5dfeffec18956066bf9189342691400a
MP-PUN-2022-0089,PHOTO,/evidence/MP-PUN-2022-0089/photo_451.jpg,Site progress photo,2022-08-14,Field Officer App,sha256:cde2272e8d4828f831a6ff8a9d000444
MP-ODI-2023-0195,PHOTO,/evidence/MP-ODI-2023-0195/photo_619.jpg,Site progress photo,2024-05-11,Field Officer App,sha256:0603c0b1bae5164c3ae9ee87ca527592
MP-ASM-2025-0119,PHOTO,/evidence/MP-ASM-2025-0119/photo_993.jpg,Site progress photo,2025-09-22,Field Officer App,sha256:44acc9a6e97ca96a798b73c7c810b699
MP-MP-2023-0158,PHOTO,/evidence/MP-MP-2023-0158/photo_684.jpg,Site progress photo,2023-02-13,Field Officer App,sha256:40cffbb63dac62c6691fc83d9a543344
MP-DEL-2024-0177,PHOTO,/evidence/MP-DEL-2024-0177/photo_111.jpg,Site progress photo,2024-05-13,Field Officer App,sha256:6711dd5c14670300e38880cb1309a9c7
MP-RAJ-2024-0167,PHOTO,/evidence/MP-RAJ-2024-0167/photo_133.jpg,Site progress photo,2024-11-28,Field Officer App,sha256:c03b24f2a23cf9b92a46263b6d74c9b9
MP-GUJ-2023-0142,PHOTO,/evidence/MP-GUJ-2023-0142/photo_793.jpg,Site progress photo,2024-01-16,Field Officer App,sha256:9c1dc2a6c4d106b277f7bbe389902eac
MP-MP-2023-0159,PHOTO,/evidence/MP-MP-2023-0159/photo_530.jpg,Site progress photo,2024-01-11,Field Officer App,sha256:41597cd63dda3131538d6a9cc4576b95
MP-RAJ-2024-0168,PHOTO,/evidence/MP-RAJ-2024-0168/photo_407.jpg,Site progress photo,2024-10-16,Field Officer App,sha256:0933782be37ab6394b0709e0103b7081
MP-GUJ-2025-0115,PHOTO,/evidence/MP-GUJ-2025-0115/photo_378.jpg,Site progress photo,2026-01-04,Field Officer App,sha256:a580f453b8226bb79bb644257d7af521
MP-MP-2022-0099,PHOTO,/evidence/MP-MP-2022-0099/photo_65.jpg,Site progress photo,2023-04-16,Field Officer App,sha256:e8b421d26a20c85b3e8469f61a363d23
MP-ASM-2024-0191,PHOTO,/evidence/MP-ASM-2024-0191/photo_422.jpg,Site progress photo,2024-12-26,Field Officer App,sha256:057d50e943d33e6dd6bb773223861454
MP-TN-2023-0141,PHOTO,/evidence/MP-TN-2023-0141/photo_991.jpg,Site progress photo,2023-02-06,Field Officer App,sha256:3779add54a785666845cd5123c61d5ed
MP-PUN-2023-0149,PHOTO,/evidence/MP-PUN-2023-0149/photo_801.jpg,Site progress photo,2024-01-19,Field Officer App,sha256:e5e303da2cbb7f56f56b0d42d5518793
MP-MP-2025-0130,PHOTO,/evidence/MP-MP-2025-0130/photo_70.jpg,Site progress photo,2026-01-04,Field Officer App,sha256:2f49c4cbc75215a0fdb7b4a0c6642273
MP-WB-2022-0096,PHOTO,/evidence/MP-WB-2022-0096/photo_357.jpg,Site progress photo,2023-01-15,Field Officer App,sha256:2826d91e62475fd9315132679943a2e4
MP-GUJ-2023-0143,PHOTO,/evidence/MP-GUJ-2023-0143/photo_492.jpg,Site progress photo,2023-04-04,Field Officer App,sha256:7d6c01926507632db5bf30c695060e0b
MP-NAG-2024-0150,PHOTO,/evidence/MP-NAG-2024-0150/photo_619.jpg,Site progress photo,2024-10-30,Field Officer App,sha256:2611c01e2f6ba5e457b490f6780c0753
MP-TEL-2024-0156,PHOTO,/evidence/MP-TEL-2024-0156/photo_984.jpg,Site progress photo,2024-06-27,Field Officer App,sha256:c172b327831dc7fa4461c63e8ab62e9e
MP-PUN-2024-0159,PHOTO,/evidence/MP-PUN-2024-0159/photo_651.jpg,Site progress photo,2024-08-09,Field Officer App,sha256:eea635e3ecb631fa3ce28d85c1048b72
MP-WB-2023-0163,PHOTO,/evidence/MP-WB-2023-0163/photo_864.jpg,Site progress photo,2024-02-07,Field Officer App,sha256:a614145872bf8f86249e8d11b0093034
MP-MH-2025-0145,PHOTO,/evidence/MP-MH-2025-0145/photo_945.jpg,Site progress photo,2025-04-17,Field Officer App,sha256:e41033e173c33a4b63ea323601068b45
MP-DEL-2024-0178,PHOTO,/evidence/MP-DEL-2024-0178/photo_296.jpg,Site progress photo,2024-12-18,Field Officer App,sha256:7e5986cef1899ea0c28bfa852c34a3e6
MP-ASM-2024-0192,PHOTO,/evidence/MP-ASM-2024-0192/photo_553.jpg,Site progress photo,2025-03-03,Field Officer App,sha256:bd10206b7d334dd6746c9f2fe85b8880
MP-NAG-2023-0167,PHOTO,/evidence/MP-NAG-2023-0167/photo_105.jpg,Site progress photo,2024-02-08,Field Officer App,sha256:d6886d65ce03984cc998cf22bd4e8ef6
MP-BHR-2024-0174,PHOTO,/evidence/MP-BHR-2024-0174/photo_224.jpg,Site progress photo,2024-09-03,Field Officer App,sha256:59112b84029f2bdaa08c540c425d215a
MP-ODI-2024-0151,PHOTO,/evidence/MP-ODI-2024-0151/photo_292.jpg,Site progress photo,2025-02-05,Field Officer App,sha256:49f1dac4ed918bbdd98b7ebe3892fd59
MP-KAR-2023-0183,PHOTO,/evidence/MP-KAR-2023-0183/photo_383.jpg,Site progress photo,2024-04-01,Field Officer App,sha256:30eeac089053dbedf46f3b06a67af9ec
MP-ASM-2024-0193,PHOTO,/evidence/MP-ASM-2024-0193/photo_643.jpg,Site progress photo,2024-03-30,Field Officer App,sha256:889878bc7cb746db22831fd5a27c8a04
MP-PUN-2024-0160,PHOTO,/evidence/MP-PUN-2024-0160/photo_422.jpg,Site progress photo,2024-12-05,Field Officer App,sha256:942f85a8b94cb59936e9590bf646bcbe
MP-ODI-2023-0197,PHOTO,/evidence/MP-ODI-2023-0197/photo_587.jpg,Site progress photo,2023-08-28,Field Officer App,sha256:92a40a4c59de25497f56ab2626cb4b18
MP-NAG-2022-0094,PHOTO,/evidence/MP-NAG-2022-0094/photo_387.jpg,Site progress photo,2022-08-18,Field Officer App,sha256:34f80790311cb8d47f42e3d4fa6e1a0f
MP-KAR-2023-0185,PHOTO,/evidence/MP-KAR-2023-0185/photo_886.jpg,Site progress photo,2023-08-31,Field Officer App,sha256:71169c3e8ad2fa95f070965de1625751
MP-TEL-2025-0111,PHOTO,/evidence/MP-TEL-2025-0111/photo_58.jpg,Site progress photo,2025-12-19,Field Officer App,sha256:7b7a2684b02b9fc089ba6e5e011e218a
MP-KER-2022-0108,PHOTO,/evidence/MP-KER-2022-0108/photo_74.jpg,Site progress photo,2022-10-06,Field Officer App,sha256:c707896490f778b8119c85c14e09b22d
MP-PUN-2023-0150,PHOTO,/evidence/MP-PUN-2023-0150/photo_742.jpg,Site progress photo,2024-04-14,Field Officer App,sha256:21a7f06910baa519c6a5b379199bde04
MP-ASM-2023-0177,PHOTO,/evidence/MP-ASM-2023-0177/photo_316.jpg,Site progress photo,2023-10-22,Field Officer App,sha256:4e6daf47f816b5de750e205099631505
MP-MP-2023-0160,PHOTO,/evidence/MP-MP-2023-0160/photo_227.jpg,Site progress photo,2023-11-03,Field Officer App,sha256:9b96bcf1409c6f3e93da7079417d57e6
MP-GUJ-2023-0145,PHOTO,/evidence/MP-GUJ-2023-0145/photo_971.jpg,Site progress photo,2023-10-31,Field Officer App,sha256:8cfe1805d48f9273afba0209b5804f10
MP-BHR-2023-0160,PHOTO,/evidence/MP-BHR-2023-0160/photo_21.jpg,Site progress photo,2023-09-27,Field Officer App,sha256:901d9db0687b5e0dcc41346e80b8d77b
MP-TN-2025-0111,PHOTO,/evidence/MP-TN-2025-0111/photo_66.jpg,Site progress photo,2025-10-12,Field Officer App,sha256:ecbb563937df25cbcb926878863233a0
MP-RAJ-2024-0169,PHOTO,/evidence/MP-RAJ-2024-0169/photo_606.jpg,Site progress photo,2024-09-05,Field Officer App,sha256:ff7a2bbe43525eeaa7ac7f083e026e25
MP-PUN-2025-0128,PHOTO,/evidence/MP-PUN-2025-0128/photo_367.jpg,Site progress photo,2026-02-09,Field Officer App,sha256:769efb5cae46d11746ea5b5559d9206e
MP-BHR-2023-0161,PHOTO,/evidence/MP-BHR-2023-0161/photo_306.jpg,Site progress photo,2023-06-19,Field Officer App,sha256:6dddc82382f3d1580bed47029cdc6fff
MP-KER-2023-0166,PHOTO,/evidence/MP-KER-2023-0166/photo_175.jpg,Site progress photo,2023-06-03,Field Officer App,sha256:0a759bbd77666d83f02c39b44be168c4
MP-GUJ-2022-0099,PHOTO,/evidence/MP-GUJ-2022-0099/photo_994.jpg,Site progress photo,2022-08-27,Field Officer App,sha256:38e9fdb667f4aba3cd17b3e45d946c8a
MP-ASM-2024-0194,PHOTO,/evidence/MP-ASM-2024-0194/photo_429.jpg,Site progress photo,2024-11-03,Field Officer App,sha256:a2d00c9084165936ce4253be91daa297
MP-TEL-2025-0112,PHOTO,/evidence/MP-TEL-2025-0112/photo_886.jpg,Site progress photo,2025-11-09,Field Officer App,sha256:9c468ce45a221b8481d72855b634332f
MP-KER-2024-0175,PHOTO,/evidence/MP-KER-2024-0175/photo_733.jpg,Site progress photo,2025-04-19,Field Officer App,sha256:c9539825249b3fd0e238933950eb338a
MP-BHR-2023-0162,PHOTO,/evidence/MP-BHR-2023-0162/photo_490.jpg,Site progress photo,2023-10-12,Field Officer App,sha256:d9f54845fa8248c6cdcc3558a236a11e
MP-KAR-2022-0100,PHOTO,/evidence/MP-KAR-2022-0100/photo_378.jpg,Site progress photo,2023-04-05,Field Officer App,sha256:d57edee0f4c5f350e2807f683d114264
MP-WB-2023-0164,PHOTO,/evidence/MP-WB-2023-0164/photo_649.jpg,Site progress photo,2024-06-04,Field Officer App,sha256:79d6b1a523a0880bfb18b98512b12e2d
MP-RAJ-2025-0121,PHOTO,/evidence/MP-RAJ-2025-0121/photo_559.jpg,Site progress photo,2025-09-17,Field Officer App,sha256:f95d63686a593d88d5370ce0ddb7a268
MP-GUJ-2024-0153,PHOTO,/evidence/MP-GUJ-2024-0153/photo_356.jpg,Site progress photo,2024-08-29,Field Officer App,sha256:8582b1aa87ff1602b85e3ed9ce597da6
MP-ASM-2024-0195,PHOTO,/evidence/MP-ASM-2024-0195/photo_963.jpg,Site progress photo,2024-09-26,Field Officer App,sha256:cab0f20f4cdc8dd369054f96739efd9e
MP-NAG-2025-0115,PHOTO,/evidence/MP-NAG-2025-0115/photo_248.jpg,Site progress photo,2025-09-06,Field Officer App,sha256:ab3b5791fcb3f79aaa0c4f2b7c601a46
MP-BHR-2025-0121,PHOTO,/evidence/MP-BHR-2025-0121/photo_758.jpg,Site progress photo,2025-09-21,Field Officer App,sha256:a18f75fa64a088a8b65d53a09870f822
MP-KER-2024-0176,PHOTO,/evidence/MP-KER-2024-0176/photo_213.jpg,Site progress photo,2024-11-06,Field Officer App,sha256:7e0d1d0d194ec3f102203f7d3230a77a
MP-TN-2023-0143,PHOTO,/evidence/MP-TN-2023-0143/photo_846.jpg,Site progress photo,2023-12-29,Field Officer App,sha256:658120b8066c0152846f880a9a750c8b
MP-MP-2024-0169,PHOTO,/evidence/MP-MP-2024-0169/photo_674.jpg,Site progress photo,2024-04-30,Field Officer App,sha256:3e8127d359f78f264947ce1dbcfe00aa
MP-TEL-2023-0163,PHOTO,/evidence/MP-TEL-2023-0163/photo_632.jpg,Site progress photo,2024-01-13,Field Officer App,sha256:944e1779d281e7b54f5c12cfac5f250a
MP-WB-2023-0165,PHOTO,/evidence/MP-WB-2023-0165/photo_233.jpg,Site progress photo,2023-05-09,Field Officer App,sha256:b4f4e07dddfc271d604acffcb3ac51d5
MP-WB-2025-0109,PHOTO,/evidence/MP-WB-2025-0109/photo_767.jpg,Site progress photo,2025-11-03,Field Officer App,sha256:9314d79cda9cdd306a46e9cbe930537f
MP-ODI-2024-0152,PHOTO,/evidence/MP-ODI-2024-0152/photo_538.jpg,Site progress photo,2024-03-28,Field Officer App,sha256:7cf14183927746db7390d4fc7e0a0586
MP-MP-2023-0162,PHOTO,/evidence/MP-MP-2023-0162/photo_966.jpg,Site progress photo,2023-09-11,Field Officer App,sha256:e7453640bd8869b7fe76d131bf896a9d
MP-KER-2023-0167,PHOTO,/evidence/MP-KER-2023-0167/photo_780.jpg,Site progress photo,2024-02-29,Field Officer App,sha256:b423622c8373556e57962594b0a30b56
MP-NAG-2025-0116,PHOTO,/evidence/MP-NAG-2025-0116/photo_343.jpg,Site progress photo,2025-04-20,Field Officer App,sha256:abdc27d00456a4a5530232de56207394
MP-TN-2024-0162,PHOTO,/evidence/MP-TN-2024-0162/photo_693.jpg,Site progress photo,2024-10-19,Field Officer App,sha256:0be524d71471123891fcbe99af946ddb
MP-ODI-2022-0113,PHOTO,/evidence/MP-ODI-2022-0113/photo_515.jpg,Site progress photo,2023-01-09,Field Officer App,sha256:5e9fa7823df8bffb16554c61319e0e39
MP-ODI-2025-0119,PHOTO,/evidence/MP-ODI-2025-0119/photo_814.jpg,Site progress photo,2025-10-16,Field Officer App,sha256:f9d281c9d9d830865c7cdec4b3828c37
MP-TN-2024-0163,PHOTO,/evidence/MP-TN-2024-0163/photo_980.jpg,Site progress photo,2024-05-05,Field Officer App,sha256:0bd8734b79ee0a320be70c2d76af1cbe
MP-MH-2024-0170,PHOTO,/evidence/MP-MH-2024-0170/photo_148.jpg,Site progress photo,2024-04-05,Field Officer App,sha256:117686af80a1d8dda77ea3a9adc5a6e8
MP-ASM-2023-0181,PHOTO,/evidence/MP-ASM-2023-0181/photo_54.jpg,Site progress photo,2023-10-03,Field Officer App,sha256:0890d9bb44ef3fa2e295e4458feb67fa
MP-KAR-2022-0101,PHOTO,/evidence/MP-KAR-2022-0101/photo_618.jpg,Site progress photo,2022-09-22,Field Officer App,sha256:ae09116aeacfcaf7ad251dd53d3ca4eb
MP-MH-2023-0169,PHOTO,/evidence/MP-MH-2023-0169/photo_293.jpg,Site progress photo,2023-12-08,Field Officer App,sha256:21964b5e3cef0efce1a22ecd2634e9f6
MP-ODI-2024-0153,PHOTO,/evidence/MP-ODI-2024-0153/photo_94.jpg,Site progress photo,2024-09-24,Field Officer App,sha256:1bbb00b9aace315d30ee8b77d3965214
MP-PUN-2022-0090,PHOTO,/evidence/MP-PUN-2022-0090/photo_278.jpg,Site progress photo,2023-03-15,Field Officer App,sha256:947ac191387c0a69ba2aa9269ea0432b
MP-KER-2022-0110,PHOTO,/evidence/MP-KER-2022-0110/photo_552.jpg,Site progress photo,2023-02-25,Field Officer App,sha256:10b86c056317542d92e04309e8ff0244
MP-MP-2025-0131,PHOTO,/evidence/MP-MP-2025-0131/photo_177.jpg,Site progress photo,2025-11-08,Field Officer App,sha256:bfa0dbad3aa953d68ffc398530651c66
MP-RAJ-2022-0083,PHOTO,/evidence/MP-RAJ-2022-0083/photo_989.jpg,Site progress photo,2022-12-15,Field Officer App,sha256:31e449304343623ad45920fd43b4f81f
MP-ASM-2025-0124,PHOTO,/evidence/MP-ASM-2025-0124/photo_458.jpg,Site progress photo,2025-06-12,Field Officer App,sha256:5931e61e4262d2bd124c68603f16bc84
MP-DEL-2023-0185,PHOTO,/evidence/MP-DEL-2023-0185/photo_140.jpg,Site progress photo,2023-07-12,Field Officer App,sha256:ad06583951fd56d4198e5d6be1727e37
MP-PUN-2025-0130,PHOTO,/evidence/MP-PUN-2025-0130/photo_600.jpg,Site progress photo,2025-06-24,Field Officer App,sha256:875efc581c2df655ca51669af7324a1a
MP-TN-2022-0074,PHOTO,/evidence/MP-TN-2022-0074/photo_797.jpg,Site progress photo,2023-01-22,Field Officer App,sha256:1db9d74dfb158687711b20df27e8447c
MP-TN-2024-0164,PHOTO,/evidence/MP-TN-2024-0164/photo_345.jpg,Site progress photo,2025-03-14,Field Officer App,sha256:6e809644d1eb331e19f18fb0dbacf0e0
MP-ODI-2024-0154,PHOTO,/evidence/MP-ODI-2024-0154/photo_414.jpg,Site progress photo,2024-07-07,Field Officer App,sha256:4ad6321e0adf881be40a55fc9162c4b7
MP-UP-2023-0168,PHOTO,/evidence/MP-UP-2023-0168/photo_504.jpg,Site progress photo,2023-08-04,Field Officer App,sha256:24b15fa321c4083d5959bbd779ea5511
MP-NAG-2022-0096,PHOTO,/evidence/MP-NAG-2022-0096/photo_592.jpg,Site progress photo,2022-07-29,Field Officer App,sha256:16e7bf6e161f0d11ee06722322be1638
MP-NAG-2025-0117,PHOTO,/evidence/MP-NAG-2025-0117/photo_974.jpg,Site progress photo,2025-07-07,Field Officer App,sha256:e32495abeacbe7fdb6bcc777c7877a95
MP-BHR-2025-0122,PHOTO,/evidence/MP-BHR-2025-0122/photo_21.jpg,Site progress photo,2025-08-16,Field Officer App,sha256:5f51e081953211dbf61927a475693b81
MP-NAG-2023-0171,PHOTO,/evidence/MP-NAG-2023-0171/photo_950.jpg,Site progress photo,2023-07-03,Field Officer App,sha256:114105a8f0d271900d175596f46a325c
MP-ASM-2024-0197,PHOTO,/evidence/MP-ASM-2024-0197/photo_525.jpg,Site progress photo,2024-11-19,Field Officer App,sha256:f3a07753fad123ae54c8dade7ec9839f
MP-PUN-2024-0161,PHOTO,/evidence/MP-PUN-2024-0161/photo_502.jpg,Site progress photo,2024-12-16,Field Officer App,sha256:6008b8d4b658f9a16130e18b283ece2f
MP-PUN-2022-0091,PHOTO,/evidence/MP-PUN-2022-0091/photo_835.jpg,Site progress photo,2022-09-17,Field Officer App,sha256:0a02f8098c9f4293c687051ef34b75a2
MP-ASM-2024-0198,PHOTO,/evidence/MP-ASM-2024-0198/photo_816.jpg,Site progress photo,2024-07-15,Field Officer App,sha256:70eb26650f610cccb7c1bd1f40fa2a53
MP-KAR-2024-0184,PHOTO,/evidence/MP-KAR-2024-0184/photo_143.jpg,Site progress photo,2024-04-17,Field Officer App,sha256:5bc2b143e933eb8490b3b96ac543f3ef
MP-TEL-2023-0166,PHOTO,/evidence/MP-TEL-2023-0166/photo_739.jpg,Site progress photo,2023-09-28,Field Officer App,sha256:30075347ee2df10d23793a6d235202b8
MP-TEL-2025-0114,PHOTO,/evidence/MP-TEL-2025-0114/photo_279.jpg,Site progress photo,2025-09-16,Field Officer App,sha256:5147346e598503fb78a85ea4240e989c
MP-MP-2025-0132,PHOTO,/evidence/MP-MP-2025-0132/photo_386.jpg,Site progress photo,2025-09-11,Field Officer App,sha256:d7e2c2f838919815544d90831414a896
MP-TEL-2023-0167,PHOTO,/evidence/MP-TEL-2023-0167/photo_616.jpg,Site progress photo,2024-04-03,Field Officer App,sha256:939634bd44f9955ffc67e143f21903b0
MP-MH-2024-0172,PHOTO,/evidence/MP-MH-2024-0172/photo_834.jpg,Site progress photo,2025-02-26,Field Officer App,sha256:e8e7d58a61b2b412f587147967629074
MP-UP-2022-0097,PHOTO,/evidence/MP-UP-2022-0097/photo_966.jpg,Site progress photo,2022-12-02,Field Officer App,sha256:60e35d5ce8f6469da775b5713216c97d
MP-BHR-2024-0175,PHOTO,/evidence/MP-BHR-2024-0175/photo_984.jpg,Site progress photo,2024-11-10,Field Officer App,sha256:ca6f74cc95f858b8bd02b1aa24ceccbf
MP-KER-2023-0169,PHOTO,/evidence/MP-KER-2023-0169/photo_415.jpg,Site progress photo,2024-02-15,Field Officer App,sha256:adab82c870f17c70bd822469f0845c2b
MP-ASM-2023-0182,PHOTO,/evidence/MP-ASM-2023-0182/photo_234.jpg,Site progress photo,2024-01-12,Field Officer App,sha256:839f5dfc870c440cae124ccd543d35c6
MP-ASM-2025-0126,PHOTO,/evidence/MP-ASM-2025-0126/photo_15.jpg,Site progress photo,2025-07-26,Field Officer App,sha256:dc8567cbce1e1481179478cc04d06573
MP-MP-2022-0100,PHOTO,/evidence/MP-MP-2022-0100/photo_664.jpg,Site progress photo,2022-12-26,Field Officer App,sha256:655255b69d99264ced1638e8c5c77571
MP-UP-2023-0169,PHOTO,/evidence/MP-UP-2023-0169/photo_390.jpg,Site progress photo,2024-01-26,Field Officer App,sha256:87fcd1ce97af1ca9c1e87ce97ba5cb16
MP-ODI-2023-0199,PHOTO,/evidence/MP-ODI-2023-0199/photo_630.jpg,Site progress photo,2023-07-02,Field Officer App,sha256:f58bdc8445a2337eedd4ffaef59c0197
MP-NAG-2023-0172,PHOTO,/evidence/MP-NAG-2023-0172/photo_661.jpg,Site progress photo,2023-06-14,Field Officer App,sha256:0c010b1889dcf5d4b4ed08f3b02c82d9
MP-UP-2025-0123,PHOTO,/evidence/MP-UP-2025-0123/photo_68.jpg,Site progress photo,2025-12-05,Field Officer App,sha256:1ce65a65f6210df38fedc1bd95f22577
MP-GUJ-2023-0146,PHOTO,/evidence/MP-GUJ-2023-0146/photo_438.jpg,Site progress photo,2023-08-17,Field Officer App,sha256:3a380550f8df7c8205e7123071f58ba7
MP-ODI-2024-0155,PHOTO,/evidence/MP-ODI-2024-0155/photo_65.jpg,Site progress photo,2022-11-18,Field Officer App,sha256:aec65ca0e89b5ff977ad33d7e05a7a63
MP-ODI-2025-0121,PHOTO,/evidence/MP-ODI-2025-0121/photo_949.jpg,Site progress photo,2026-02-11,Field Officer App,sha256:b53774e6aaa2a214b9a65f91823f2fc1
MP-KER-2022-0111,PHOTO,/evidence/MP-KER-2022-0111/photo_809.jpg,Site progress photo,2023-03-29,Field Officer App,sha256:fa97c33914c06a43ded16efd1db1ace0
MP-DEL-2024-0179,PHOTO,/evidence/MP-DEL-2024-0179/photo_114.jpg,Site progress photo,2024-05-15,Field Officer App,sha256:3801cdf21e4ea5aec45504257eb77372
MP-DEL-2023-0186,PHOTO,/evidence/MP-DEL-2023-0186/photo_152.jpg,Site progress photo,2023-02-11,Field Officer App,sha256:4e3b6d39e5f72625e73a2269359b0ecf
MP-DEL-2022-0095,PHOTO,/evidence/MP-DEL-2022-0095/photo_580.jpg,Site progress photo,2023-04-28,Field Officer App,sha256:ad7e415b3958cac72ddb6f2e4d33111f
MP-KAR-2024-0185,PHOTO,/evidence/MP-KAR-2024-0185/photo_436.jpg,Site progress photo,2024-07-19,Field Officer App,sha256:c51fdacd701583932b5c57eb3f46ff5c
MP-KAR-2022-0102,PHOTO,/evidence/MP-KAR-2022-0102/photo_553.jpg,Site progress photo,2022-12-14,Field Officer App,sha256:28693e6835d260d7f2dc00e220cba7a8
MP-RAJ-2024-0172,PHOTO,/evidence/MP-RAJ-2024-0172/photo_382.jpg,Site progress photo,2024-12-25,Field Officer App,sha256:e336958d5848612f681e76b0913161ac
MP-WB-2024-0155,PHOTO,/evidence/MP-WB-2024-0155/photo_268.jpg,Site progress photo,2024-07-11,Field Officer App,sha256:8eb9ad48967e702467511f4f0632b138
MP-PUN-2024-0162,PHOTO,/evidence/MP-PUN-2024-0162/photo_753.jpg,Site progress photo,2025-05-03,Field Officer App,sha256:e4f2ba046132bdc6b75016540a13d26c
MP-ASM-2025-0127,PHOTO,/evidence/MP-ASM-2025-0127/photo_680.jpg,Site progress photo,2025-07-16,Field Officer App,sha256:9b4d2d6697f24714fa01df273ec144e6
MP-MP-2024-0171,PHOTO,/evidence/MP-MP-2024-0171/photo_355.jpg,Site progress photo,2024-08-05,Field Officer App,sha256:93f7d9198498f109886a38efd3d1e215
MP-TEL-2024-0160,PHOTO,/evidence/MP-TEL-2024-0160/photo_161.jpg,Site progress photo,2024-09-09,Field Officer App,sha256:789c6b1a0861493cd6a3466c63d7a1ad
MP-NAG-2024-0153,PHOTO,/evidence/MP-NAG-2024-0153/photo_346.jpg,Site progress photo,2025-03-31,Field Officer App,sha256:4dc73a31a89b6b66f41bc1c2cd5eada5
MP-UP-2025-0125,PHOTO,/evidence/MP-UP-2025-0125/photo_707.jpg,Site progress photo,2025-08-04,Field Officer App,sha256:2ed65b0e90e2366de37b62bfbd4ac834
MP-DEL-2023-0187,PHOTO,/evidence/MP-DEL-2023-0187/photo_409.jpg,Site progress photo,2023-11-30,Field Officer App,sha256:957e523b46124d05fe3d2e201f240d9b
MP-MH-2024-0174,PHOTO,/evidence/MP-MH-2024-0174/photo_668.jpg,Site progress photo,2024-07-04,Field Officer App,sha256:174fa57a4fbbc1b3212ac49f06afd703
MP-MH-2023-0170,PHOTO,/evidence/MP-MH-2023-0170/photo_140.jpg,Site progress photo,2024-04-14,Field Officer App,sha256:75905ad7622acba4fcb4b5cd37bce58b
MP-TN-2023-0144,PHOTO,/evidence/MP-TN-2023-0144/photo_689.jpg,Site progress photo,2023-12-10,Field Officer App,sha256:454e4a1b039f74a297611f3c8dcbb1e0
MP-BHR-2023-0164,PHOTO,/evidence/MP-BHR-2023-0164/photo_262.jpg,Site progress photo,2024-02-29,Field Officer App,sha256:ca774b7c6ce9517a919362919ae2218a
MP-GUJ-2025-0117,PHOTO,/evidence/MP-GUJ-2025-0117/photo_82.jpg,Site progress photo,2025-05-21,Field Officer App,sha256:5bdcf214fa9da410a46715b1759b0a4f
MP-MH-2025-0147,PHOTO,/evidence/MP-MH-2025-0147/photo_178.jpg,Site progress photo,2025-08-02,Field Officer App,sha256:b1ad8f2f3cbb62f10587b440b772cca2
MP-TN-2024-0167,PHOTO,/evidence/MP-TN-2024-0167/photo_769.jpg,Site progress photo,2024-09-20,Field Officer App,sha256:b60acf5098d3e2ef97eef95c8334e30b
MP-PUN-2025-0131,PHOTO,/evidence/MP-PUN-2025-0131/photo_966.jpg,Site progress photo,2025-10-06,Field Officer App,sha256:3e4f98ec8fdcaaa570d26ac7b68935d6
MP-MH-2025-0148,PHOTO,/evidence/MP-MH-2025-0148/photo_718.jpg,Site progress photo,2025-11-30,Field Officer App,sha256:f96a62d65edea9d43f95ae52d13c3417
MP-NAG-2023-0173,PHOTO,/evidence/MP-NAG-2023-0173/photo_615.jpg,Site progress photo,2024-05-09,Field Officer App,sha256:cd462c42ca553f67450f23ef0c2fb765
MP-MP-2022-0101,PHOTO,/evidence/MP-MP-2022-0101/photo_866.jpg,Site progress photo,2023-06-26,Field Officer App,sha256:9089a7653196f593b4b8404fe338f833
MP-BHR-2023-0165,PHOTO,/evidence/MP-BHR-2023-0165/photo_823.jpg,Site progress photo,2023-09-30,Field Officer App,sha256:c66185f1d07ed8d576c1faa8ece4c67a
MP-NAG-2022-0097,PHOTO,/evidence/MP-NAG-2022-0097/photo_58.jpg,Site progress photo,2022-08-15,Field Officer App,sha256:165314c94d1b5f7027ce5b6865e1a7d8
MP-UP-2025-0126,PHOTO,/evidence/MP-UP-2025-0126/photo_730.jpg,Site progress photo,2025-07-10,Field Officer App,sha256:0615dd5aa780c4553ccb3acbe00935bd
MP-KAR-2023-0187,PHOTO,/evidence/MP-KAR-2023-0187/photo_544.jpg,Site progress photo,2023-07-01,Field Officer App,sha256:eb259a67c2c1c579c6e24b85deb3b2ae
MP-KER-2025-0121,PHOTO,/evidence/MP-KER-2025-0121/photo_402.jpg,Site progress photo,2025-07-19,Field Officer App,sha256:0f0ffff21f038031e57e89572b1a2834
MP-ODI-2023-0200,PHOTO,/evidence/MP-ODI-2023-0200/photo_608.jpg,Site progress photo,2024-01-27,Field Officer App,sha256:a8eb534c763b022e61ded822c749861e
MP-NAG-2024-0154,PHOTO,/evidence/MP-NAG-2024-0154/photo_216.jpg,Site progress photo,2024-07-27,Field Officer App,sha256:a0c6ebab94657932e872d8baab7119f0
MP-ODI-2022-0115,PHOTO,/evidence/MP-ODI-2022-0115/photo_886.jpg,Site progress photo,2023-01-01,Field Officer App,sha256:5f7c17edcd7c26699de041074e59857a
MP-BHR-2022-0106,PHOTO,/evidence/MP-BHR-2022-0106/photo_883.jpg,Site progress photo,2022-10-16,Field Officer App,sha256:9809b19f54e9f887e452275a86afcf5b
MP-BHR-2025-0123,PHOTO,/evidence/MP-BHR-2025-0123/photo_851.jpg,Site progress photo,2025-11-23,Field Officer App,sha256:2fe40c2e767115ac572762335a14499b
MP-ODI-2022-0116,PHOTO,/evidence/MP-ODI-2022-0116/photo_748.jpg,Site progress photo,2022-11-06,Field Officer App,sha256:afaff6e5870519e80adec37bda116ff8
MP-NAG-2024-0155,PHOTO,/evidence/MP-NAG-2024-0155/photo_724.jpg,Site progress photo,2024-09-22,Field Officer App,sha256:86f7c63961becff4df2516d3595f68b8
MP-RAJ-2025-0123,PHOTO,/evidence/MP-RAJ-2025-0123/photo_712.jpg,Site progress photo,2025-11-13,Field Officer App,sha256:35495c75b15bcccec1a8d426c3850c44
MP-TN-2024-0168,PHOTO,/evidence/MP-TN-2024-0168/photo_271.jpg,Site progress photo,2024-12-31,Field Officer App,sha256:b8b664776194818f5493f8fdced0d816
MP-MP-2022-0102,PHOTO,/evidence/MP-MP-2022-0102/photo_187.jpg,Site progress photo,2022-12-18,Field Officer App,sha256:9332600f414634ccd22e5c8b4f942939
MP-MH-2022-0099,PHOTO,/evidence/MP-MH-2022-0099/photo_677.jpg,Site progress photo,2023-04-22,Field Officer App,sha256:7e90c03a09991f935d8d06ca20fda41d
MP-MH-2025-0149,PHOTO,/evidence/MP-MH-2025-0149/photo_243.jpg,Site progress photo,2025-05-10,Field Officer App,sha256:282528f0d3a92749730b46756f6d66a8
MP-KAR-2024-0187,PHOTO,/evidence/MP-KAR-2024-0187/photo_841.jpg,Site progress photo,2024-09-09,Field Officer App,sha256:40cfe779c9901e4166e26d521441ce45
MP-UP-2022-0098,PHOTO,/evidence/MP-UP-2022-0098/photo_98.jpg,Site progress photo,2023-06-24,Field Officer App,sha256:22b8e37358df2fb99302071a852ec9c3
MP-MH-2024-0176,PHOTO,/evidence/MP-MH-2024-0176/photo_220.jpg,Site progress photo,2025-03-13,Field Officer App,sha256:d612131c7452eb7b2b60fe66f56dbbe0
MP-WB-2024-0156,PHOTO,/evidence/MP-WB-2024-0156/photo_602.jpg,Site progress photo,2024-07-30,Field Officer App,sha256:fc3dfa733761aedb45e85553d29162c1
MP-ASM-2022-0072,PHOTO,/evidence/MP-ASM-2022-0072/photo_225.jpg,Site progress photo,2022-09-03,Field Officer App,sha256:47e6c4f293584186cb350912a682afd8
MP-MP-2023-0167,PHOTO,/evidence/MP-MP-2023-0167/photo_769.jpg,Site progress photo,2023-06-24,Field Officer App,sha256:44049526febb12a77ef002337a4f922d
MP-PUN-2024-0163,PHOTO,/evidence/MP-PUN-2024-0163/photo_587.jpg,Site progress photo,2025-03-17,Field Officer App,sha256:3ed76cf6e58f5bb3e6bee29d10a4bd0d
MP-ASM-2024-0201,PHOTO,/evidence/MP-ASM-2024-0201/photo_144.jpg,Site progress photo,2024-08-17,Field Officer App,sha256:58065b94a38efd9af426a11d78ca65d1
MP-ASM-2023-0184,PHOTO,/evidence/MP-ASM-2023-0184/photo_719.jpg,Site progress photo,2023-05-12,Field Officer App,sha256:0dc3b60db29b51013d9d43545d5ac948
MP-RAJ-2025-0125,PHOTO,/evidence/MP-RAJ-2025-0125/photo_612.jpg,Site progress photo,2025-07-12,Field Officer App,sha256:db7e9a1f2ed8b9e944a73bcd1c8840ea
MP-UP-2023-0170,PHOTO,/evidence/MP-UP-2023-0170/photo_167.jpg,Site progress photo,2023-11-17,Field Officer App,sha256:f86b0b2537126e031576300350d84dcf
MP-DEL-2025-0132,PHOTO,/evidence/MP-DEL-2025-0132/photo_781.jpg,Site progress photo,2025-09-01,Field Officer App,sha256:f3f8a52319816d0856d881460eb9291c
MP-MH-2024-0178,PHOTO,/evidence/MP-MH-2024-0178/photo_201.jpg,Site progress photo,2024-06-18,Field Officer App,sha256:a42ecabfad0dbf62d3d01e9e214124d8
MP-RAJ-2023-0154,PHOTO,/evidence/MP-RAJ-2023-0154/photo_254.jpg,Site progress photo,2023-09-24,Field Officer App,sha256:76e5669ee497645b48d1ccbf865a5c1a
MP-ASM-2023-0185,PHOTO,/evidence/MP-ASM-2023-0185/photo_391.jpg,Site progress photo,2023-10-07,Field Officer App,sha256:4ea6c5d34d7cf4b2dac5f497cc9620e8
MP-NAG-2024-0156,PHOTO,/evidence/MP-NAG-2024-0156/photo_817.jpg,Site progress photo,2024-11-03,Field Officer App,sha256:d5e5423804ec9ea5ef6c8eb7bf19e1a6
MP-MH-2025-0150,PHOTO,/evidence/MP-MH-2025-0150/photo_867.jpg,Site progress photo,2025-06-13,Field Officer App,sha256:309c032f35f090ca5f95851422d7daf8
MP-MP-2024-0173,PHOTO,/evidence/MP-MP-2024-0173/photo_800.jpg,Site progress photo,2024-07-21,Field Officer App,sha256:a6a3222fc1ff9ccaa3a35d3a4cb47c24
MP-RAJ-2025-0126,PHOTO,/evidence/MP-RAJ-2025-0126/photo_842.jpg,Site progress photo,2025-11-29,Field Officer App,sha256:6e5c5fc75c2894cf6670019892363c69
MP-PUN-2023-0152,PHOTO,/evidence/MP-PUN-2023-0152/photo_563.jpg,Site progress photo,2023-06-07,Field Officer App,sha256:ca580461a93bf2525b5c4db175803b3c
MP-DEL-2024-0181,PHOTO,/evidence/MP-DEL-2024-0181/photo_48.jpg,Site progress photo,2024-12-13,Field Officer App,sha256:b3814b610ba4113221a09cb1835e4fe6
MP-UP-2025-0128,PHOTO,/evidence/MP-UP-2025-0128/photo_562.jpg,Site progress photo,2025-09-02,Field Officer App,sha256:1cebc472fbbfa18bcb0c354c4293bb51
MP-TEL-2024-0162,PHOTO,/evidence/MP-TEL-2024-0162/photo_603.jpg,Site progress photo,2025-03-08,Field Officer App,sha256:981c3c4551a0e489e627791b8fda0bb0
MP-TN-2024-0171,PHOTO,/evidence/MP-TN-2024-0171/photo_504.jpg,Site progress photo,2024-12-28,Field Officer App,sha256:cc95b29c515e1c7dd73b4588743d05b2
MP-KER-2023-0171,PHOTO,/evidence/MP-KER-2023-0171/photo_757.jpg,Site progress photo,2023-06-06,Field Officer App,sha256:a95a65695e21c8fc39d32bfe6f096065
MP-MP-2024-0174,PHOTO,/evidence/MP-MP-2024-0174/photo_953.jpg,Site progress photo,2024-08-28,Field Officer App,sha256:0acdc76156c71c8119953b3538b5530d
MP-DEL-2025-0134,PHOTO,/evidence/MP-DEL-2025-0134/photo_824.jpg,Site progress photo,2025-07-09,Field Officer App,sha256:4bbda8247cc446c94d96877831dc0707
MP-WB-2023-0167,PHOTO,/evidence/MP-WB-2023-0167/photo_258.jpg,Site progress photo,2024-01-29,Field Officer App,sha256:107a656546b9877f722f4bc2b9cf6378
MP-UP-2023-0171,PHOTO,/evidence/MP-UP-2023-0171/photo_340.jpg,Site progress photo,2023-11-11,Field Officer App,sha256:bdae4b678aa287cd8003c1d446ac9fe9
MP-NAG-2023-0175,PHOTO,/evidence/MP-NAG-2023-0175/photo_848.jpg,Site progress photo,2023-12-11,Field Officer App,sha256:5b537d63dd271ce0ed67d85c624f4027
MP-WB-2024-0157,PHOTO,/evidence/MP-WB-2024-0157/photo_795.jpg,Site progress photo,2024-07-21,Field Officer App,sha256:201a957d30bd76cdea9274504c69965c
MP-MP-2024-0175,PHOTO,/evidence/MP-MP-2024-0175/photo_11.jpg,Site progress photo,2024-06-16,Field Officer App,sha256:a7f711dcd82fec21df28848d5150bc9e
MP-ODI-2023-0202,PHOTO,/evidence/MP-ODI-2023-0202/photo_533.jpg,Site progress photo,2024-03-10,Field Officer App,sha256:4f75ee79d039b1c656254e50b0805ebd
MP-KAR-2024-0189,PHOTO,/evidence/MP-KAR-2024-0189/photo_103.jpg,Site progress photo,2024-09-07,Field Officer App,sha256:33c178e470d7c014d64fc53786aa4010
MP-RAJ-2023-0155,PHOTO,/evidence/MP-RAJ-2023-0155/photo_52.jpg,Site progress photo,2023-12-14,Field Officer App,sha256:90fa9404d921b86a29e9c33a55279f88
MP-DEL-2024-0182,PHOTO,/evidence/MP-DEL-2024-0182/photo_458.jpg,Site progress photo,2025-01-16,Field Officer App,sha256:d52f78f1eaa5cf64d2094c1fa09fa294
MP-KER-2023-0174,PHOTO,/evidence/MP-KER-2023-0174/photo_657.jpg,Site progress photo,2023-07-19,Field Officer App,sha256:3f6b260a4f4ee63af3c04fda182109f2
MP-ODI-2022-0118,PHOTO,/evidence/MP-ODI-2022-0118/photo_334.jpg,Site progress photo,2022-08-25,Field Officer App,sha256:d4448306119253d6bcb685a91e07fdfd
MP-WB-2025-0111,PHOTO,/evidence/MP-WB-2025-0111/photo_155.jpg,Site progress photo,2025-04-11,Field Officer App,sha256:57c60d0e618f4d34889d0c9bf1229395
MP-ODI-2022-0119,PHOTO,/evidence/MP-ODI-2022-0119/photo_920.jpg,Site progress photo,2023-04-05,Field Officer App,sha256:de8defad0f4493e83d992f5bc5feffc6
MP-TN-2025-0116,PHOTO,/evidence/MP-TN-2025-0116/photo_372.jpg,Site progress photo,2026-01-19,Field Officer App,sha256:01e5e3f6e5ab75cf9efbb6d71058413d
MP-GUJ-2024-0155,PHOTO,/evidence/MP-GUJ-2024-0155/photo_148.jpg,Site progress photo,2025-06-08,Field Officer App,sha256:c4622aa4f2ea4d465e3b7bc9f8442742
MP-GUJ-2023-0147,PHOTO,/evidence/MP-GUJ-2023-0147/photo_624.jpg,Site progress photo,2023-05-05,Field Officer App,sha256:5bcd610cc064155ae675a7274c531195
MP-GUJ-2025-0118,PHOTO,/evidence/MP-GUJ-2025-0118/photo_293.jpg,Site progress photo,2025-06-26,Field Officer App,sha256:d0ebb89aab44c0f05e50152e9e9fe078
MP-WB-2022-0100,PHOTO,/evidence/MP-WB-2022-0100/photo_895.jpg,Site progress photo,2022-10-06,Field Officer App,sha256:6e46b5144675e9aca6ee977860f179ae
MP-MP-2025-0134,PHOTO,/evidence/MP-MP-2025-0134/photo_589.jpg,Site progress photo,2025-08-05,Field Officer App,sha256:0834741b01f12308e5b7d47f8a67e553
MP-KAR-2023-0189,PHOTO,/evidence/MP-KAR-2023-0189/photo_577.jpg,Site progress photo,2024-02-15,Field Officer App,sha256:2e5543965956306d23dfd76b307be220
MP-DEL-2022-0099,PHOTO,/evidence/MP-DEL-2022-0099/photo_141.jpg,Site progress photo,2022-10-29,Field Officer App,sha256:21c67cdc0d54e33e2302b645221aee26
MP-PUN-2025-0134,PHOTO,/evidence/MP-PUN-2025-0134/photo_951.jpg,Site progress photo,2025-02-15,Field Officer App,sha256:c0c240b1713124b44e8c3698a16f1d16
MP-PUN-2022-0093,PHOTO,/evidence/MP-PUN-2022-0093/photo_605.jpg,Site progress photo,2023-01-12,Field Officer App,sha256:0f5922273d83775e28dabe003e61fe55
MP-KAR-2024-0190,PHOTO,/evidence/MP-KAR-2024-0190/photo_969.jpg,Site progress photo,2024-10-22,Field Officer App,sha256:b079fc7addf7e0ee4709c9f44b04bcb0
MP-UP-2023-0173,PHOTO,/evidence/MP-UP-2023-0173/photo_45.jpg,Site progress photo,2023-10-31,Field Officer App,sha256:211951440cd5fe05a0fcef8ad8f76a15
MP-UP-2023-0174,PHOTO,/evidence/MP-UP-2023-0174/photo_748.jpg,Site progress photo,2023-08-30,Field Officer App,sha256:737c0aca02be04f40a4e3de359939c22
MP-MP-2023-0171,PHOTO,/evidence/MP-MP-2023-0171/photo_568.jpg,Site progress photo,2024-03-12,Field Officer App,sha256:b5f3831fc9e799fd4ed0855e616a9cd9
MP-KAR-2024-0191,PHOTO,/evidence/MP-KAR-2024-0191/photo_5.jpg,Site progress photo,2024-08-26,Field Officer App,sha256:f6263aa7c2fed1f5cdaf56d77ee84313
MP-ODI-2024-0158,PHOTO,/evidence/MP-ODI-2024-0158/photo_424.jpg,Site progress photo,2024-09-04,Field Officer App,sha256:6e8d2ceef8573e1d1d190b1fc519d123
MP-NAG-2023-0177,PHOTO,/evidence/MP-NAG-2023-0177/photo_882.jpg,Site progress photo,2023-08-04,Field Officer App,sha256:6bbbaa8e0f8542c76dd18719405457fd
MP-DEL-2022-0101,PHOTO,/evidence/MP-DEL-2022-0101/photo_418.jpg,Site progress photo,2022-09-30,Field Officer App,sha256:db516c15e304289cd33bd533f7ffce3d
MP-MH-2022-0100,PHOTO,/evidence/MP-MH-2022-0100/photo_956.jpg,Site progress photo,2023-04-16,Field Officer App,sha256:cee2dfa96146a841c163bffc1831f1c4
MP-KAR-2023-0190,PHOTO,/evidence/MP-KAR-2023-0190/photo_785.jpg,Site progress photo,2024-02-21,Field Officer App,sha256:0755b6a450e1cc6375f4944749e86a3d
MP-MP-2023-0172,PHOTO,/evidence/MP-MP-2023-0172/photo_822.jpg,Site progress photo,2023-06-09,Field Officer App,sha256:4757c403ad7114775855d3957d6a28dd
MP-PUN-2025-0135,PHOTO,/evidence/MP-PUN-2025-0135/photo_258.jpg,Site progress photo,2025-08-10,Field Officer App,sha256:b3a46396b8a0a4263ffb8974881b88ec
MP-KER-2023-0175,PHOTO,/evidence/MP-KER-2023-0175/photo_87.jpg,Site progress photo,2024-01-13,Field Officer App,sha256:b681f76e5e6a5aabc4c2b1ea9c7d99ea
MP-ASM-2022-0073,PHOTO,/evidence/MP-ASM-2022-0073/photo_119.jpg,Site progress photo,2022-12-17,Field Officer App,sha256:3752234d5a7de92dc83b426917704ef6
MP-DEL-2025-0136,PHOTO,/evidence/MP-DEL-2025-0136/photo_727.jpg,Site progress photo,2026-02-15,Field Officer App,sha256:75481896001d4118a23e44a347792b00
MP-KAR-2023-0191,PHOTO,/evidence/MP-KAR-2023-0191/photo_561.jpg,Site progress photo,2023-08-02,Field Officer App,sha256:2be9f28e444a6d9458542da7fed6f85d
MP-BHR-2025-0126,PHOTO,/evidence/MP-BHR-2025-0126/photo_582.jpg,Site progress photo,2025-01-31,Field Officer App,sha256:320f0d7859056acf9d17fbc4127a1aef
MP-NAG-2023-0179,PHOTO,/evidence/MP-NAG-2023-0179/photo_701.jpg,Site progress photo,2023-10-29,Field Officer App,sha256:725e5265b51a503020daf7e78b1ed830
MP-RAJ-2023-0156,PHOTO,/evidence/MP-RAJ-2023-0156/photo_962.jpg,Site progress photo,2023-05-26,Field Officer App,sha256:2d3f6c846235b5c8fa534b4bf2b60e88
MP-WB-2024-0158,PHOTO,/evidence/MP-WB-2024-0158/photo_512.jpg,Site progress photo,2025-01-20,Field Officer App,sha256:06ada13e06fbedaea93d4bac61d51cf5
MP-NAG-2023-0180,PHOTO,/evidence/MP-NAG-2023-0180/photo_910.jpg,Site progress photo,2023-04-29,Field Officer App,sha256:1942e246cbc4ac655233ea6f2f863c03
MP-ASM-2024-0202,PHOTO,/evidence/MP-ASM-2024-0202/photo_485.jpg,Site progress photo,2024-11-28,Field Officer App,sha256:fdbcaef1536cea6105ae47c67edcc394
MP-KER-2023-0176,PHOTO,/evidence/MP-KER-2023-0176/photo_34.jpg,Site progress photo,2024-05-22,Field Officer App,sha256:5140d284edcdcccfa6e2c17c3a597a87
MP-UP-2022-0099,PHOTO,/evidence/MP-UP-2022-0099/photo_95.jpg,Site progress photo,2022-08-12,Field Officer App,sha256:9704ceb7c58fa5c5a5c2c34546cfeeff
MP-KAR-2024-0192,PHOTO,/evidence/MP-KAR-2024-0192/photo_148.jpg,Site progress photo,2024-06-24,Field Officer App,sha256:ad7984661a79ff5677dc1993413f8978
MP-GUJ-2023-0148,PHOTO,/evidence/MP-GUJ-2023-0148/photo_1.jpg,Site progress photo,2023-08-22,Field Officer App,sha256:ab74fc4335c4843efc2587ca14db9415
MP-RAJ-2024-0175,PHOTO,/evidence/MP-RAJ-2024-0175/photo_489.jpg,Site progress photo,2024-09-28,Field Officer App,sha256:424a887ac10c3b217b604ab39d3d931b
MP-DEL-2024-0183,PHOTO,/evidence/MP-DEL-2024-0183/photo_340.jpg,Site progress photo,2024-07-07,Field Officer App,sha256:6f3fe8092c2dd8dbb6a7abab9a4d57fd
MP-ASM-2022-0074,PHOTO,/evidence/MP-ASM-2022-0074/photo_206.jpg,Site progress photo,2023-06-20,Field Officer App,sha256:839da183c10061e71213ef6a6cf79e56
MP-NAG-2023-0181,PHOTO,/evidence/MP-NAG-2023-0181/photo_184.jpg,Site progress photo,2023-06-14,Field Officer App,sha256:2495128ebd1f8667bb354d50474671a4
MP-ASM-2023-0186,PHOTO,/evidence/MP-ASM-2023-0186/photo_474.jpg,Site progress photo,2023-09-22,Field Officer App,sha256:ac73a2083f0b92fcc2cdc2a1d1172936
MP-NAG-2025-0121,PHOTO,/evidence/MP-NAG-2025-0121/photo_107.jpg,Site progress photo,2025-10-03,Field Officer App,sha256:0c6e8ab2484d1030de840a5e6d90554b
MP-KER-2023-0177,PHOTO,/evidence/MP-KER-2023-0177/photo_135.jpg,Site progress photo,2023-05-13,Field Officer App,sha256:da89bf79e1d2b4ed113a83a842749aa1
MP-MH-2024-0180,PHOTO,/evidence/MP-MH-2024-0180/photo_360.jpg,Site progress photo,2025-01-11,Field Officer App,sha256:3f19c5192961021129a25bec5fd478e3
MP-MP-2025-0135,PHOTO,/evidence/MP-MP-2025-0135/photo_259.jpg,Site progress photo,2025-07-26,Field Officer App,sha256:aeb325b222d6193c3490883b65fce9c4
MP-TN-2023-0145,PHOTO,/evidence/MP-TN-2023-0145/photo_6.jpg,Site progress photo,2024-01-12,Field Officer App,sha256:f2cde5b53a10a39af7d82790f525cea2
MP-MH-2022-0102,PHOTO,/evidence/MP-MH-2022-0102/photo_837.jpg,Site progress photo,2023-02-04,Field Officer App,sha256:412b4481ff5bafeab127b6bf20b00085
MP-ODI-2025-0123,PHOTO,/evidence/MP-ODI-2025-0123/photo_94.jpg,Site progress photo,2026-01-26,Field Officer App,sha256:56fb070e73d57f34549f5d3187348bf0
MP-BHR-2023-0171,PHOTO,/evidence/MP-BHR-2023-0171/photo_827.jpg,Site progress photo,2023-09-14,Field Officer App,sha256:a18e4c736c7dba99ebfd4752ee356491
MP-DEL-2022-0102,PHOTO,/evidence/MP-DEL-2022-0102/photo_91.jpg,Site progress photo,2022-12-10,Field Officer App,sha256:731930f203fa3a5b7475b5f9128e6754
MP-TN-2023-0146,PHOTO,/evidence/MP-TN-2023-0146/photo_851.jpg,Site progress photo,2024-04-24,Field Officer App,sha256:e6363f53cef786000d2b9b30da2d6da8
MP-KER-2023-0178,PHOTO,/evidence/MP-KER-2023-0178/photo_697.jpg,Site progress photo,2023-10-01,Field Officer App,sha256:1fbde46aacdbf393f3d0e2a749b236e4
MP-RAJ-2023-0158,PHOTO,/evidence/MP-RAJ-2023-0158/photo_462.jpg,Site progress photo,2024-01-07,Field Officer App,sha256:ee0227d7dd2388f91a8ce5306dde0daa
MP-RAJ-2023-0159,PHOTO,/evidence/MP-RAJ-2023-0159/photo_910.jpg,Site progress photo,2023-11-23,Field Officer App,sha256:52ac9aaaacfac05a58c93b19c7638398
MP-DEL-2025-0137,PHOTO,/evidence/MP-DEL-2025-0137/photo_536.jpg,Site progress photo,2025-10-08,Field Officer App,sha256:d198486c599f85e248319493c83fea17
MP-DEL-2024-0184,PHOTO,/evidence/MP-DEL-2024-0184/photo_686.jpg,Site progress photo,2025-05-22,Field Officer App,sha256:6f809dd1c8fe3de5b85b2d7a732a0fd6
MP-KER-2025-0124,PHOTO,/evidence/MP-KER-2025-0124/photo_719.jpg,Site progress photo,2025-08-31,Field Officer App,sha256:7933a47a27dc7ad8d55646bae53d9b1f
MP-UP-2023-0175,PHOTO,/evidence/MP-UP-2023-0175/photo_2.jpg,Site progress photo,2024-02-25,Field Officer App,sha256:da3425135e0e1a0e474e2cca64b31a5f
MP-ASM-2022-0075,PHOTO,/evidence/MP-ASM-2022-0075/photo_513.jpg,Site progress photo,2022-11-21,Field Officer App,sha256:fda4e1f2bbcd22989eedebd25c7ce486
MP-ODI-2024-0159,PHOTO,/evidence/MP-ODI-2024-0159/photo_368.jpg,Site progress photo,2025-05-20,Field Officer App,sha256:605daed7bba01fd74dffae8c42933d9d
MP-KER-2023-0179,PHOTO,/evidence/MP-KER-2023-0179/photo_308.jpg,Site progress photo,2024-01-29,Field Officer App,sha256:db7e49838692fc45c3ecfd06ecb5ab3d
MP-PUN-2024-0165,PHOTO,/evidence/MP-PUN-2024-0165/photo_896.jpg,Site progress photo,2024-08-21,Field Officer App,sha256:33ca7b0f6dc3c33733622b789ed6366b
MP-MP-2025-0136,PHOTO,/evidence/MP-MP-2025-0136/photo_590.jpg,Site progress photo,2025-07-28,Field Officer App,sha256:2c887de7060eedf3b6f4c7c5e5baea4d
MP-DEL-2022-0103,PHOTO,/evidence/MP-DEL-2022-0103/photo_808.jpg,Site progress photo,2022-10-17,Field Officer App,sha256:b7d9ed4b092d8836cfbb940584510671
MP-ASM-2024-0203,PHOTO,/evidence/MP-ASM-2024-0203/photo_166.jpg,Site progress photo,2025-05-03,Field Officer App,sha256:5146dd9d104a0073becd728ccb9d6656
MP-TEL-2022-0090,PHOTO,/evidence/MP-TEL-2022-0090/photo_42.jpg,Site progress photo,2022-12-15,Field Officer App,sha256:c050d593888f9e8b355f99f64c041354
MP-PUN-2025-0136,PHOTO,/evidence/MP-PUN-2025-0136/photo_323.jpg,Site progress photo,2025-09-13,Field Officer App,sha256:4611120aa786e041814244813b544a28
MP-ASM-2024-0204,PHOTO,/evidence/MP-ASM-2024-0204/photo_543.jpg,Site progress photo,2024-09-17,Field Officer App,sha256:e758b1210a8f50374b64936f79d86049
MP-ODI-2024-0160,PHOTO,/evidence/MP-ODI-2024-0160/photo_659.jpg,Site progress photo,2024-10-14,Field Officer App,sha256:e10a7b58a6b7fd8665f914e83cd7aaad
MP-TN-2023-0148,PHOTO,/evidence/MP-TN-2023-0148/photo_305.jpg,Site progress photo,2024-06-17,Field Officer App,sha256:5f248f9327579a40fdba3cfb4397844e
MP-DEL-2023-0191,PHOTO,/evidence/MP-DEL-2023-0191/photo_57.jpg,Site progress photo,2023-11-25,Field Officer App,sha256:f0ce7d585762965296a4e41d3f975f46
MP-GUJ-2023-0149,PHOTO,/evidence/MP-GUJ-2023-0149/photo_555.jpg,Site progress photo,2023-08-07,Field Officer App,sha256:a266b16254cff8eb17fa1207f2105dc6
MP-ASM-2025-0131,PHOTO,/evidence/MP-ASM-2025-0131/photo_470.jpg,Site progress photo,2025-10-11,Field Officer App,sha256:6d40da2bf04d8b536bf7faa7af425970
MP-UP-2025-0130,PHOTO,/evidence/MP-UP-2025-0130/photo_731.jpg,Site progress photo,2025-12-18,Field Officer App,sha256:11354d89a11ce7654038dc4c303b49a3
MP-KAR-2025-0137,PHOTO,/evidence/MP-KAR-2025-0137/photo_469.jpg,Site progress photo,2025-09-15,Field Officer App,sha256:707ecd747b3c04670c9b24ea23f301c4
MP-MH-2025-0155,PHOTO,/evidence/MP-MH-2025-0155/photo_31.jpg,Site progress photo,2025-06-29,Field Officer App,sha256:b3c05d66763d3330979072a59864b567
MP-RAJ-2025-0129,PHOTO,/evidence/MP-RAJ-2025-0129/photo_425.jpg,Site progress photo,2025-06-15,Field Officer App,sha256:2ba89d2b18d82d415296f893c8868677
MP-NAG-2024-0162,PHOTO,/evidence/MP-NAG-2024-0162/photo_363.jpg,Site progress photo,2024-06-21,Field Officer App,sha256:96ac9276f4cc9487cf9811d37e930f12
MP-WB-2023-0169,PHOTO,/evidence/MP-WB-2023-0169/photo_790.jpg,Site progress photo,2023-03-29,Field Officer App,sha256:a85d25d34c6c8cfa10bbf1391e839af3
MP-DEL-2023-0192,PHOTO,/evidence/MP-DEL-2023-0192/photo_317.jpg,Site progress photo,2023-07-15,Field Officer App,sha256:eb9c3e99047887ce33c2d7ef46c6b194
MP-NAG-2022-0098,PHOTO,/evidence/MP-NAG-2022-0098/photo_255.jpg,Site progress photo,2023-01-07,Field Officer App,sha256:33edb5266f07f4bae146f912dd64588d
MP-KER-2024-0181,PHOTO,/evidence/MP-KER-2024-0181/photo_509.jpg,Site progress photo,2024-07-07,Field Officer App,sha256:6d7bd6e377ddc9fdb0ff0d73c26aa9f1
MP-MP-2025-0138,PHOTO,/evidence/MP-MP-2025-0138/photo_998.jpg,Site progress photo,2025-04-27,Field Officer App,sha256:35cdaca6d0d2713c0ef3d90f475a5960
MP-NAG-2023-0183,PHOTO,/evidence/MP-NAG-2023-0183/photo_749.jpg,Site progress photo,2023-10-29,Field Officer App,sha256:b07777ee37c5327082156a215c78f440
MP-BHR-2023-0172,PHOTO,/evidence/MP-BHR-2023-0172/photo_712.jpg,Site progress photo,2024-04-10,Field Officer App,sha256:8d5e80b0e45fb394d843296d291c3d31
MP-NAG-2024-0163,PHOTO,/evidence/MP-NAG-2024-0163/photo_288.jpg,Site progress photo,2024-12-01,Field Officer App,sha256:1f1c4ac9aad27048a02c2ea637ad4ac7
MP-UP-2024-0171,PHOTO,/evidence/MP-UP-2024-0171/photo_241.jpg,Site progress photo,2024-08-31,Field Officer App,sha256:af28d914e2a3538007f606742775233d
MP-TN-2025-0118,PHOTO,/evidence/MP-TN-2025-0118/photo_116.jpg,Site progress photo,2025-06-20,Field Officer App,sha256:7cdc8952a81b31d611690bf0838407c8
MP-TN-2025-0119,PHOTO,/evidence/MP-TN-2025-0119/photo_283.jpg,Site progress photo,2025-05-06,Field Officer App,sha256:fea1b0749c0977d9132734e32c5e5714
MP-TEL-2025-0118,PHOTO,/evidence/MP-TEL-2025-0118/photo_958.jpg,Site progress photo,2026-03-18,Field Officer App,sha256:df81a39327113d5548fe5c80fcfaa357
MP-ODI-2025-0124,PHOTO,/evidence/MP-ODI-2025-0124/photo_447.jpg,Site progress photo,2025-10-16,Field Officer App,sha256:6681260cd4e4fbcb1d04c6e395e7e17f
MP-TEL-2022-0091,PHOTO,/evidence/MP-TEL-2022-0091/photo_648.jpg,Site progress photo,2022-10-04,Field Officer App,sha256:6589724aebd7e85cc35cc128420e0a9b
MP-ASM-2024-0206,PHOTO,/evidence/MP-ASM-2024-0206/photo_377.jpg,Site progress photo,2024-12-23,Field Officer App,sha256:37f07a727e71fe64fe4270b74331d15a
MP-ASM-2025-0133,PHOTO,/evidence/MP-ASM-2025-0133/photo_579.jpg,Site progress photo,2025-04-21,Field Officer App,sha256:368ca8859d0f537cfffacfac7a093990
MP-MP-2025-0139,PHOTO,/evidence/MP-MP-2025-0139/photo_677.jpg,Site progress photo,2025-06-09,Field Officer App,sha256:0890aadea0447bab6f222fca9e7ca2e4
MP-WB-2024-0161,PHOTO,/evidence/MP-WB-2024-0161/photo_104.jpg,Site progress photo,2024-07-26,Field Officer App,sha256:10bdfe96031249e3903d8abda72f6e24
MP-KAR-2022-0103,PHOTO,/evidence/MP-KAR-2022-0103/photo_8.jpg,Site progress photo,2023-03-10,Field Officer App,sha256:10350ba9d088c9c999b6f18a30fe0553
MP-PUN-2025-0137,PHOTO,/evidence/MP-PUN-2025-0137/photo_32.jpg,Site progress photo,2025-05-16,Field Officer App,sha256:945234f14b3a5c566e7ca91d388a79b6
MP-TN-2025-0120,PHOTO,/evidence/MP-TN-2025-0120/photo_564.jpg,Site progress photo,2025-07-09,Field Officer App,sha256:625e833220daafad87322d911f717506
MP-TEL-2025-0120,PHOTO,/evidence/MP-TEL-2025-0120/photo_905.jpg,Site progress photo,2025-12-06,Field Officer App,sha256:b23ba5356fe96b9bfb6c60a27b29fb58
MP-UP-2024-0172,PHOTO,/evidence/MP-UP-2024-0172/photo_522.jpg,Site progress photo,2024-07-10,Field Officer App,sha256:c8ac9a9cce74301ebbdf4ea7ca23c1a4
MP-ASM-2023-0187,PHOTO,/evidence/MP-ASM-2023-0187/photo_989.jpg,Site progress photo,2023-11-09,Field Officer App,sha256:6b1930a789e6a1bc08d3dac798c0e12c
MP-WB-2024-0162,PHOTO,/evidence/MP-WB-2024-0162/photo_230.jpg,Site progress photo,2024-04-21,Field Officer App,sha256:374350ba4e0a4d952b467fe8045e891e
MP-ODI-2024-0161,PHOTO,/evidence/MP-ODI-2024-0161/photo_201.jpg,Site progress photo,2024-07-04,Field Officer App,sha256:d17e56983a98806a2310187abf1c2f2e
MP-WB-2025-0113,PHOTO,/evidence/MP-WB-2025-0113/photo_152.jpg,Site progress photo,2025-07-05,Field Officer App,sha256:76f884f3fe3815f31a275ca1d526398d
MP-ODI-2023-0207,PHOTO,/evidence/MP-ODI-2023-0207/photo_28.jpg,Site progress photo,2023-08-27,Field Officer App,sha256:a8e166b046bc332273c38244359abc9a
MP-RAJ-2025-0132,PHOTO,/evidence/MP-RAJ-2025-0132/photo_972.jpg,Site progress photo,2025-07-27,Field Officer App,sha256:771d8fc8ade20cddcc771b8e28941f09
MP-ASM-2025-0134,PHOTO,/evidence/MP-ASM-2025-0134/photo_38.jpg,Site progress photo,2025-08-07,Field Officer App,sha256:955db03638d107acbe956f09698643fc
MP-BHR-2022-0108,PHOTO,/evidence/MP-BHR-2022-0108/photo_268.jpg,Site progress photo,2022-10-05,Field Officer App,sha256:523fa44391e16d5a3bce9fc5e538cbe0
MP-KAR-2025-0139,PHOTO,/evidence/MP-KAR-2025-0139/photo_920.jpg,Site progress photo,2025-12-23,Field Officer App,sha256:a3baaeae70563e88b86c081bae22a0b5
MP-KER-2023-0180,PHOTO,/evidence/MP-KER-2023-0180/photo_244.jpg,Site progress photo,2023-07-16,Field Officer App,sha256:6a810006e5b3e11f9c7448ec562104ec
MP-KAR-2024-0193,PHOTO,/evidence/MP-KAR-2024-0193/photo_137.jpg,Site progress photo,2025-04-10,Field Officer App,sha256:89fb78f89ac18b4fccc7786a6737f22a
MP-MP-2025-0140,PHOTO,/evidence/MP-MP-2025-0140/photo_618.jpg,Site progress photo,2025-12-01,Field Officer App,sha256:c5c6521897a4dd5b77c59eab9ee48340
MP-TEL-2025-0121,PHOTO,/evidence/MP-TEL-2025-0121/photo_367.jpg,Site progress photo,2025-07-16,Field Officer App,sha256:7804f55e2f6fb3eb30c3135d6a9d6b58
MP-GUJ-2024-0158,PHOTO,/evidence/MP-GUJ-2024-0158/photo_974.jpg,Site progress photo,2024-07-14,Field Officer App,sha256:5f031adabcc8357852a0f0dffb9aa142
MP-WB-2024-0163,PHOTO,/evidence/MP-WB-2024-0163/photo_289.jpg,Site progress photo,2024-12-16,Field Officer App,sha256:78479b9635cec57c5be07211d9bc5711
MP-KAR-2024-0194,PHOTO,/evidence/MP-KAR-2024-0194/photo_311.jpg,Site progress photo,2025-07-02,Field Officer App,sha256:aef568ed2e4fa5ae7f026966c0f98656
MP-NAG-2023-0184,PHOTO,/evidence/MP-NAG-2023-0184/photo_106.jpg,Site progress photo,2023-08-18,Field Officer App,sha256:ffdcac7e04469fffdeccb8b3868d56dd
MP-KAR-2025-0140,PHOTO,/evidence/MP-KAR-2025-0140/photo_734.jpg,Site progress photo,2025-12-24,Field Officer App,sha256:902a17c9be52175e3b68892db10fefc3
MP-TN-2025-0121,PHOTO,/evidence/MP-TN-2025-0121/photo_365.jpg,Site progress photo,2025-07-25,Field Officer App,sha256:1d7973eaa1b430148aee17619ef9afe0
MP-WB-2024-0164,PHOTO,/evidence/MP-WB-2024-0164/photo_517.jpg,Site progress photo,2024-04-25,Field Officer App,sha256:1372ed47a6733b88835838c25c0fd29a
MP-DEL-2024-0185,PHOTO,/evidence/MP-DEL-2024-0185/photo_95.jpg,Site progress photo,2024-07-24,Field Officer App,sha256:35d3795066523a84accadcac8c4f035e
MP-TN-2023-0150,PHOTO,/evidence/MP-TN-2023-0150/photo_642.jpg,Site progress photo,2023-08-13,Field Officer App,sha256:dc9626c1f3c526a4c9b8677921c9112d
MP-GUJ-2022-0104,PHOTO,/evidence/MP-GUJ-2022-0104/photo_80.jpg,Site progress photo,2022-08-08,Field Officer App,sha256:af9ba84f50cadca0251a21e9e8959b3c
MP-PUN-2022-0095,PHOTO,/evidence/MP-PUN-2022-0095/photo_39.jpg,Site progress photo,2023-01-22,Field Officer App,sha256:cb38cce7bce6758bb076fc46bcadd9c3
MP-TEL-2022-0092,PHOTO,/evidence/MP-TEL-2022-0092/photo_830.jpg,Site progress photo,2022-09-20,Field Officer App,sha256:7bb33c15a6adcc9187b01b2fc6d71d82
MP-RAJ-2023-0162,PHOTO,/evidence/MP-RAJ-2023-0162/photo_889.jpg,Site progress photo,2023-07-28,Field Officer App,sha256:1329fe86b88a6233825409e721b4939c
MP-KAR-2024-0197,PHOTO,/evidence/MP-KAR-2024-0197/photo_516.jpg,Site progress photo,2024-08-19,Field Officer App,sha256:44ff12ea1d1190dfa3a3dd8967b0b677
MP-PUN-2023-0155,PHOTO,/evidence/MP-PUN-2023-0155/photo_931.jpg,Site progress photo,2024-03-09,Field Officer App,sha256:20bbd7b3b37da6ac5a61708f3d5a4848
MP-KAR-2023-0196,PHOTO,/evidence/MP-KAR-2023-0196/photo_51.jpg,Site progress photo,2023-03-05,Field Officer App,sha256:358f01589e3133329b89c25bb85d29fb
MP-GUJ-2022-0105,PHOTO,/evidence/MP-GUJ-2022-0105/photo_113.jpg,Site progress photo,2023-02-11,Field Officer App,sha256:b42ec8fbd3f5e44df64b9855025c9e48
MP-GUJ-2024-0159,PHOTO,/evidence/MP-GUJ-2024-0159/photo_695.jpg,Site progress photo,2024-03-27,Field Officer App,sha256:940e353af01b242f3cb61a6ba594036a
MP-MH-2022-0104,PHOTO,/evidence/MP-MH-2022-0104/photo_709.jpg,Site progress photo,2023-02-09,Field Officer App,sha256:a95aae037bbe417c2c4d4f9a91e02e9f
MP-WB-2022-0101,PHOTO,/evidence/MP-WB-2022-0101/photo_98.jpg,Site progress photo,2023-03-21,Field Officer App,sha256:f346dc7af96ecc54868e68b2342ba6c0
MP-UP-2022-0100,PHOTO,/evidence/MP-UP-2022-0100/photo_433.jpg,Site progress photo,2023-01-31,Field Officer App,sha256:0282523c7ecb121959c2edaa6bc9e5d7
MP-MH-2022-0105,PHOTO,/evidence/MP-MH-2022-0105/photo_234.jpg,Site progress photo,2022-10-28,Field Officer App,sha256:e6162b8a621191bcdaf03d541f43ae64
MP-KER-2022-0114,PHOTO,/evidence/MP-KER-2022-0114/photo_189.jpg,Site progress photo,2022-08-10,Field Officer App,sha256:5136aebd44a942d89228d21ed4b80e45
MP-BHR-2023-0173,PHOTO,/evidence/MP-BHR-2023-0173/photo_480.jpg,Site progress photo,2024-02-15,Field Officer App,sha256:835a0e7ed1fc3ac400f4a0b41f8bdb2c
MP-TEL-2023-0169,PHOTO,/evidence/MP-TEL-2023-0169/photo_901.jpg,Site progress photo,2024-03-19,Field Officer App,sha256:6beb09f5f029e47e615fe1940894394c
MP-NAG-2024-0165,PHOTO,/evidence/MP-NAG-2024-0165/photo_671.jpg,Site progress photo,2025-01-03,Field Officer App,sha256:5db85a87e83945eaca24bafbbe6e6696
MP-DEL-2024-0186,PHOTO,/evidence/MP-DEL-2024-0186/photo_597.jpg,Site progress photo,2025-03-10,Field Officer App,sha256:6820b122650c04b5e48c5c42452f5a64
MP-DEL-2023-0194,PHOTO,/evidence/MP-DEL-2023-0194/photo_819.jpg,Site progress photo,2023-03-02,Field Officer App,sha256:56cd8a5d1e33652f0306f92d85816946
MP-GUJ-2024-0160,PHOTO,/evidence/MP-GUJ-2024-0160/photo_272.jpg,Site progress photo,2024-06-23,Field Officer App,sha256:144f9f92a784f3c7bb3df092c6ab66c6
MP-MH-2025-0157,PHOTO,/evidence/MP-MH-2025-0157/photo_67.jpg,Site progress photo,2025-09-04,Field Officer App,sha256:4c1b43eed8d1c2996e28c86e4d37e6d0
MP-WB-2023-0170,PHOTO,/evidence/MP-WB-2023-0170/photo_902.jpg,Site progress photo,2023-06-28,Field Officer App,sha256:62368ebdbae7ff254c6598ca9f25c014
MP-ASM-2025-0135,PHOTO,/evidence/MP-ASM-2025-0135/photo_992.jpg,Site progress photo,2026-01-12,Field Officer App,sha256:6c2243743839f4463c6d381954dcdb1d
MP-KER-2022-0115,PHOTO,/evidence/MP-KER-2022-0115/photo_589.jpg,Site progress photo,2023-01-24,Field Officer App,sha256:e92f9030af176f44305f7e2a08ce94fe
MP-ODI-2024-0162,PHOTO,/evidence/MP-ODI-2024-0162/photo_753.jpg,Site progress photo,2025-05-04,Field Officer App,sha256:7854ae0514d742508ca101e514012185
MP-TEL-2024-0167,PHOTO,/evidence/MP-TEL-2024-0167/photo_586.jpg,Site progress photo,2024-03-14,Field Officer App,sha256:4ff30bc5c5fab9f3f786d4e15b162ce1
MP-PUN-2024-0169,PHOTO,/evidence/MP-PUN-2024-0169/photo_904.jpg,Site progress photo,2024-02-26,Field Officer App,sha256:20ad91b99b3c1c6ca738fd263a623b00
MP-MH-2023-0172,PHOTO,/evidence/MP-MH-2023-0172/photo_361.jpg,Site progress photo,2023-06-26,Field Officer App,sha256:3715120b32b05b41c1104c4cc0f9b2e0
MP-MP-2025-0141,PHOTO,/evidence/MP-MP-2025-0141/photo_164.jpg,Site progress photo,2026-01-25,Field Officer App,sha256:0b6d95f5aa660c3f11541a635bf5208a
MP-TN-2024-0174,PHOTO,/evidence/MP-TN-2024-0174/photo_286.jpg,Site progress photo,2024-11-03,Field Officer App,sha256:213f72d1410a880e1e11727657c968cd
MP-BHR-2024-0181,PHOTO,/evidence/MP-BHR-2024-0181/photo_480.jpg,Site progress photo,2024-08-28,Field Officer App,sha256:97db989eb94d65b67f5d0cf1df5e69d7
MP-ASM-2024-0208,PHOTO,/evidence/MP-ASM-2024-0208/photo_732.jpg,Site progress photo,2024-08-17,Field Officer App,sha256:f04f93ea95854e198567ad5bed58e60a
MP-MP-2024-0180,PHOTO,/evidence/MP-MP-2024-0180/photo_304.jpg,Site progress photo,2025-04-08,Field Officer App,sha256:197120ddef2e5beee950d25230856b7c
MP-RAJ-2024-0177,PHOTO,/evidence/MP-RAJ-2024-0177/photo_820.jpg,Site progress photo,2025-02-19,Field Officer App,sha256:776cef6f635a1340cfa575d9619725c0
MP-ODI-2024-0164,PHOTO,/evidence/MP-ODI-2024-0164/photo_850.jpg,Site progress photo,2024-10-03,Field Officer App,sha256:2ac8d8074a4d84751f4ecce499a6c011
MP-KER-2025-0125,PHOTO,/evidence/MP-KER-2025-0125/photo_339.jpg,Site progress photo,2025-12-29,Field Officer App,sha256:5725a272c94c5a4ff07d4209e09cb5c6
MP-NAG-2024-0166,PHOTO,/evidence/MP-NAG-2024-0166/photo_209.jpg,Site progress photo,2025-01-13,Field Officer App,sha256:43c82955f6f73354a80b39e3ffb37e57
MP-KER-2025-0126,PHOTO,/evidence/MP-KER-2025-0126/photo_388.jpg,Site progress photo,2025-11-10,Field Officer App,sha256:e299e6ffd1868c1afcd0183a873b583b
MP-MH-2025-0158,PHOTO,/evidence/MP-MH-2025-0158/photo_735.jpg,Site progress photo,2025-08-02,Field Officer App,sha256:9c6758d6f35c87a7c74dee761323b999
MP-RAJ-2025-0134,PHOTO,/evidence/MP-RAJ-2025-0134/photo_340.jpg,Site progress photo,2026-02-09,Field Officer App,sha256:078da7a2606410bbaa414d94eb68f687
MP-WB-2024-0165,PHOTO,/evidence/MP-WB-2024-0165/photo_715.jpg,Site progress photo,2024-06-16,Field Officer App,sha256:6bcc2811c58377505efc058804b67380
MP-KAR-2023-0199,PHOTO,/evidence/MP-KAR-2023-0199/photo_12.jpg,Site progress photo,2023-09-29,Field Officer App,sha256:c7227697c4f46c8a131b3ba185e1339f
MP-WB-2024-0166,PHOTO,/evidence/MP-WB-2024-0166/photo_78.jpg,Site progress photo,2024-11-12,Field Officer App,sha256:330bcfdc8590838d94509f696ff6686f
MP-BHR-2024-0182,PHOTO,/evidence/MP-BHR-2024-0182/photo_405.jpg,Site progress photo,2024-08-15,Field Officer App,sha256:745e9b26049d58180c7fc745a561353a
MP-MP-2022-0107,PHOTO,/evidence/MP-MP-2022-0107/photo_668.jpg,Site progress photo,2022-10-22,Field Officer App,sha256:2af651fc36ced1752c7079550e4b7514
MP-DEL-2023-0195,PHOTO,/evidence/MP-DEL-2023-0195/photo_358.jpg,Site progress photo,2023-08-13,Field Officer App,sha256:ef15bf852e02ee7e37c8f04f0b624d70
MP-WB-2024-0167,PHOTO,/evidence/MP-WB-2024-0167/photo_851.jpg,Site progress photo,2024-04-07,Field Officer App,sha256:f3f6a92e56c0115919641a7919513e77
MP-UP-2023-0178,PHOTO,/evidence/MP-UP-2023-0178/photo_83.jpg,Site progress photo,2024-03-05,Field Officer App,sha256:c5d0a71c4154a85deafb5b75aeff70f6
MP-NAG-2022-0099,PHOTO,/evidence/MP-NAG-2022-0099/photo_945.jpg,Site progress photo,2022-10-04,Field Officer App,sha256:78a32f937439954d203dd1e214a86644
MP-RAJ-2024-0178,PHOTO,/evidence/MP-RAJ-2024-0178/photo_805.jpg,Site progress photo,2024-07-20,Field Officer App,sha256:077d54a65e2e2d71b0eb2f031f669cc2
MP-KER-2023-0182,PHOTO,/evidence/MP-KER-2023-0182/photo_186.jpg,Site progress photo,2023-08-27,Field Officer App,sha256:8f7bf9419a85ace4527e548bd8ca5b42
MP-NAG-2023-0185,PHOTO,/evidence/MP-NAG-2023-0185/photo_829.jpg,Site progress photo,2024-05-08,Field Officer App,sha256:16f1ece84e14bbb89370fa9bb2619ec4
MP-PUN-2025-0138,PHOTO,/evidence/MP-PUN-2025-0138/photo_291.jpg,Site progress photo,2026-01-10,Field Officer App,sha256:ec282da381f22bb95822fad946c016c5
MP-RAJ-2025-0135,PHOTO,/evidence/MP-RAJ-2025-0135/photo_996.jpg,Site progress photo,2025-04-05,Field Officer App,sha256:9876bba3b1fd487730f67c4948243a65
MP-BHR-2022-0109,PHOTO,/evidence/MP-BHR-2022-0109/photo_567.jpg,Site progress photo,2023-03-30,Field Officer App,sha256:f33d4f2e6185ce1b0c29bf292aa2c6bc
MP-MH-2023-0175,PHOTO,/evidence/MP-MH-2023-0175/photo_848.jpg,Site progress photo,2024-06-19,Field Officer App,sha256:ef7ab521a6e4c0f5ff5082495e933148
MP-PUN-2025-0139,PHOTO,/evidence/MP-PUN-2025-0139/photo_69.jpg,Site progress photo,2025-06-18,Field Officer App,sha256:1dfebbdfeda2d3ee8ec85ad48e98d34c
MP-KER-2024-0185,PHOTO,/evidence/MP-KER-2024-0185/photo_68.jpg,Site progress photo,2024-06-26,Field Officer App,sha256:3793712910baa1ea0f638b791b7df22c
MP-UP-2025-0133,PHOTO,/evidence/MP-UP-2025-0133/photo_186.jpg,Site progress photo,2025-10-21,Field Officer App,sha256:9c0de485fea222db309b8c089f8e097b
MP-TEL-2025-0123,PHOTO,/evidence/MP-TEL-2025-0123/photo_981.jpg,Site progress photo,2026-01-04,Field Officer App,sha256:021fe673f7bcb3d3fd0544b3b920916a
MP-MH-2022-0108,PHOTO,/evidence/MP-MH-2022-0108/photo_917.jpg,Site progress photo,2023-01-06,Field Officer App,sha256:727fc97d629d539b7e20feb558ead279
MP-GUJ-2024-0161,PHOTO,/evidence/MP-GUJ-2024-0161/photo_845.jpg,Site progress photo,2024-10-13,Field Officer App,sha256:4232cde3fcbe2b7edaaac2278895cb31
MP-MP-2024-0182,PHOTO,/evidence/MP-MP-2024-0182/photo_828.jpg,Site progress photo,2024-12-02,Field Officer App,sha256:fb0176bf892b637ec520a3aa3d127835
MP-NAG-2025-0124,PHOTO,/evidence/MP-NAG-2025-0124/photo_748.jpg,Site progress photo,2025-08-24,Field Officer App,sha256:1f2139a73fb923c2737a9e53c2c5c4a8
MP-RAJ-2023-0164,PHOTO,/evidence/MP-RAJ-2023-0164/photo_354.jpg,Site progress photo,2023-09-22,Field Officer App,sha256:f4bd8ff1cc7d76142cb1429957f1cc64
MP-ASM-2023-0189,PHOTO,/evidence/MP-ASM-2023-0189/photo_902.jpg,Site progress photo,2024-01-25,Field Officer App,sha256:427b61c2f689d028a6c506acff366442
MP-GUJ-2025-0120,PHOTO,/evidence/MP-GUJ-2025-0120/photo_851.jpg,Site progress photo,2025-06-23,Field Officer App,sha256:9d48381caa952d8b8a56ac8ab0956011
MP-TN-2024-0175,PHOTO,/evidence/MP-TN-2024-0175/photo_228.jpg,Site progress photo,2025-04-19,Field Officer App,sha256:1cb600e15dbdf94015eeb1c92f643082
MP-DEL-2024-0187,PHOTO,/evidence/MP-DEL-2024-0187/photo_835.jpg,Site progress photo,2025-02-13,Field Officer App,sha256:5c3c2cbb7102fc8f9d32064f0630ffa0
MP-MH-2022-0109,PHOTO,/evidence/MP-MH-2022-0109/photo_240.jpg,Site progress photo,2023-03-25,Field Officer App,sha256:02d8e80aebb67cbb468d146a30f02cc9
MP-TN-2025-0123,PHOTO,/evidence/MP-TN-2025-0123/photo_7.jpg,Site progress photo,2025-11-09,Field Officer App,sha256:8a2401994eb3f13249606c23d57822d1
MP-WB-2024-0168,PHOTO,/evidence/MP-WB-2024-0168/photo_755.jpg,Site progress photo,2024-09-02,Field Officer App,sha256:df7af914aa50fa223f72b21ffdce33ae
MP-BHR-2023-0177,PHOTO,/evidence/MP-BHR-2023-0177/photo_383.jpg,Site progress photo,2023-05-15,Field Officer App,sha256:8ebc04916dd2207f3ec366a2437bcedc
MP-TEL-2023-0171,PHOTO,/evidence/MP-TEL-2023-0171/photo_806.jpg,Site progress photo,2023-08-28,Field Officer App,sha256:4cabda20ff2b7de75171d89a1de6a2a0
MP-TN-2022-0080,PHOTO,/evidence/MP-TN-2022-0080/photo_204.jpg,Site progress photo,2023-03-21,Field Officer App,sha256:d3ce040f34425e8f1f33e0e78f49789e
MP-GUJ-2024-0163,PHOTO,/evidence/MP-GUJ-2024-0163/photo_960.jpg,Site progress photo,2025-02-26,Field Officer App,sha256:c4f344026fa7e846d7a9b093a43c586c
MP-UP-2022-0101,PHOTO,/evidence/MP-UP-2022-0101/photo_101.jpg,Site progress photo,2022-11-14,Field Officer App,sha256:acb1951437e4a352260dcbb3d7f672ec
MP-MP-2024-0183,PHOTO,/evidence/MP-MP-2024-0183/photo_548.jpg,Site progress photo,2024-08-26,Field Officer App,sha256:e6898c58b13ec355f5b5be91f5688f85
MP-RAJ-2023-0165,PHOTO,/evidence/MP-RAJ-2023-0165/photo_306.jpg,Site progress photo,2024-01-11,Field Officer App,sha256:a2ec06b4ef7e88c01a58184631ed7d14
MP-UP-2023-0179,PHOTO,/evidence/MP-UP-2023-0179/photo_525.jpg,Site progress photo,2024-03-01,Field Officer App,sha256:790587864a1c35764c13361a6d7a9538
MP-MH-2025-0159,PHOTO,/evidence/MP-MH-2025-0159/photo_779.jpg,Site progress photo,2025-04-23,Field Officer App,sha256:db9fa2b9ff38895c5589386693a51aae
MP-UP-2024-0173,PHOTO,/evidence/MP-UP-2024-0173/photo_700.jpg,Site progress photo,2024-04-30,Field Officer App,sha256:fa1ec8af7aadcbe9823d4dc8503661fb
MP-ODI-2024-0167,PHOTO,/evidence/MP-ODI-2024-0167/photo_153.jpg,Site progress photo,2024-04-29,Field Officer App,sha256:4490a9f749a8a1c4e2e99c53c4108e25
MP-KAR-2024-0200,PHOTO,/evidence/MP-KAR-2024-0200/photo_208.jpg,Site progress photo,2024-09-03,Field Officer App,sha256:035f3955408fadf8cbf747dc947d25f2
MP-RAJ-2025-0137,PHOTO,/evidence/MP-RAJ-2025-0137/photo_486.jpg,Site progress photo,2026-03-14,Field Officer App,sha256:21e5d971139d4541716fcfdfb20e5c29
MP-GUJ-2024-0164,PHOTO,/evidence/MP-GUJ-2024-0164/photo_493.jpg,Site progress photo,2024-09-26,Field Officer App,sha256:785e422ecfc08129e297e61c21fa41e6
MP-TN-2024-0177,PHOTO,/evidence/MP-TN-2024-0177/photo_315.jpg,Site progress photo,2024-09-03,Field Officer App,sha256:a7de6cc7babdc5207df327d82f607463
MP-TEL-2022-0096,PHOTO,/evidence/MP-TEL-2022-0096/photo_257.jpg,Site progress photo,2022-11-02,Field Officer App,sha256:f5f5b8641bf359045b10652168dbc31e
MP-ASM-2022-0081,PHOTO,/evidence/MP-ASM-2022-0081/photo_127.jpg,Site progress photo,2022-12-01,Field Officer App,sha256:e65a272b33cba5db580ab67e0998cacf
MP-BHR-2023-0179,PHOTO,/evidence/MP-BHR-2023-0179/photo_124.jpg,Site progress photo,2023-05-21,Field Officer App,sha256:a25e7d9ba76c8b04cf5ac3053838f624
MP-BHR-2024-0183,PHOTO,/evidence/MP-BHR-2024-0183/photo_350.jpg,Site progress photo,2024-07-17,Field Officer App,sha256:f25a9856abe0075176f2fdf1675e41a2
MP-GUJ-2024-0165,PHOTO,/evidence/MP-GUJ-2024-0165/photo_375.jpg,Site progress photo,2024-05-24,Field Officer App,sha256:094eb1a57404019b837294237f0ea5b6
MP-KER-2025-0127,PHOTO,/evidence/MP-KER-2025-0127/photo_74.jpg,Site progress photo,2025-04-28,Field Officer App,sha256:d58bc1f7eb9be744b49dd662a7a6c0ea
MP-KAR-2022-0104,PHOTO,/evidence/MP-KAR-2022-0104/photo_509.jpg,Site progress photo,2023-02-26,Field Officer App,sha256:3918158f90df349d00afc6d79055e5ae
MP-MH-2023-0176,PHOTO,/evidence/MP-MH-2023-0176/photo_382.jpg,Site progress photo,2023-10-01,Field Officer App,sha256:d66455927897fc81c259cf1f49c3faa9
MP-KER-2025-0128,PHOTO,/evidence/MP-KER-2025-0128/photo_289.jpg,Site progress photo,2025-08-27,Field Officer App,sha256:97b7d993ec9c7cf015fbcc885b39b688
MP-DEL-2022-0107,PHOTO,/evidence/MP-DEL-2022-0107/photo_760.jpg,Site progress photo,2023-02-07,Field Officer App,sha256:499806b53cc4b58d8e6f03bc9a2e2b51
MP-MH-2023-0177,PHOTO,/evidence/MP-MH-2023-0177/photo_128.jpg,Site progress photo,2023-06-20,Field Officer App,sha256:06fb5cee5d5bada4ee8e4109ffd9358d
MP-DEL-2022-0108,PHOTO,/evidence/MP-DEL-2022-0108/photo_737.jpg,Site progress photo,2023-02-14,Field Officer App,sha256:9e626687843efe3c3acd083febea42e5
MP-BHR-2024-0184,PHOTO,/evidence/MP-BHR-2024-0184/photo_952.jpg,Site progress photo,2025-01-26,Field Officer App,sha256:89ac23633b54d7c29c5fdbc40634651b
MP-RAJ-2022-0088,PHOTO,/evidence/MP-RAJ-2022-0088/photo_176.jpg,Site progress photo,2022-10-26,Field Officer App,sha256:3ff74f0ac0945279ab73d2b208627888
MP-BHR-2022-0110,PHOTO,/evidence/MP-BHR-2022-0110/photo_943.jpg,Site progress photo,2022-12-17,Field Officer App,sha256:5f1e3052a91528c5f427105fb94e0e9d
MP-GUJ-2022-0107,PHOTO,/evidence/MP-GUJ-2022-0107/photo_879.jpg,Site progress photo,2022-11-28,Field Officer App,sha256:3f53e420fe56de8b292979ec58844f1c
MP-ODI-2025-0126,PHOTO,/evidence/MP-ODI-2025-0126/photo_159.jpg,Site progress photo,2025-07-01,Field Officer App,sha256:1ee687bec1e0fcd08907674a2cf3dbce
MP-MH-2024-0182,PHOTO,/evidence/MP-MH-2024-0182/photo_481.jpg,Site progress photo,2024-12-12,Field Officer App,sha256:6358050eea2b527859003cae2900f09c
MP-TN-2022-0081,PHOTO,/evidence/MP-TN-2022-0081/photo_111.jpg,Site progress photo,2023-02-22,Field Officer App,sha256:e8cf18fc48f6cfd3b5e3f06d2e3c9c35
MP-MH-2023-0178,PHOTO,/evidence/MP-MH-2023-0178/photo_572.jpg,Site progress photo,2023-05-03,Field Officer App,sha256:51649090d8e727a01db2b4679f3eb182
MP-BHR-2025-0129,PHOTO,/evidence/MP-BHR-2025-0129/photo_898.jpg,Site progress photo,2025-11-08,Field Officer App,sha256:09032506a58354001a99aa0c6316a249
MP-ODI-2023-0211,PHOTO,/evidence/MP-ODI-2023-0211/photo_366.jpg,Site progress photo,2023-06-02,Field Officer App,sha256:b281ff966556b14560fb31179561743c
MP-ASM-2024-0209,PHOTO,/evidence/MP-ASM-2024-0209/photo_67.jpg,Site progress photo,2025-04-27,Field Officer App,sha256:168b70b4e66a77c80307601a2a8883d0
MP-ASM-2023-0190,PHOTO,/evidence/MP-ASM-2023-0190/photo_589.jpg,Site progress photo,2023-09-02,Field Officer App,sha256:38ce0e16d90ed707a1b67570ff3c3dc6
MP-TEL-2025-0124,PHOTO,/evidence/MP-TEL-2025-0124/photo_516.jpg,Site progress photo,2025-06-08,Field Officer App,sha256:a833487d208a70253d0830d00895ce60
MP-MH-2024-0183,PHOTO,/evidence/MP-MH-2024-0183/photo_758.jpg,Site progress photo,2024-08-03,Field Officer App,sha256:53f1de3876c520fc8097c3cb32db9d99
MP-DEL-2024-0190,PHOTO,/evidence/MP-DEL-2024-0190/photo_877.jpg,Site progress photo,2025-01-22,Field Officer App,sha256:fbdc6bb7665bb7a6ee4c50be3eb10528
MP-BHR-2025-0130,PHOTO,/evidence/MP-BHR-2025-0130/photo_625.jpg,Site progress photo,2025-08-15,Field Officer App,sha256:195bba4061acdd9656b923e59b00d6a2
MP-GUJ-2023-0153,PHOTO,/evidence/MP-GUJ-2023-0153/photo_400.jpg,Site progress photo,2023-01-30,Field Officer App,sha256:920daee5073d04a777245a9de055534a
MP-BHR-2025-0131,PHOTO,/evidence/MP-BHR-2025-0131/photo_266.jpg,Site progress photo,2025-07-08,Field Officer App,sha256:c572f12ecccb87e5ed6e963dc6e37231
MP-TN-2024-0178,PHOTO,/evidence/MP-TN-2024-0178/photo_208.jpg,Site progress photo,2025-04-12,Field Officer App,sha256:cf593eb8f3759e6f1fd0c14180120134
MP-MP-2024-0184,PHOTO,/evidence/MP-MP-2024-0184/photo_339.jpg,Site progress photo,2025-01-23,Field Officer App,sha256:1ad30a4c76fcea7f145b6fbe5962684c
MP-ODI-2024-0169,PHOTO,/evidence/MP-ODI-2024-0169/photo_146.jpg,Site progress photo,2024-07-11,Field Officer App,sha256:268adac297a2acc3ac595d68dc2e0892
MP-BHR-2025-0132,PHOTO,/evidence/MP-BHR-2025-0132/photo_520.jpg,Site progress photo,2025-10-16,Field Officer App,sha256:697a4ba7ba8df2f71f01d2075962044e
MP-WB-2024-0171,PHOTO,/evidence/MP-WB-2024-0171/photo_378.jpg,Site progress photo,2024-04-24,Field Officer App,sha256:c676005a402baa62b84a6e211ffc44a9
MP-DEL-2023-0198,PHOTO,/evidence/MP-DEL-2023-0198/photo_934.jpg,Site progress photo,2024-04-16,Field Officer App,sha256:2b977142301f3905df665c18845bb4e9
MP-RAJ-2024-0179,PHOTO,/evidence/MP-RAJ-2024-0179/photo_749.jpg,Site progress photo,2024-08-26,Field Officer App,sha256:4db9b19cb68c88ef0919d2baf35fbc2a
MP-GUJ-2025-0122,PHOTO,/evidence/MP-GUJ-2025-0122/photo_773.jpg,Site progress photo,2025-04-23,Field Officer App,sha256:74765a65072b157a4a104503ae80d61d
MP-MP-2024-0185,PHOTO,/evidence/MP-MP-2024-0185/photo_990.jpg,Site progress photo,2024-09-25,Field Officer App,sha256:362e6d1a896d823c059100a30f1b9472
MP-GUJ-2024-0167,PHOTO,/evidence/MP-GUJ-2024-0167/photo_725.jpg,Site progress photo,2025-06-06,Field Officer App,sha256:16a342d7efb93c62e2e2e1655c9caf3d
MP-TN-2022-0082,PHOTO,/evidence/MP-TN-2022-0082/photo_387.jpg,Site progress photo,2022-11-19,Field Officer App,sha256:56f5eeb75b2994a174d59455a4f0c25e
MP-RAJ-2025-0138,PHOTO,/evidence/MP-RAJ-2025-0138/photo_698.jpg,Site progress photo,2025-07-16,Field Officer App,sha256:965d4790ccb8ad8123a327df48d0c5e9
MP-UP-2022-0102,PHOTO,/evidence/MP-UP-2022-0102/photo_487.jpg,Site progress photo,2022-12-21,Field Officer App,sha256:72f329ea2580a891c139201e75c1a27c
MP-MH-2023-0180,PHOTO,/evidence/MP-MH-2023-0180/photo_642.jpg,Site progress photo,2023-08-02,Field Officer App,sha256:a228d7820ec07e97931daffd68fbe929
MP-ODI-2022-0121,PHOTO,/evidence/MP-ODI-2022-0121/photo_115.jpg,Site progress photo,2022-09-03,Field Officer App,sha256:9ab4d63c4031e95fcaf7be5a825089b1
MP-DEL-2022-0110,PHOTO,/evidence/MP-DEL-2022-0110/photo_199.jpg,Site progress photo,2022-12-04,Field Officer App,sha256:e8c35243669b0517ef82ff05c1851e02
MP-TEL-2023-0173,PHOTO,/evidence/MP-TEL-2023-0173/photo_653.jpg,Site progress photo,2023-06-27,Field Officer App,sha256:c33d789b65706b11ad8caa1a49670be4
MP-KAR-2023-0200,PHOTO,/evidence/MP-KAR-2023-0200/photo_563.jpg,Site progress photo,2024-01-28,Field Officer App,sha256:879467974edd434876f1f3f5ad526f07
MP-MH-2024-0184,PHOTO,/evidence/MP-MH-2024-0184/photo_165.jpg,Site progress photo,2024-02-21,Field Officer App,sha256:eed949819261b3d887d69c92e50c9bd6
MP-ASM-2024-0210,PHOTO,/evidence/MP-ASM-2024-0210/photo_161.jpg,Site progress photo,2024-10-28,Field Officer App,sha256:41907f2df2d22297d4e0bba0a9fc395b
MP-TN-2023-0154,PHOTO,/evidence/MP-TN-2023-0154/photo_401.jpg,Site progress photo,2024-01-27,Field Officer App,sha256:1ef87d679203ccb014c5d92034ed5136
MP-KER-2025-0130,PHOTO,/evidence/MP-KER-2025-0130/photo_960.jpg,Site progress photo,2025-08-05,Field Officer App,sha256:f75ee649a074db7acdffa9ebe8fc4ac1
MP-WB-2023-0175,PHOTO,/evidence/MP-WB-2023-0175/photo_636.jpg,Site progress photo,2023-01-31,Field Officer App,sha256:f322075cd0ed61cfe52aecaa7e632a65
MP-RAJ-2022-0090,PHOTO,/evidence/MP-RAJ-2022-0090/photo_929.jpg,Site progress photo,2023-04-05,Field Officer App,sha256:d1cddcd2e58b3751fd75667ed63a26af
MP-WB-2025-0118,PHOTO,/evidence/MP-WB-2025-0118/photo_647.jpg,Site progress photo,2025-10-06,Field Officer App,sha256:b6df3d564fee1691d808b3baba1eeb4a
MP-ASM-2023-0192,PHOTO,/evidence/MP-ASM-2023-0192/photo_578.jpg,Site progress photo,2023-08-07,Field Officer App,sha256:89ff82d896986d813870f914e08ff948
MP-MP-2022-0110,PHOTO,/evidence/MP-MP-2022-0110/photo_67.jpg,Site progress photo,2023-02-28,Field Officer App,sha256:ed35de4134319fef677416f4f69dce1e
MP-PUN-2024-0174,PHOTO,/evidence/MP-PUN-2024-0174/photo_266.jpg,Site progress photo,2024-01-14,Field Officer App,sha256:2f3d0096173b13c256639c7dff9c52d8
MP-KER-2025-0131,PHOTO,/evidence/MP-KER-2025-0131/photo_336.jpg,Site progress photo,2025-10-21,Field Officer App,sha256:be803af50b96ca5718413edbdce466fa
MP-PUN-2023-0157,PHOTO,/evidence/MP-PUN-2023-0157/photo_199.jpg,Site progress photo,2023-12-11,Field Officer App,sha256:e3aa1b64ca756be44d62a8adf19d4f39
MP-TN-2023-0155,PHOTO,/evidence/MP-TN-2023-0155/photo_828.jpg,Site progress photo,2023-04-25,Field Officer App,sha256:03a9f69f41ff3c1ae70a00d97ab4e0fe
MP-PUN-2025-0141,PHOTO,/evidence/MP-PUN-2025-0141/photo_953.jpg,Site progress photo,2025-09-15,Field Officer App,sha256:7540f780fccb53c5f0013e6c4ee47969
MP-ASM-2023-0193,PHOTO,/evidence/MP-ASM-2023-0193/photo_121.jpg,Site progress photo,2023-10-04,Field Officer App,sha256:f505ee95ff7df8d1635ef44347a3f148
MP-TEL-2025-0125,PHOTO,/evidence/MP-TEL-2025-0125/photo_479.jpg,Site progress photo,2026-03-05,Field Officer App,sha256:1c9e280b0734ecf814c88aaa6481e77a
MP-GUJ-2024-0168,PHOTO,/evidence/MP-GUJ-2024-0168/photo_474.jpg,Site progress photo,2024-10-24,Field Officer App,sha256:876db90e932eac706caf0ad09bd8a1ae
MP-UP-2024-0175,PHOTO,/evidence/MP-UP-2024-0175/photo_946.jpg,Site progress photo,2025-01-25,Field Officer App,sha256:5d0354e8a537d58ca21d68c86aefea44
MP-ASM-2022-0082,PHOTO,/evidence/MP-ASM-2022-0082/photo_257.jpg,Site progress photo,2023-02-04,Field Officer App,sha256:baf45bfb960f9b3985de45c94cb6a287
MP-ASM-2025-0137,PHOTO,/evidence/MP-ASM-2025-0137/photo_830.jpg,Site progress photo,2025-11-12,Field Officer App,sha256:8e8bdb168ff686859321e3bac43277b5
MP-KER-2023-0184,PHOTO,/evidence/MP-KER-2023-0184/photo_268.jpg,Site progress photo,2023-10-17,Field Officer App,sha256:d99467e7d731ba038576aff3f8cf71b4
MP-KAR-2023-0202,PHOTO,/evidence/MP-KAR-2023-0202/photo_127.jpg,Site progress photo,2024-03-11,Field Officer App,sha256:c4524a208c6728d7ab845690cc030345
MP-TEL-2025-0126,PHOTO,/evidence/MP-TEL-2025-0126/photo_459.jpg,Site progress photo,2025-11-30,Field Officer App,sha256:f9030d7fa496b5d65e4329c554c35d0e
MP-KER-2023-0185,PHOTO,/evidence/MP-KER-2023-0185/photo_886.jpg,Site progress photo,2023-12-28,Field Officer App,sha256:da5e2510aa8bdf80a865c0a83f9b3bee
MP-BHR-2023-0182,PHOTO,/evidence/MP-BHR-2023-0182/photo_723.jpg,Site progress photo,2023-04-17,Field Officer App,sha256:d7809157b6ad878997afb762b00051ef
MP-PUN-2024-0175,PHOTO,/evidence/MP-PUN-2024-0175/photo_629.jpg,Site progress photo,2025-02-07,Field Officer App,sha256:94daafc891daf654f94acdaaeb6ca697
MP-DEL-2022-0111,PHOTO,/evidence/MP-DEL-2022-0111/photo_171.jpg,Site progress photo,2022-08-28,Field Officer App,sha256:d711156a36126d9808da2e65292e9672
MP-GUJ-2024-0170,PHOTO,/evidence/MP-GUJ-2024-0170/photo_765.jpg,Site progress photo,2024-08-15,Field Officer App,sha256:cacadd53eb4b106ac0df0f8e166857c9
MP-WB-2024-0173,PHOTO,/evidence/MP-WB-2024-0173/photo_611.jpg,Site progress photo,2024-12-17,Field Officer App,sha256:9811ac67088a6849b8be3d686c7a494e
MP-NAG-2024-0169,PHOTO,/evidence/MP-NAG-2024-0169/photo_9.jpg,Site progress photo,2024-06-11,Field Officer App,sha256:5f24b03a9b0fce7f0f38a3fd8252f288
MP-UP-2024-0176,PHOTO,/evidence/MP-UP-2024-0176/photo_183.jpg,Site progress photo,2024-02-21,Field Officer App,sha256:0f66bc17542723514535462632a99c55
MP-ASM-2022-0083,PHOTO,/evidence/MP-ASM-2022-0083/photo_570.jpg,Site progress photo,2023-06-23,Field Officer App,sha256:538c9f415fb887aed3460cc3026a9a77
MP-DEL-2024-0194,PHOTO,/evidence/MP-DEL-2024-0194/photo_13.jpg,Site progress photo,2024-04-22,Field Officer App,sha256:5a7adb160d752472e9f59b67326afd66
MP-MP-2022-0112,PHOTO,/evidence/MP-MP-2022-0112/photo_202.jpg,Site progress photo,2022-10-23,Field Officer App,sha256:caf4046b5e24f776a3e37c3f395623ab
MP-ASM-2023-0194,PHOTO,/evidence/MP-ASM-2023-0194/photo_138.jpg,Site progress photo,2023-09-27,Field Officer App,sha256:ac629a988f18c998f175c7465f368bab
MP-GUJ-2024-0171,PHOTO,/evidence/MP-GUJ-2024-0171/photo_959.jpg,Site progress photo,2025-02-10,Field Officer App,sha256:ef7588d1ea5c304bd54b4d89a836da36
MP-MP-2023-0178,PHOTO,/evidence/MP-MP-2023-0178/photo_874.jpg,Site progress photo,2023-10-26,Field Officer App,sha256:dc7021abba144585fb09d4ac3977efb4
MP-BHR-2023-0183,PHOTO,/evidence/MP-BHR-2023-0183/photo_876.jpg,Site progress photo,2024-01-11,Field Officer App,sha256:b0cb14223e00dc3e03006cc30c335dea
MP-ODI-2024-0170,PHOTO,/evidence/MP-ODI-2024-0170/photo_609.jpg,Site progress photo,2024-08-31,Field Officer App,sha256:63352f33dff6b8fa208359ba7cf4ef26
MP-ODI-2023-0213,PHOTO,/evidence/MP-ODI-2023-0213/photo_161.jpg,Site progress photo,2023-07-20,Field Officer App,sha256:5c0b22726b512cf81bec01494190597b
MP-RAJ-2023-0168,PHOTO,/evidence/MP-RAJ-2023-0168/photo_898.jpg,Site progress photo,2024-05-15,Field Officer App,sha256:5cdbb9b23e7b0c72bbfd856315aeafa9
MP-MP-2025-0143,PHOTO,/evidence/MP-MP-2025-0143/photo_661.jpg,Site progress photo,2025-12-24,Field Officer App,sha256:f5fa9ca94986cf79356c7ce43417bdae
MP-RAJ-2023-0169,PHOTO,/evidence/MP-RAJ-2023-0169/photo_3.jpg,Site progress photo,2023-09-10,Field Officer App,sha256:6de4ad0e1215b316a2511a41d76107ab
MP-MP-2022-0113,PHOTO,/evidence/MP-MP-2022-0113/photo_346.jpg,Site progress photo,2023-02-06,Field Officer App,sha256:b966d2cd292f2cde981f308a49fa6d35
MP-ASM-2025-0138,PHOTO,/evidence/MP-ASM-2025-0138/photo_651.jpg,Site progress photo,2025-12-19,Field Officer App,sha256:06b3b06a1b4f947ab7fb2b9e118e6bc4
MP-TN-2024-0180,PHOTO,/evidence/MP-TN-2024-0180/photo_636.jpg,Site progress photo,2024-12-21,Field Officer App,sha256:721fb9034506ac3e10ef4f39d032fdc3
MP-DEL-2024-0195,PHOTO,/evidence/MP-DEL-2024-0195/photo_468.jpg,Site progress photo,2024-11-11,Field Officer App,sha256:94ff419d442e1e5d36f474c182918d58
MP-NAG-2022-0102,PHOTO,/evidence/MP-NAG-2022-0102/photo_517.jpg,Site progress photo,2022-07-31,Field Officer App,sha256:a3ac3e2cc905b010406151cdcb56b209
MP-TEL-2023-0177,PHOTO,/evidence/MP-TEL-2023-0177/photo_932.jpg,Site progress photo,2023-09-19,Field Officer App,sha256:ef68ad046fa36feec9f53b055e1cfb35
MP-TN-2023-0158,PHOTO,/evidence/MP-TN-2023-0158/photo_112.jpg,Site progress photo,2024-03-19,Field Officer App,sha256:709e3218afcdef38926ce33672d4d714
MP-PUN-2022-0099,PHOTO,/evidence/MP-PUN-2022-0099/photo_683.jpg,Site progress photo,2023-03-13,Field Officer App,sha256:81a4a210d905e2a02c4cefb746a52324
MP-ASM-2023-0195,PHOTO,/evidence/MP-ASM-2023-0195/photo_304.jpg,Site progress photo,2023-09-11,Field Officer App,sha256:29f80f93ab0f0f3003b61f28b8724bdf
MP-KAR-2024-0201,PHOTO,/evidence/MP-KAR-2024-0201/photo_344.jpg,Site progress photo,2025-04-03,Field Officer App,sha256:f1179450d3047d6dce61a243d3b680d5
MP-PUN-2024-0176,PHOTO,/evidence/MP-PUN-2024-0176/photo_284.jpg,Site progress photo,2024-12-30,Field Officer App,sha256:79d62b185824f128e262188b2c31311c
MP-KAR-2023-0204,PHOTO,/evidence/MP-KAR-2023-0204/photo_410.jpg,Site progress photo,2024-03-02,Field Officer App,sha256:fa3fab20ea89e821f744e7ae53f6b909
MP-BHR-2024-0186,PHOTO,/evidence/MP-BHR-2024-0186/photo_180.jpg,Site progress photo,2025-02-02,Field Officer App,sha256:0c6c5910048ce6739c60b0ff6f729d0d
MP-PUN-2023-0158,PHOTO,/evidence/MP-PUN-2023-0158/photo_961.jpg,Site progress photo,2024-01-16,Field Officer App,sha256:6ee445221e1b77d50c31faf21e5f0297
MP-WB-2023-0177,PHOTO,/evidence/MP-WB-2023-0177/photo_503.jpg,Site progress photo,2023-08-31,Field Officer App,sha256:b7a4d79bfd31a2ad09835cbab1e3e173
MP-KAR-2023-0205,PHOTO,/evidence/MP-KAR-2023-0205/photo_626.jpg,Site progress photo,2023-08-13,Field Officer App,sha256:7828fa60d462a39597d5500b421a0be3
MP-NAG-2022-0103,PHOTO,/evidence/MP-NAG-2022-0103/photo_26.jpg,Site progress photo,2023-03-02,Field Officer App,sha256:cdd65e0f08a880bf2e3c4255cec1dab9
MP-WB-2024-0175,PHOTO,/evidence/MP-WB-2024-0175/photo_437.jpg,Site progress photo,2024-11-03,Field Officer App,sha256:f8e356bb7d635ab678e3d4d8106659b1
MP-MP-2023-0179,PHOTO,/evidence/MP-MP-2023-0179/photo_787.jpg,Site progress photo,2023-05-14,Field Officer App,sha256:017a3855c41c18eef06d07ab74541b53
MP-KER-2023-0187,PHOTO,/evidence/MP-KER-2023-0187/photo_284.jpg,Site progress photo,2023-07-30,Field Officer App,sha256:727a4538be25d14155f829f7b863afd8
MP-WB-2022-0103,PHOTO,/evidence/MP-WB-2022-0103/photo_948.jpg,Site progress photo,2022-11-13,Field Officer App,sha256:18442cde8e5d316a08cce0337f4f70cb
MP-MP-2025-0144,PHOTO,/evidence/MP-MP-2025-0144/photo_189.jpg,Site progress photo,2025-03-30,Field Officer App,sha256:bb7aa14acf57ad6a48790d9ae7ba149c
MP-WB-2024-0176,PHOTO,/evidence/MP-WB-2024-0176/photo_110.jpg,Site progress photo,2024-09-21,Field Officer App,sha256:1975ff3680e04eaeadbdd43b1b55cdcf
MP-RAJ-2023-0171,PHOTO,/evidence/MP-RAJ-2023-0171/photo_659.jpg,Site progress photo,2024-06-27,Field Officer App,sha256:24963cffc90cdae99fc8aac2a2f1bfd3
MP-MP-2025-0145,PHOTO,/evidence/MP-MP-2025-0145/photo_878.jpg,Site progress photo,2025-12-31,Field Officer App,sha256:57e94da1ae0cd4e66d34d2658f6c091d
MP-PUN-2024-0177,PHOTO,/evidence/MP-PUN-2024-0177/photo_267.jpg,Site progress photo,2024-12-08,Field Officer App,sha256:717571253b6de8109084fc00dda65249
MP-PUN-2023-0159,PHOTO,/evidence/MP-PUN-2023-0159/photo_611.jpg,Site progress photo,2023-06-20,Field Officer App,sha256:b270f0295552f9e17d4d9fb4bdaac647
MP-WB-2022-0104,PHOTO,/evidence/MP-WB-2022-0104/photo_787.jpg,Site progress photo,2022-12-19,Field Officer App,sha256:c184bb57f3f71e5391ef9624db2dad3d
MP-MH-2022-0110,PHOTO,/evidence/MP-MH-2022-0110/photo_14.jpg,Site progress photo,2023-02-25,Field Officer App,sha256:5cee86dc31bf20948592a231aea396dc
MP-MH-2024-0186,PHOTO,/evidence/MP-MH-2024-0186/photo_286.jpg,Site progress photo,2024-12-29,Field Officer App,sha256:2cf80cd7ffa9e79e0f9017b0037dbd2a
MP-MH-2025-0167,PHOTO,/evidence/MP-MH-2025-0167/photo_940.jpg,Site progress photo,2025-11-26,Field Officer App,sha256:bdc919608627906175a32e14bac2528a
MP-WB-2023-0179,PHOTO,/evidence/MP-WB-2023-0179/photo_81.jpg,Site progress photo,2023-06-30,Field Officer App,sha256:6fa19178053dfe302ab4cc79d3a14899
MP-ODI-2022-0123,PHOTO,/evidence/MP-ODI-2022-0123/photo_324.jpg,Site progress photo,2023-04-25,Field Officer App,sha256:9b34bf8c5b71610df931c98f2a02b0af
MP-TEL-2025-0127,PHOTO,/evidence/MP-TEL-2025-0127/photo_276.jpg,Site progress photo,2025-10-30,Field Officer App,sha256:d6b1ab56a56f2f8a0ad130f6625be2ba
MP-TEL-2024-0171,PHOTO,/evidence/MP-TEL-2024-0171/photo_195.jpg,Site progress photo,2025-01-27,Field Officer App,sha256:a779f6a21f67c91b208db691a399d41d
MP-MP-2025-0146,PHOTO,/evidence/MP-MP-2025-0146/photo_871.jpg,Site progress photo,2025-10-29,Field Officer App,sha256:000959f63a29e75ff78671640e474cc6
MP-RAJ-2024-0181,PHOTO,/evidence/MP-RAJ-2024-0181/photo_187.jpg,Site progress photo,2024-03-09,Field Officer App,sha256:2aaa15048d9bc745fcfb8a98f9b420c8
MP-ASM-2022-0084,PHOTO,/evidence/MP-ASM-2022-0084/photo_153.jpg,Site progress photo,2023-01-27,Field Officer App,sha256:c7069ecd841cbba85eebacd04a868a15
MP-KAR-2025-0146,PHOTO,/evidence/MP-KAR-2025-0146/photo_710.jpg,Site progress photo,2025-12-10,Field Officer App,sha256:852051343baa1e0e615713d0fa990836
MP-BHR-2024-0188,PHOTO,/evidence/MP-BHR-2024-0188/photo_553.jpg,Site progress photo,2024-10-21,Field Officer App,sha256:fd54457484683cfa9df784c62df040de
MP-ODI-2024-0171,PHOTO,/evidence/MP-ODI-2024-0171/photo_210.jpg,Site progress photo,2025-01-31,Field Officer App,sha256:b2390a09998346e1d445826f3cc21890
MP-KAR-2023-0207,PHOTO,/evidence/MP-KAR-2023-0207/photo_221.jpg,Site progress photo,2023-10-05,Field Officer App,sha256:e2d1ccb307806566ae1d8ad89d7f216a
MP-BHR-2023-0185,PHOTO,/evidence/MP-BHR-2023-0185/photo_664.jpg,Site progress photo,2023-07-18,Field Officer App,sha256:16e462792f1783802e32e9e15fd0300a
MP-KAR-2023-0208,PHOTO,/evidence/MP-KAR-2023-0208/photo_402.jpg,Site progress photo,2024-03-31,Field Officer App,sha256:114ea2a36e2a09a4bc7338f9cad01e13
MP-KER-2024-0187,PHOTO,/evidence/MP-KER-2024-0187/photo_974.jpg,Site progress photo,2025-02-05,Field Officer App,sha256:207b610159586b8ee01b4c8db9acd0da
MP-RAJ-2023-0172,PHOTO,/evidence/MP-RAJ-2023-0172/photo_463.jpg,Site progress photo,2024-01-25,Field Officer App,sha256:6d9b79bc5a91f47e5a960760535536b2
MP-MP-2023-0181,PHOTO,/evidence/MP-MP-2023-0181/photo_222.jpg,Site progress photo,2023-11-15,Field Officer App,sha256:5c7ae7762ad7dba411788152d454c26e
MP-PUN-2025-0143,PHOTO,/evidence/MP-PUN-2025-0143/photo_901.jpg,Site progress photo,2025-06-03,Field Officer App,sha256:4add5be91b1f04d02a463e481fe320cb
MP-TN-2022-0083,PHOTO,/evidence/MP-TN-2022-0083/photo_850.jpg,Site progress photo,2023-03-11,Field Officer App,sha256:f4942fdb2fa369a9b96511cce3fb494f
MP-GUJ-2025-0123,PHOTO,/evidence/MP-GUJ-2025-0123/photo_12.jpg,Site progress photo,2025-08-17,Field Officer App,sha256:64f73de3286605aa2c872cba7fcd7c6a
MP-DEL-2024-0197,PHOTO,/evidence/MP-DEL-2024-0197/photo_682.jpg,Site progress photo,2025-02-03,Field Officer App,sha256:dba3286b6b7971724554c50c2a6b0565
MP-KAR-2022-0105,PHOTO,/evidence/MP-KAR-2022-0105/photo_107.jpg,Site progress photo,2023-05-23,Field Officer App,sha256:cb427f69126f7615a5b4ea6d549fea51
MP-NAG-2023-0189,PHOTO,/evidence/MP-NAG-2023-0189/photo_536.jpg,Site progress photo,2024-01-30,Field Officer App,sha256:9d1ce9cc1baef07464df60dcf6eaeea5
MP-ODI-2024-0172,PHOTO,/evidence/MP-ODI-2024-0172/photo_554.jpg,Site progress photo,2024-06-28,Field Officer App,sha256:4057e633f50d2b0d5b6a2dfdcd49f6ba
MP-MH-2025-0168,PHOTO,/evidence/MP-MH-2025-0168/photo_642.jpg,Site progress photo,2025-05-30,Field Officer App,sha256:54da6fcbfac86e3348408beb89742c71
MP-WB-2024-0177,PHOTO,/evidence/MP-WB-2024-0177/photo_342.jpg,Site progress photo,2025-01-06,Field Officer App,sha256:d7c1ec6389b3866fe6be6ea5fd6abc8b
MP-DEL-2023-0203,PHOTO,/evidence/MP-DEL-2023-0203/photo_845.jpg,Site progress photo,2023-11-29,Field Officer App,sha256:493e3b7fff8110bcbf8a6d78f77ba122
MP-ASM-2025-0140,PHOTO,/evidence/MP-ASM-2025-0140/photo_233.jpg,Site progress photo,2025-08-18,Field Officer App,sha256:4751cb371211bb0b0175560e0be15077
MP-WB-2024-0178,PHOTO,/evidence/MP-WB-2024-0178/photo_3.jpg,Site progress photo,2025-01-18,Field Officer App,sha256:6023c11e9bad8597d679ef616b3b4524
MP-PUN-2023-0161,PHOTO,/evidence/MP-PUN-2023-0161/photo_977.jpg,Site progress photo,2024-03-05,Field Officer App,sha256:9f7d9e7be86f798780f0dd0fb14a2c46
MP-PUN-2024-0178,PHOTO,/evidence/MP-PUN-2024-0178/photo_519.jpg,Site progress photo,2024-10-20,Field Officer App,sha256:665da830ed8278a36e0127ea628c87f6
MP-WB-2025-0119,PHOTO,/evidence/MP-WB-2025-0119/photo_16.jpg,Site progress photo,2025-03-18,Field Officer App,sha256:3ae8f537fb3da7bde041779370d63fc4
MP-RAJ-2023-0173,PHOTO,/evidence/MP-RAJ-2023-0173/photo_828.jpg,Site progress photo,2023-05-05,Field Officer App,sha256:a17774ba020294fafcdf611da0a73eae
MP-PUN-2024-0179,PHOTO,/evidence/MP-PUN-2024-0179/photo_6.jpg,Site progress photo,2024-10-29,Field Officer App,sha256:4915fad3ad7b1ca16abcd0cbc3f7c4df
MP-TEL-2022-0100,PHOTO,/evidence/MP-TEL-2022-0100/photo_576.jpg,Site progress photo,2022-12-19,Field Officer App,sha256:537daefb9e5d2f42053930da73192457
MP-GUJ-2022-0110,PHOTO,/evidence/MP-GUJ-2022-0110/photo_140.jpg,Site progress photo,2023-03-07,Field Officer App,sha256:0fd6b035edcf92d73dbe5c39e5ac2293
MP-GUJ-2023-0158,PHOTO,/evidence/MP-GUJ-2023-0158/photo_261.jpg,Site progress photo,2023-06-04,Field Officer App,sha256:98203bb08625b707648e08ad68ac7403
MP-TEL-2023-0178,PHOTO,/evidence/MP-TEL-2023-0178/photo_924.jpg,Site progress photo,2023-08-25,Field Officer App,sha256:92f772c0a3ddb586efb46765899075e8
MP-ODI-2023-0215,PHOTO,/evidence/MP-ODI-2023-0215/photo_316.jpg,Site progress photo,2023-03-27,Field Officer App,sha256:2f4857d95fca1845a1a7d4e856aae5b5
MP-KER-2023-0189,PHOTO,/evidence/MP-KER-2023-0189/photo_729.jpg,Site progress photo,2023-12-03,Field Officer App,sha256:2a3f3ec9a3a588384487ccf5308d7553
MP-DEL-2023-0204,PHOTO,/evidence/MP-DEL-2023-0204/photo_285.jpg,Site progress photo,2023-07-01,Field Officer App,sha256:1249d08799d29f39248c1c33c331e54d
MP-ODI-2025-0129,PHOTO,/evidence/MP-ODI-2025-0129/photo_634.jpg,Site progress photo,2025-08-27,Field Officer App,sha256:f1da5fb5690ca2a58508967229b102c3
MP-WB-2025-0120,PHOTO,/evidence/MP-WB-2025-0120/photo_273.jpg,Site progress photo,2025-05-30,Field Officer App,sha256:9294696ebb2b9ebb05ee09159a6e14af
MP-GUJ-2022-0111,PHOTO,/evidence/MP-GUJ-2022-0111/photo_26.jpg,Site progress photo,2022-10-25,Field Officer App,sha256:6b09e03e07f63b631eb017f836257263
MP-MP-2025-0147,PHOTO,/evidence/MP-MP-2025-0147/photo_785.jpg,Site progress photo,2025-04-27,Field Officer App,sha256:841ab35b69dbf380f2f9db00d92738c1
MP-UP-2023-0181,PHOTO,/evidence/MP-UP-2023-0181/photo_69.jpg,Site progress photo,2023-11-11,Field Officer App,sha256:155a926759523abad87beb4ba9893b7a
MP-UP-2025-0140,PHOTO,/evidence/MP-UP-2025-0140/photo_753.jpg,Site progress photo,2025-07-31,Field Officer App,sha256:3bc302ee0b9fde3bfb7acf1fba1ade77
MP-NAG-2023-0190,PHOTO,/evidence/MP-NAG-2023-0190/photo_170.jpg,Site progress photo,2023-12-08,Field Officer App,sha256:9e13bdc0e535ea32a1cec6f0aa9655d8
MP-PUN-2024-0181,PHOTO,/evidence/MP-PUN-2024-0181/photo_60.jpg,Site progress photo,2025-01-04,Field Officer App,sha256:53977e4489c72439e0f6daef8eb9aa56
MP-WB-2022-0106,PHOTO,/evidence/MP-WB-2022-0106/photo_779.jpg,Site progress photo,2023-03-14,Field Officer App,sha256:4081c134075c8985a01770ce2e6ec3e3
MP-KER-2025-0136,PHOTO,/evidence/MP-KER-2025-0136/photo_723.jpg,Site progress photo,2026-01-30,Field Officer App,sha256:57bc9fa6a0ca21b66020c9a684c46533
MP-BHR-2025-0133,PHOTO,/evidence/MP-BHR-2025-0133/photo_804.jpg,Site progress photo,2025-08-27,Field Officer App,sha256:84e488db9287fb7c9d86dd56be870fff
MP-KER-2024-0188,PHOTO,/evidence/MP-KER-2024-0188/photo_521.jpg,Site progress photo,2024-10-09,Field Officer App,sha256:10b8a130acda675edb2f6095398c7ee0
MP-TN-2022-0084,PHOTO,/evidence/MP-TN-2022-0084/photo_653.jpg,Site progress photo,2023-01-06,Field Officer App,sha256:835c912d6d5654485ba1352d1e66539b
MP-DEL-2023-0206,PHOTO,/evidence/MP-DEL-2023-0206/photo_830.jpg,Site progress photo,2024-04-20,Field Officer App,sha256:76d8f7f603bf8c5cce2bcb2ca84a69eb
MP-TN-2025-0125,PHOTO,/evidence/MP-TN-2025-0125/photo_294.jpg,Site progress photo,2025-04-26,Field Officer App,sha256:d3afe0e635868f92855e2a9c82ed6830
MP-GUJ-2024-0172,PHOTO,/evidence/MP-GUJ-2024-0172/photo_987.jpg,Site progress photo,2024-10-31,Field Officer App,sha256:e5725aacb0fc5e64f8e0f6e2e4b79c73
MP-WB-2023-0180,PHOTO,/evidence/MP-WB-2023-0180/photo_653.jpg,Site progress photo,2023-12-29,Field Officer App,sha256:3b366b05e5a627a6b6d14b7e1077fb99
MP-UP-2025-0141,PHOTO,/evidence/MP-UP-2025-0141/photo_126.jpg,Site progress photo,2025-03-09,Field Officer App,sha256:5dd8a8bfa0e8de443856ddcd52415fdb
MP-MP-2024-0187,PHOTO,/evidence/MP-MP-2024-0187/photo_208.jpg,Site progress photo,2024-05-12,Field Officer App,sha256:0f3a1df34f8c440c6b8a472008698b5f
MP-DEL-2023-0207,PHOTO,/evidence/MP-DEL-2023-0207/photo_302.jpg,Site progress photo,2024-01-23,Field Officer App,sha256:60b9c5ee4eba201e5b3aa1e6ef4197c9
MP-PUN-2025-0144,PHOTO,/evidence/MP-PUN-2025-0144/photo_720.jpg,Site progress photo,2026-02-12,Field Officer App,sha256:1a5291fc580da0bccb5703bcd868fc5b
MP-TEL-2024-0173,PHOTO,/evidence/MP-TEL-2024-0173/photo_605.jpg,Site progress photo,2024-12-07,Field Officer App,sha256:dc8c96ea0feb0a78f8e62d0bfed15fdc
MP-DEL-2023-0208,PHOTO,/evidence/MP-DEL-2023-0208/photo_976.jpg,Site progress photo,2024-02-27,Field Officer App,sha256:e8aa0ed0db0e483983bc7a3dad5b87f7
MP-KAR-2023-0210,PHOTO,/evidence/MP-KAR-2023-0210/photo_13.jpg,Site progress photo,2023-06-09,Field Officer App,sha256:d63f339476814be903c55ab3f29b7288
MP-RAJ-2024-0185,PHOTO,/evidence/MP-RAJ-2024-0185/photo_848.jpg,Site progress photo,2024-05-08,Field Officer App,sha256:aeee230c9485189d788d99d6e3ff94dd
MP-ASM-2023-0197,PHOTO,/evidence/MP-ASM-2023-0197/photo_920.jpg,Site progress photo,2023-07-08,Field Officer App,sha256:9c1d33bd754ba678c0038019a2654004
MP-TEL-2022-0101,PHOTO,/evidence/MP-TEL-2022-0101/photo_729.jpg,Site progress photo,2022-12-22,Field Officer App,sha256:284ff2f357be79a63e80094f04c5a8ea
MP-PUN-2024-0182,PHOTO,/evidence/MP-PUN-2024-0182/photo_740.jpg,Site progress photo,2025-04-09,Field Officer App,sha256:cdee27d88e8d50f53df76dbac89ff15f
MP-WB-2022-0107,PHOTO,/evidence/MP-WB-2022-0107/photo_16.jpg,Site progress photo,2022-10-20,Field Officer App,sha256:0e81dacfd36aad1dbde27adcfc9a7ed9
MP-ODI-2025-0130,PHOTO,/evidence/MP-ODI-2025-0130/photo_841.jpg,Site progress photo,2025-07-08,Field Officer App,sha256:171c811149e49bf3c1ba063feb2ddc13
MP-ODI-2024-0173,PHOTO,/evidence/MP-ODI-2024-0173/photo_845.jpg,Site progress photo,2024-12-05,Field Officer App,sha256:de6908ac97eeff5a2b1f5ff9da27b78b
MP-PUN-2022-0102,PHOTO,/evidence/MP-PUN-2022-0102/photo_236.jpg,Site progress photo,2022-12-03,Field Officer App,sha256:c7a3a747b33b68144b4e6538826e9e3f
MP-PUN-2024-0183,PHOTO,/evidence/MP-PUN-2024-0183/photo_218.jpg,Site progress photo,2025-04-25,Field Officer App,sha256:3bfaf2185e075b104e5139e9b4ad7cbb
MP-DEL-2022-0114,PHOTO,/evidence/MP-DEL-2022-0114/photo_121.jpg,Site progress photo,2023-03-12,Field Officer App,sha256:703e83ef6e8b9aaca0df13d9d2bda1e0
MP-TEL-2025-0129,PHOTO,/evidence/MP-TEL-2025-0129/photo_629.jpg,Site progress photo,2025-02-03,Field Officer App,sha256:189c9e8beea8762aa9ed630f1548f39a
MP-TN-2022-0085,PHOTO,/evidence/MP-TN-2022-0085/photo_61.jpg,Site progress photo,2023-02-26,Field Officer App,sha256:6973a091002bb5b03a301b46a5dcd7da
MP-KER-2023-0192,PHOTO,/evidence/MP-KER-2023-0192/photo_190.jpg,Site progress photo,2023-03-16,Field Officer App,sha256:f248465a62a06c4970d7c2e41e1b524f
MP-BHR-2022-0114,PHOTO,/evidence/MP-BHR-2022-0114/photo_756.jpg,Site progress photo,2023-01-10,Field Officer App,sha256:4a610b2bca09e7927b6918356b58b6b6
MP-DEL-2024-0199,PHOTO,/evidence/MP-DEL-2024-0199/photo_60.jpg,Site progress photo,2024-08-14,Field Officer App,sha256:f7a20eab31de7d5d911f582da33a2649
MP-MH-2022-0112,PHOTO,/evidence/MP-MH-2022-0112/photo_583.jpg,Site progress photo,2022-11-25,Field Officer App,sha256:67b00b8d8abb9e7e7fa30877b10ab2fd
MP-NAG-2024-0174,PHOTO,/evidence/MP-NAG-2024-0174/photo_38.jpg,Site progress photo,2024-09-06,Field Officer App,sha256:0db02cb57c3df315359731dd840f9fff
MP-WB-2022-0108,PHOTO,/evidence/MP-WB-2022-0108/photo_394.jpg,Site progress photo,2023-04-15,Field Officer App,sha256:3ab97c5c7ac910eb0227553f33c95ce4
MP-NAG-2023-0191,PHOTO,/evidence/MP-NAG-2023-0191/photo_291.jpg,Site progress photo,2023-07-12,Field Officer App,sha256:bbe5dcb32e1b474246177dabb2167b93
MP-WB-2025-0121,PHOTO,/evidence/MP-WB-2025-0121/photo_790.jpg,Site progress photo,2025-07-22,Field Officer App,sha256:9d7c1b20320954fee9109e30f2dbfb2e
MP-ASM-2025-0142,PHOTO,/evidence/MP-ASM-2025-0142/photo_210.jpg,Site progress photo,2026-02-02,Field Officer App,sha256:915ec82b48eb6e6573e51851a07f56b5
MP-WB-2023-0181,PHOTO,/evidence/MP-WB-2023-0181/photo_545.jpg,Site progress photo,2023-08-22,Field Officer App,sha256:5ce9e7166038e45325a8aabed992585b
MP-PUN-2025-0146,PHOTO,/evidence/MP-PUN-2025-0146/photo_966.jpg,Site progress photo,2025-03-30,Field Officer App,sha256:9493df1fb9f2f6eeb8cb536d1090fe54
MP-KAR-2025-0149,PHOTO,/evidence/MP-KAR-2025-0149/photo_51.jpg,Site progress photo,2025-09-05,Field Officer App,sha256:20c2e5e82c136a502343561a91325fad
MP-KER-2025-0137,PHOTO,/evidence/MP-KER-2025-0137/photo_475.jpg,Site progress photo,2025-04-30,Field Officer App,sha256:8690da9ee5ba5f1a00576d003e267496
MP-DEL-2023-0209,PHOTO,/evidence/MP-DEL-2023-0209/photo_546.jpg,Site progress photo,2024-03-30,Field Officer App,sha256:7dbee2937c1f83fb62f0fc236d8e0111
MP-GUJ-2023-0161,PHOTO,/evidence/MP-GUJ-2023-0161/photo_292.jpg,Site progress photo,2023-10-11,Field Officer App,sha256:438692bb791eb875a28179734bd786a2
MP-KER-2025-0138,PHOTO,/evidence/MP-KER-2025-0138/photo_450.jpg,Site progress photo,2025-09-28,Field Officer App,sha256:572088cc7125cc63846caec9eedf05e5
MP-ASM-2023-0198,PHOTO,/evidence/MP-ASM-2023-0198/photo_605.jpg,Site progress photo,2024-04-26,Field Officer App,sha256:8629bb48b4f405a31bcfcab71adb9116
MP-WB-2025-0122,PHOTO,/evidence/MP-WB-2025-0122/photo_38.jpg,Site progress photo,2025-05-23,Field Officer App,sha256:53008018b2e5e431b1f346ca5ea7dab1
MP-ASM-2024-0213,PHOTO,/evidence/MP-ASM-2024-0213/photo_672.jpg,Site progress photo,2024-08-11,Field Officer App,sha256:5221170308c1efd9a830994047b3a1af
MP-ODI-2023-0217,PHOTO,/evidence/MP-ODI-2023-0217/photo_508.jpg,Site progress photo,2024-02-10,Field Officer App,sha256:6337bfccc89805cea28619f92477ef10
MP-RAJ-2025-0140,PHOTO,/evidence/MP-RAJ-2025-0140/photo_12.jpg,Site progress photo,2025-08-23,Field Officer App,sha256:e261519a6028f006208c24f798c5e3e7
MP-WB-2023-0182,PHOTO,/evidence/MP-WB-2023-0182/photo_62.jpg,Site progress photo,2023-12-05,Field Officer App,sha256:550dfd5b50863b7d86395774ad61619e
MP-TN-2023-0162,PHOTO,/evidence/MP-TN-2023-0162/photo_979.jpg,Site progress photo,2023-07-28,Field Officer App,sha256:dd664eada60bae7207d52231ad775926
MP-KER-2023-0193,PHOTO,/evidence/MP-KER-2023-0193/photo_218.jpg,Site progress photo,2023-09-29,Field Officer App,sha256:519db90a1cac650719ae147943172ffa
MP-DEL-2022-0116,PHOTO,/evidence/MP-DEL-2022-0116/photo_914.jpg,Site progress photo,2022-11-21,Field Officer App,sha256:a477d495d73c35d4cdddcc9652cc4426
MP-MP-2024-0188,PHOTO,/evidence/MP-MP-2024-0188/photo_447.jpg,Site progress photo,2024-10-07,Field Officer App,sha256:f6aa63c9c2df4ba7e4425e631db34983
MP-KER-2022-0120,PHOTO,/evidence/MP-KER-2022-0120/photo_37.jpg,Site progress photo,2022-11-19,Field Officer App,sha256:04b1c8001a48e30324425cdf744e1ada
MP-ODI-2023-0218,PHOTO,/evidence/MP-ODI-2023-0218/photo_758.jpg,Site progress photo,2023-07-17,Field Officer App,sha256:9b47438786c474bf75563b80e96abaad
MP-TN-2023-0163,PHOTO,/evidence/MP-TN-2023-0163/photo_146.jpg,Site progress photo,2023-11-05,Field Officer App,sha256:cbee43b078dfd9a9ea99005eda8fe7bc
MP-PUN-2023-0165,PHOTO,/evidence/MP-PUN-2023-0165/photo_368.jpg,Site progress photo,2023-10-18,Field Officer App,sha256:973cc2dec5b394f9b489ed6ed3edd74f
MP-NAG-2022-0106,PHOTO,/evidence/MP-NAG-2022-0106/photo_247.jpg,Site progress photo,2023-02-02,Field Officer App,sha256:5121521ea45522bb6288c8912f64fb0f
MP-TEL-2022-0102,PHOTO,/evidence/MP-TEL-2022-0102/photo_811.jpg,Site progress photo,2023-05-28,Field Officer App,sha256:57f05ec8a6d353559b68abdf6a53bd3c
MP-PUN-2022-0104,PHOTO,/evidence/MP-PUN-2022-0104/photo_440.jpg,Site progress photo,2022-08-27,Field Officer App,sha256:61066a1f1ab62129e53dbd4c42bf1e0c
MP-TEL-2024-0175,PHOTO,/evidence/MP-TEL-2024-0175/photo_421.jpg,Site progress photo,2025-02-13,Field Officer App,sha256:5460f5f223fbbc99a391e255c15ed1d6
MP-KER-2025-0139,PHOTO,/evidence/MP-KER-2025-0139/photo_874.jpg,Site progress photo,2025-03-24,Field Officer App,sha256:da11c5c552ea2963ad5604719c17b6b9
MP-ASM-2025-0144,PHOTO,/evidence/MP-ASM-2025-0144/photo_264.jpg,Site progress photo,2025-10-13,Field Officer App,sha256:f0a42cfeefa400c28010230a969ac423
MP-DEL-2025-0147,PHOTO,/evidence/MP-DEL-2025-0147/photo_794.jpg,Site progress photo,2025-10-29,Field Officer App,sha256:df55529a0b8a587740f522b18fe0e678
MP-ASM-2024-0215,PHOTO,/evidence/MP-ASM-2024-0215/photo_713.jpg,Site progress photo,2024-10-08,Field Officer App,sha256:9bf0ac0815c820c347fa800d9d54ed77
MP-PUN-2023-0166,PHOTO,/evidence/MP-PUN-2023-0166/photo_384.jpg,Site progress photo,2023-04-19,Field Officer App,sha256:d3e022fd1e042e64bfb5d4d57e8694a9
MP-KAR-2022-0107,PHOTO,/evidence/MP-KAR-2022-0107/photo_979.jpg,Site progress photo,2022-09-25,Field Officer App,sha256:49040aa301e9d0e589805043cf20c02e
MP-GUJ-2023-0162,PHOTO,/evidence/MP-GUJ-2023-0162/photo_513.jpg,Site progress photo,2024-04-09,Field Officer App,sha256:333a2a4211c824e33d0da5af1431b740
MP-GUJ-2023-0163,PHOTO,/evidence/MP-GUJ-2023-0163/photo_139.jpg,Site progress photo,2024-01-08,Field Officer App,sha256:ffc9fdc7b2ee5852ac69c1fd6c0fb884
MP-RAJ-2023-0178,PHOTO,/evidence/MP-RAJ-2023-0178/photo_361.jpg,Site progress photo,2024-02-03,Field Officer App,sha256:044433c64078440cf1a2c99c6f7334ac
MP-MP-2025-0150,PHOTO,/evidence/MP-MP-2025-0150/photo_800.jpg,Site progress photo,2025-05-15,Field Officer App,sha256:4c4aa05482ffd88d139b8306452d9722
MP-MH-2024-0188,PHOTO,/evidence/MP-MH-2024-0188/photo_712.jpg,Site progress photo,2025-02-15,Field Officer App,sha256:ee61372428f6462ca28910368e81f425
MP-TN-2022-0086,PHOTO,/evidence/MP-TN-2022-0086/photo_709.jpg,Site progress photo,2023-01-11,Field Officer App,sha256:23e4c83c7f6e07982e3465b09beae054
MP-KER-2022-0121,PHOTO,/evidence/MP-KER-2022-0121/photo_197.jpg,Site progress photo,2022-11-24,Field Officer App,sha256:6772c687230c9965e03b5d2e1f41363f
MP-DEL-2023-0210,PHOTO,/evidence/MP-DEL-2023-0210/photo_804.jpg,Site progress photo,2024-02-02,Field Officer App,sha256:143b6584fda265b9089fe23fdae715f4
MP-DEL-2024-0201,PHOTO,/evidence/MP-DEL-2024-0201/photo_507.jpg,Site progress photo,2025-03-11,Field Officer App,sha256:13e939471bb3eb290eb0087d0e047393
MP-RAJ-2023-0180,PHOTO,/evidence/MP-RAJ-2023-0180/photo_52.jpg,Site progress photo,2024-06-06,Field Officer App,sha256:a40e9ad2e6721edaacaa5e5bb15056bb
MP-NAG-2022-0107,PHOTO,/evidence/MP-NAG-2022-0107/photo_64.jpg,Site progress photo,2023-02-27,Field Officer App,sha256:bfab7256630f8485aecadad404f33965
MP-TEL-2023-0180,PHOTO,/evidence/MP-TEL-2023-0180/photo_256.jpg,Site progress photo,2023-04-30,Field Officer App,sha256:e778645450d1d07b5a4a15f886a41bbc
MP-RAJ-2024-0186,PHOTO,/evidence/MP-RAJ-2024-0186/photo_318.jpg,Site progress photo,2024-12-10,Field Officer App,sha256:df38c27a45eb7f6cf4c80b9caf7d3659
MP-ASM-2023-0199,PHOTO,/evidence/MP-ASM-2023-0199/photo_766.jpg,Site progress photo,2023-04-19,Field Officer App,sha256:17338d91b11e5a0c73396e4573bdba14
MP-KER-2025-0140,PHOTO,/evidence/MP-KER-2025-0140/photo_147.jpg,Site progress photo,2025-11-22,Field Officer App,sha256:ec5ade00d32d5651756ea65537465bc9
MP-WB-2022-0109,PHOTO,/evidence/MP-WB-2022-0109/photo_11.jpg,Site progress photo,2023-02-05,Field Officer App,sha256:1eff918e423e7d53ed9e61d8d5813d46
MP-GUJ-2023-0164,PHOTO,/evidence/MP-GUJ-2023-0164/photo_14.jpg,Site progress photo,2024-05-10,Field Officer App,sha256:1f7cd80aa24387f3fa7c66fa15bfe9e4
MP-RAJ-2023-0181,PHOTO,/evidence/MP-RAJ-2023-0181/photo_910.jpg,Site progress photo,2023-05-11,Field Officer App,sha256:20755bd89dc61b660151229522678a25
MP-GUJ-2025-0125,PHOTO,/evidence/MP-GUJ-2025-0125/photo_134.jpg,Site progress photo,2025-06-14,Field Officer App,sha256:e5c361d52e8f96100412632c1d15cf65
MP-MP-2024-0190,PHOTO,/evidence/MP-MP-2024-0190/photo_650.jpg,Site progress photo,2024-08-11,Field Officer App,sha256:314169c23dc1908ce7476632640bbeef
MP-MP-2023-0184,PHOTO,/evidence/MP-MP-2023-0184/photo_866.jpg,Site progress photo,2025-01-02,Field Officer App,sha256:156a5be1b6bb90f75614d9f780245763
MP-KER-2023-0194,PHOTO,/evidence/MP-KER-2023-0194/photo_449.jpg,Site progress photo,2024-01-04,Field Officer App,sha256:84d099b9544e7308df3382c410eed4fd
MP-RAJ-2025-0143,PHOTO,/evidence/MP-RAJ-2025-0143/photo_420.jpg,Site progress photo,2025-12-03,Field Officer App,sha256:18a1140aae9a8f6c494967916c4a1acd
MP-NAG-2025-0130,PHOTO,/evidence/MP-NAG-2025-0130/photo_578.jpg,Site progress photo,2025-07-11,Field Officer App,sha256:e0d012a568410aadddcea9c9b3b7defd
MP-KAR-2025-0150,PHOTO,/evidence/MP-KAR-2025-0150/photo_945.jpg,Site progress photo,2025-08-30,Field Officer App,sha256:eb6ff934d6a32379abf10279f4936a33
MP-WB-2023-0184,PHOTO,/evidence/MP-WB-2023-0184/photo_870.jpg,Site progress photo,2024-03-11,Field Officer App,sha256:295f85fd9e5148c495d4c84b29fbe21c
MP-KER-2023-0195,PHOTO,/evidence/MP-KER-2023-0195/photo_14.jpg,Site progress photo,2024-01-12,Field Officer App,sha256:44ae6637b2b703e1a63775ada0639ad2
MP-MP-2025-0151,PHOTO,/evidence/MP-MP-2025-0151/photo_822.jpg,Site progress photo,2025-10-26,Field Officer App,sha256:61b2b584d5b92a897a942ebdecd7d297
MP-ASM-2024-0219,PHOTO,/evidence/MP-ASM-2024-0219/photo_740.jpg,Site progress photo,2024-10-30,Field Officer App,sha256:6083839bbef0a3e62642a1d5c0cc7772
MP-UP-2023-0184,PHOTO,/evidence/MP-UP-2023-0184/photo_435.jpg,Site progress photo,2023-05-17,Field Officer App,sha256:c6b9e3404a3ff6622a299a139b4a705d
MP-UP-2022-0105,PHOTO,/evidence/MP-UP-2022-0105/photo_93.jpg,Site progress photo,2023-05-11,Field Officer App,sha256:ee081b3d9e04adbce8ecdeda1e24a936
MP-DEL-2025-0149,PHOTO,/evidence/MP-DEL-2025-0149/photo_338.jpg,Site progress photo,2025-09-01,Field Officer App,sha256:391a680d5b160dac2d0693c1aec760c8
MP-UP-2024-0180,PHOTO,/evidence/MP-UP-2024-0180/photo_949.jpg,Site progress photo,2025-03-12,Field Officer App,sha256:3c57f9acff2a3f1e64f57aa6c9b2928e
MP-KAR-2023-0211,PHOTO,/evidence/MP-KAR-2023-0211/photo_905.jpg,Site progress photo,2023-12-21,Field Officer App,sha256:fbd1015f80bd12765f7bf121b80297e8
MP-NAG-2022-0108,PHOTO,/evidence/MP-NAG-2022-0108/photo_569.jpg,Site progress photo,2022-10-26,Field Officer App,sha256:24e797f41e7685a67e37215a86fe41ff
MP-PUN-2022-0105,PHOTO,/evidence/MP-PUN-2022-0105/photo_187.jpg,Site progress photo,2023-04-03,Field Officer App,sha256:1b88da667616e29c0506b768a1d0a70b
MP-DEL-2023-0212,PHOTO,/evidence/MP-DEL-2023-0212/photo_831.jpg,Site progress photo,2023-07-06,Field Officer App,sha256:c643b6ef0befe5a0b4e885f05f467ccf
MP-UP-2024-0181,PHOTO,/evidence/MP-UP-2024-0181/photo_854.jpg,Site progress photo,2024-05-10,Field Officer App,sha256:d71e9179d7846e6a549012fc20bb38f6
MP-UP-2022-0106,PHOTO,/evidence/MP-UP-2022-0106/photo_961.jpg,Site progress photo,2022-10-21,Field Officer App,sha256:c224e2aaa59bfbab89c70fff2dbe894d
MP-BHR-2022-0116,PHOTO,/evidence/MP-BHR-2022-0116/photo_193.jpg,Site progress photo,2022-09-21,Field Officer App,sha256:1436516830e1341ab01fdb99952a1c36
MP-KAR-2023-0212,PHOTO,/evidence/MP-KAR-2023-0212/photo_595.jpg,Site progress photo,2023-07-07,Field Officer App,sha256:56217ec017a6101b64c1e239043f2040
MP-PUN-2023-0167,PHOTO,/evidence/MP-PUN-2023-0167/photo_95.jpg,Site progress photo,2024-01-25,Field Officer App,sha256:2a78e45a3854610af189e9627f69812e
MP-KAR-2022-0110,PHOTO,/evidence/MP-KAR-2022-0110/photo_312.jpg,Site progress photo,2022-08-27,Field Officer App,sha256:1a8ab889f2972a976ca85468282e1479
MP-NAG-2025-0131,PHOTO,/evidence/MP-NAG-2025-0131/photo_51.jpg,Site progress photo,2025-09-02,Field Officer App,sha256:6e49046800bf8b97228c3b14131cf2ee
MP-PUN-2022-0106,PHOTO,/evidence/MP-PUN-2022-0106/photo_529.jpg,Site progress photo,2024-08-10,Field Officer App,sha256:1f52721a30c2f3d9e6848b5270b19b98
MP-BHR-2024-0192,PHOTO,/evidence/MP-BHR-2024-0192/photo_690.jpg,Site progress photo,2024-12-08,Field Officer App,sha256:fd99dcbb2398180fb7d7d5428bbb3f12
MP-MH-2022-0114,PHOTO,/evidence/MP-MH-2022-0114/photo_490.jpg,Site progress photo,2023-05-12,Field Officer App,sha256:81e498c645e1bf1079b263f064b2948f
MP-ASM-2023-0200,PHOTO,/evidence/MP-ASM-2023-0200/photo_822.jpg,Site progress photo,2024-01-16,Field Officer App,sha256:d9c08a43153b6082adf2f30a6f8a2cd0
MP-WB-2025-0123,PHOTO,/evidence/MP-WB-2025-0123/photo_645.jpg,Site progress photo,2026-01-29,Field Officer App,sha256:bffd6a753f7f95df5483abc89971e3bf
MP-ASM-2022-0086,PHOTO,/evidence/MP-ASM-2022-0086/photo_108.jpg,Site progress photo,2022-08-22,Field Officer App,sha256:04dfea10c67cac7b8ef5ee7aedd32a37
MP-BHR-2024-0193,PHOTO,/evidence/MP-BHR-2024-0193/photo_448.jpg,Site progress photo,2024-08-11,Field Officer App,sha256:b53e980b7df526a8c6333b26ff2a1ab0
MP-KER-2022-0122,PHOTO,/evidence/MP-KER-2022-0122/photo_3.jpg,Site progress photo,2023-04-15,Field Officer App,sha256:6abc43525c087e38d1b112bbb72f5f3d
MP-WB-2023-0185,PHOTO,/evidence/MP-WB-2023-0185/photo_316.jpg,Site progress photo,2023-09-08,Field Officer App,sha256:8c2fec6de60fe5f30fd9c86bb0b4c229
MP-TN-2023-0166,PHOTO,/evidence/MP-TN-2023-0166/photo_726.jpg,Site progress photo,2023-04-06,Field Officer App,sha256:c1151e744950a67b24b2e5de08f9491b
MP-MH-2025-0069,PHOTO,/evidence/MP-MH-2025-0069/photo_reused.jpg,Site progress photo,2025-07-31,Field Officer App,sha256:ee850f9890a58c501a90eeac21dcff64
MP-GUJ-2023-0084,PHOTO,/evidence/MP-GUJ-2023-0084/photo_reused.jpg,Site progress photo,2022-12-28,Field Officer App,sha256:ee850f9890a58c501a90eeac21dcff64
MP-TN-2024-0141,PHOTO,/evidence/MP-TN-2024-0141/photo_reused.jpg,Site progress photo,2024-03-19,Field Officer App,sha256:ee850f9890a58c501a90eeac21dcff64
MP-KER-2022-0112,PHOTO,/evidence/MP-KER-2022-0112/photo_reused.jpg,Site progress photo,2022-08-25,Field Officer App,sha256:ee850f9890a58c501a90eeac21dcff64
MP-ASM-2022-0001,PHOTO,/evidence/MP-ASM-2022-0001/photo_reused.jpg,Site progress photo,2022-07-11,Field Officer App,sha256:ee850f9890a58c501a90eeac21dcff64
MP-DEL-2025-0137,PHOTO,/evidence/MP-DEL-2025-0137/photo_reused.jpg,Site progress photo,2025-03-05,Field Officer App,sha256:6698a4b62b66e5da730dc44c80db392a
MP-KAR-2024-0133,PHOTO,/evidence/MP-KAR-2024-0133/photo_reused.jpg,Site progress photo,2024-10-15,Field Officer App,sha256:6698a4b62b66e5da730dc44c80db392a
MP-MP-2024-0119,PHOTO,/evidence/MP-MP-2024-0119/photo_reused.jpg,Site progress photo,2024-09-09,Field Officer App,sha256:6698a4b62b66e5da730dc44c80db392a
MP-KAR-2025-0082,PHOTO,/evidence/MP-KAR-2025-0082/photo_reused.jpg,Site progress photo,2025-05-28,Field Officer App,sha256:6698a4b62b66e5da730dc44c80db392a
MP-RAJ-2024-0097,PHOTO,/evidence/MP-RAJ-2024-0097/photo_reused.jpg,Site progress photo,2024-06-01,Field Officer App,sha256:6698a4b62b66e5da730dc44c80db392a
MP-RAJ-2024-0038,PHOTO,/evidence/MP-RAJ-2024-0038/photo_reused.jpg,Site progress photo,2024-05-27,Field Officer App,sha256:81c5f9bc979c06a15cb80eea6e5b509e
MP-MP-2023-0003,PHOTO,/evidence/MP-MP-2023-0003/photo_reused.jpg,Site progress photo,2023-08-13,Field Officer App,sha256:81c5f9bc979c06a15cb80eea6e5b509e
MP-KAR-2022-0017,PHOTO,/evidence/MP-KAR-2022-0017/photo_reused.jpg,Site progress photo,2022-10-03,Field Officer App,sha256:81c5f9bc979c06a15cb80eea6e5b509e
MP-TEL-2022-0099,PHOTO,/evidence/MP-TEL-2022-0099/photo_reused.jpg,Site progress photo,2022-06-09,Field Officer App,sha256:81c5f9bc979c06a15cb80eea6e5b509e
MP-MP-2025-0104,PHOTO,/evidence/MP-MP-2025-0104/photo_reused.jpg,Site progress photo,2025-03-11,Field Officer App,sha256:81c5f9bc979c06a15cb80eea6e5b509e
MP-NAG-2022-0014,PHOTO,/evidence/MP-NAG-2022-0014/photo_reused.jpg,Site progress photo,2022-11-13,Field Officer App,sha256:94f87226c823c3dc70d6e7cdea02203c
MP-MH-2022-0058,PHOTO,/evidence/MP-MH-2022-0058/photo_reused.jpg,Site progress photo,2022-09-21,Field Officer App,sha256:94f87226c823c3dc70d6e7cdea02203c
MP-KER-2025-0090,PHOTO,/evidence/MP-KER-2025-0090/photo_reused.jpg,Site progress photo,2025-03-29,Field Officer App,sha256:94f87226c823c3dc70d6e7cdea02203c
MP-DEL-2025-0091,PHOTO,/evidence/MP-DEL-2025-0091/photo_reused.jpg,Site progress photo,2025-06-01,Field Officer App,sha256:94f87226c823c3dc70d6e7cdea02203c
MP-KER-2025-0116,PHOTO,/evidence/MP-KER-2025-0116/photo_reused.jpg,Site progress photo,2024-12-25,Field Officer App,sha256:94f87226c823c3dc70d6e7cdea02203c
MP-RAJ-2023-0087,PHOTO,/evidence/MP-RAJ-2023-0087/photo_reused.jpg,Site progress photo,2023-08-07,Field Officer App,sha256:6f7de3e28b462a92fd0bbf49d77c21b4
MP-KER-2022-0018,PHOTO,/evidence/MP-KER-2022-0018/photo_reused.jpg,Site progress photo,2022-08-31,Field Officer App,sha256:6f7de3e28b462a92fd0bbf49d77c21b4
MP-UP-2023-0053,PHOTO,/evidence/MP-UP-2023-0053/photo_reused.jpg,Site progress photo,2023-10-25,Field Officer App,sha256:6f7de3e28b462a92fd0bbf49d77c21b4
MP-TN-2025-0086,PHOTO,/evidence/MP-TN-2025-0086/photo_reused.jpg,Site progress photo,2025-06-22,Field Officer App,sha256:6f7de3e28b462a92fd0bbf49d77c21b4
MP-NAG-2023-0092,PHOTO,/evidence/MP-NAG-2023-0092/photo_reused.jpg,Site progress photo,2023-01-31,Field Officer App,sha256:6f7de3e28b462a92fd0bbf49d77c21b4
MP-PUN-2023-0111,PHOTO,/evidence/MP-PUN-2023-0111/photo_reused.jpg,Site progress photo,2023-09-08,Field Officer App,sha256:b4878c41e8c2f086704be1ab7e7e417f
MP-UP-2023-0040,PHOTO,/evidence/MP-UP-2023-0040/photo_reused.jpg,Site progress photo,2023-08-20,Field Officer App,sha256:b4878c41e8c2f086704be1ab7e7e417f
MP-DEL-2024-0077,PHOTO,/evidence/MP-DEL-2024-0077/photo_reused.jpg,Site progress photo,2024-05-25,Field Officer App,sha256:b4878c41e8c2f086704be1ab7e7e417f
MP-MP-2025-0043,PHOTO,/evidence/MP-MP-2025-0043/photo_reused.jpg,Site progress photo,2025-08-30,Field Officer App,sha256:b4878c41e8c2f086704be1ab7e7e417f
MP-RAJ-2024-0063,PHOTO,/evidence/MP-RAJ-2024-0063/photo_reused.jpg,Site progress photo,2024-12-14,Field Officer App,sha256:b4878c41e8c2f086704be1ab7e7e417f
